chrom	chromStart	chromEnd	name	EffectSize	chrTSS	startTSS	endTSS	measuredGeneSymbol	measuredGeneEnsemblId	Significant	pValueAdjusted	PowerAtEffectSize10	PowerAtEffectSize15	PowerAtEffectSize20	PowerAtEffectSize25	PowerAtEffectSize50	ValidConnection	CellType	Reference	Regulated	Dataset	distanceToTSS	measuredGeneUbiquitousExpressed	elementChromatinCategory	H3K27ac_peak_overlap	H3K27ac.RPM	H3K27ac.percentile	H3K27ac.RPM.expandedRegion	H3K27ac.expandedRegion.percentile	DHS.RPM	DHS.percentile	CTCF_peak_overlap	CTCF.RPM	H3K27me3_peak_overlap	H3K27me3.RPM	H3K4me1_peak_overlap	H3K4me1.RPM	direct_vs_indirect_negative	direct_rate_negative	indirect_rate_negative	imputed_indirect_rate
chr1	3774714	3775214	CEP104|chr1:3691278-3691778:*	-0.293431866	chr1	3857213	3857214	CEP104	ENSG00000116198	True	0.004023984	0.0	0.0	0.0	0.825093632	0.0	True	K562	Nasser et al., 2021 from Ulirsch et al., 2016	True	Nasser2021	82268	True	H3K27ac	1	2.661037	0.870244236973768	5.045357	0.899990648233296	19.289982	0.991762652161037	0	0.216638	0	0.199229	0	1.138762	0.862615473841406	0.0159590607507427	0.0025417211557928	True
chr1	3774714	3775214	LRRC47|chr1:3691278-3691778:*	-0.331178093	chr1	3796503	3796504	LRRC47	ENSG00000130764	True	0.007771168	0.0	0.0	0.0	0.608994236	0.0	True	K562	Nasser et al., 2021 from Ulirsch et al., 2016	True	Nasser2021	21539	True	H3K27ac	1	2.661037	0.870244236973768	5.045357	0.899990648233296	19.289982	0.991762652161037	0	0.216638	0	0.199229	0	1.138762	0.975401573846522	0.100786887753338	0.0025417211557928	True
chr1	3774714	3775214	SMIM1|chr1:3691278-3691778:*	-0.472019217	chr1	3772761	3772762	SMIM1	ENSG00000235169	True	0.000641649	0.0	0.0	0.0	0.639332272	0.0	True	K562	Nasser et al., 2021 from Ulirsch et al., 2016	True	Nasser2021	2177	False	H3K27ac	1	2.661037	0.870244236973768	5.045357	0.899990648233296	19.289982	0.991762652161037	0	0.216638	0	0.199229	0	1.138762	0.997464722811872	1.0	0.0025417211557928	True
chr1	8858063	8858563	ENO1|chr1:8918122-8918622:.	-0.107409455981821	chr1	8879248	8879249	ENO1	ENSG00000074800	True	0.0043960800464262	0.25	0.45	0.8	0.85	1.0	True	K562	Gasperini et al., 2019	True	Gasperini2019	20778	True	H3K27ac	1	1.747064	0.818786140681744	2.463242	0.821311117691984	4.388195	0.896249941551458	0	0.108319	0	0.242357	1	2.08429	0.996736865702615	0.105897995648782	0.0003466906798739	False
chr1	17441310	17441810	SDHB|chr1:17767806-17768306:.	-0.0896782058856451	chr1	17054169	17054170	SDHB	ENSG00000117118	True	0.0121193812087617	0.5	0.85	0.9	0.95	1.0	True	K562	Gasperini et al., 2019	True	Gasperini2019	387389	True	High H3K27ac	1	4.338981	0.916512102744744	6.211779	0.917439486276282	1.617235	0.695109026013498	1	1.516465	0	0.318594	1	2.855252	0.845337212341688	0.0018949001069147	0.0003466906798739	False
chr1	25933351	25933954	NUDC|chr1:26259842-26260445:.	-0.0846214098812692	chr1	26900238	26900239	NUDC	ENSG00000090273	True	0.0279941931333628	0.55	1.0	1.0	1.0	1.0	True	K562	Gasperini et al., 2019	True	Gasperini2019	988068	True	High H3K27ac	1	9.738997	0.969396343459218	19.014264	0.982574541373775	14.140866	0.983104474820368	0	1.08319	0	0.242045	1	4.013062	0.601284815822156	0.0005228289512602	0.0003466906798739	False
chr1	25933351	25933954	STMN1|chr1:26259842-26260445:.	-0.122234975903461	chr1	25906990	25906991	STMN1	ENSG00000117632	True	4.58113022712261e-06	0.5	0.85	1.0	1.0	1.0	True	K562	Gasperini et al., 2019	True	Gasperini2019	27149	False	High H3K27ac	1	9.738997	0.969396343459218	19.014264	0.982574541373775	14.140866	0.983104474820368	0	1.08319	0	0.242045	1	4.013062	0.995293050110982	0.0733083700384892	0.0003466906798739	False
chr1	26377523	26378866	LIN28A|chr1:26704014-26705357:.	-0.0517160214575402	chr1	26410778	26410779	LIN28A	ENSG00000131914	True	0.009664204848783	0.1	0.4	0.6	0.9	1.0	True	K562	Gasperini et al., 2019	True	Gasperini2019	32572	False	High H3K27ac	1	43.68836	0.998971305662495	45.946946	0.998043922130956	35.621154	0.998846615439767	0	1.841422	0	0.732493	1	7.454733	0.993961533422642	0.057067004574127	0.0003466906798739	False
chr1	28883765	28884265	EPB41|chr1:29210277-29210777:.	-0.265214197716918	chr1	28887091	28887092	EPB41	ENSG00000159023	True	1.25439589725502e-58	0.6	0.85	1.0	1.0	1.0	True	K562	Gasperini et al., 2019	True	Gasperini2019	3074	False	High H3K27ac	1	21.766965	0.993313486806216	39.431715	0.996913916987484	39.336181	0.999251858663633	1	9.640388	0	0.118741	1	1.794719	0.999653429472898	1.0	0.0003466906798739	False
chr1	28884388	28885427	EPB41|chr1:29210900-29211939:.	-0.199432411592418	chr1	28887091	28887092	EPB41	ENSG00000159023	True	1.25640259840756e-37	0.45	0.75	0.9	1.0	1.0	True	K562	Gasperini et al., 2019	True	Gasperini2019	2182	False	High H3K27ac	1	70.179824	0.999758412693465	73.95655	0.999594756776134	31.675656	0.998238750603968	1	2.599655	0	0.544067	1	7.117344	0.999653429472898	1.0	0.0003466906798739	False
chr1	67682485	67683200	GADD45A|chr1:68148168-68148883:.	-0.0804271540076778	chr1	67685061	67685062	GADD45A	ENSG00000116717	True	0.0218865199813942	0.65	0.9	0.95	1.0	1.0	True	K562	Gasperini et al., 2019	True	Gasperini2019	2333	False	High H3K27ac	1	7.432618	0.954955657039542	10.134586	0.952804750697486	2.598171	0.809816237784255	0	0.758233	0	0.31485	1	3.274955	0.999653429472898	1.0	0.0003466906798739	False
chr1	70674818	70676268	PTGER3|chr1:71140501-71141951:.	-0.0720910865246828	chr1	71047807	71047808	PTGER3	ENSG00000050628	True	7.05747936153275e-09	0.25	0.5	0.65	0.8	1.0	True	K562	Gasperini et al., 2019	True	Gasperini2019	372264	False	High H3K27ac	1	15.448819	0.985925591109587	17.349806	0.979223491637962	23.652291	0.995300737230942	0	2.166379	0	0.625568	1	6.596285	0.852363362837685	0.0020015792789762	0.0003466906798739	False
chr1	95084201	95084944	TMEM56|chr1:95549757-95550500:.	-0.121579208908826	chr1	95117338	95117339	TMEM56	ENSG00000152078	True	0.0133980729551526	0.25	0.25	0.4	0.6	1.0	True	K562	Gasperini et al., 2019	True	Gasperini2019	32764	False	High H3K27ac	1	18.007409	0.989814367430914	24.584392	0.989946850792562	5.526023	0.9230739257158	1	11.590129	0	0.518135	1	5.676829	0.993912826634063	0.0566076063365339	0.0003466906798739	False
chr1	95085335	95085835	TMEM56|chr1:95550891-95551391:.	-0.232876715711768	chr1	95117338	95117339	TMEM56	ENSG00000152078	True	1.5858967164011399e-43	0.3	0.5	0.8	0.8	1.0	True	K562	Gasperini et al., 2019	True	Gasperini2019	31751	False	High H3K27ac	1	14.914752	0.984951448744525	20.89541	0.985613865552767	7.117109	0.945814305085803	0	0.108319	0	0.212916	1	1.537953	0.994168640100598	0.059106110357062	0.0003466906798739	False
chr1	95086848	95087635	TMEM56|chr1:95552404-95553191:.	-0.0941626684501351	chr1	95117338	95117339	TMEM56	ENSG00000152078	True	4.74109566032071e-05	0.25	0.45	0.6	0.8	1.0	True	K562	Gasperini et al., 2019	True	Gasperini2019	30095	False	High H3K27ac	1	9.27209	0.967011642949547	11.25592	0.95885222649979	3.263024	0.852062843872255	0	0.541595	0	0.161987	1	4.094061	0.994580521957429	0.0636245399719751	0.0003466906798739	False
chr1	95115581	95116081	TMEM56|chr1:95581137-95581637:.	-0.126414244115867	chr1	95117338	95117339	TMEM56	ENSG00000152078	True	2.9986644501389e-09	0.35	0.45	0.7	0.9	1.0	True	K562	Gasperini et al., 2019	True	Gasperini2019	1505	False	High H3K27ac	1	4.012511	0.90968531305039	5.796586	0.91173490858648	7.118833	0.945845477641484	0	0.974871	0	0.16924	1	2.591052	0.999653429472898	1.0	0.0003466906798739	False
chr1	108533276	108534274	FAM102B|chr1:109075898-109076896:.	-0.0392917947922745	chr1	108560089	108560090	FAM102B	ENSG00000162636	True	0.0001760847454379	0.25	0.3	0.5	0.4	1.0	True	K562	Gasperini et al., 2019	True	Gasperini2019	26572	False	High H3K27ac	1	4.805651	0.924562415249614	6.198056	0.917307002914634	16.141281	0.987156907059025	1	2.816293	0	0.540011	1	3.428239	0.995429447902662	0.0755064387650024	0.0003466906798739	False
chr1	116503996	116504794	CD58|chr1:117046618-117047416:.	-0.0659824731389965	chr1	116571038	116571039	CD58	ENSG00000116815	True	1.7286058762532e-05	0.05	0.4	0.5	0.55	1.0	True	K562	Gasperini et al., 2019	True	Gasperini2019	66697	False	High H3K27ac	1	52.982961	0.999438893997725	74.396248	0.999625929331816	24.479215	0.995729359871569	0	1.408146	0	0.366403	1	7.080072	0.98398216267984	0.0212973473350206	0.0003466906798739	False
chr1	117655089	117655589	WDR3|chr1:118197711-118198211:.	-0.052640317708526	chr1	117929720	117929721	WDR3	ENSG00000065183	True	0.0162239897170514	0.3	0.55	0.8	0.95	1.0	True	K562	Gasperini et al., 2019	True	Gasperini2019	274408	True	H3K27ac	1	2.064712	0.83969513240543	2.78187	0.836764912171324	3.570216	0.866612634236818	0	0.216638	0	0.249416	1	4.427098	0.897770046813402	0.0030445921004392	0.0003466906798739	False
chr1	150976787	150977582	CERS2|chr1:150949263-150950058:.	-0.0816888532511099	chr1	150975003	150975004	CERS2	ENSG00000143418	True	2.42747048814442e-05	0.5	0.8	0.95	1.0	1.0	True	K562	Gasperini et al., 2019	True	Gasperini2019	2180	True	High H3K27ac	1	28.362335	0.996407362957652	36.099859	0.995955360900263	15.653037	0.986198350971804	0	0.649914	0	0.22867	1	2.621922	0.999653429472898	1.0	0.0003466906798739	False
chr1	158689047	158689547	SPTA1|chr1:158658837-158659337:.	-0.094944473400681	chr1	158686697	158686698	SPTA1	ENSG00000163554	True	8.728836153262581e-19	0.05	0.05	0.45	0.7	1.0	True	K562	Gasperini et al., 2019	True	Gasperini2019	2580	False	H3K27ac	1	0.993875	0.727419379977867	2.536283	0.824459545815864	3.31234	0.854767063077667	0	0.0	0	0.01825	1	0.707613	0.999653429472898	1.0	0.0003466906798739	False
chr1	158691856	158692709	SPTA1|chr1:158661646-158662499:.	-0.100250496088169	chr1	158686697	158686698	SPTA1	ENSG00000163554	True	3.26056634130827e-24	0.15	0.2	0.45	0.6	1.0	True	K562	Gasperini et al., 2019	True	Gasperini2019	5565	False	H3K27ac	1	3.28065	0.891176608114216	4.781146	0.895065384435543	4.249869	0.891932542589504	0	0.433276	0	0.182733	0	1.327035	0.999465442097298	0.648209205924983	0.0003466906798739	False
chr1	160460641	160461141	PEX19|chr1:160430431-160430931:.	-0.0499280136747612	chr1	160286347	160286348	PEX19	ENSG00000162735	True	0.0297526869427566	0.25	0.4	0.55	0.7	1.0	True	K562	Gasperini et al., 2019	True	Gasperini2019	175739	True	H3K27ac	1	1.230641	0.765675898938575	1.825006	0.777755264265341	0.527834	0.280498449165355	0	0.108319	0	0.166862	1	2.050545	0.941888210484262	0.0056192360754885	0.0003466906798739	False
chr1	161502961	161503461	FCGR2A|chr1:161472751-161473251:.	-0.0297007162798315	chr1	161505430	161505431	FCGR2A	ENSG00000143226	True	0.0143249151170178	0.05	0.05	0.1	0.1	1.0	True	K562	Gasperini et al., 2019	True	Gasperini2019	2202	False	High H3K27ac	1	2.376479	0.856271138889322	6.613013	0.922458267741081	6.303316	0.935714397044842	0	0.108319	0	0.036499	1	1.767772	0.999653429472898	1.0	0.0003466906798739	False
chr1	180610505	180611005	XPR1|chr1:180579641-180580141:.	-0.0905459772369474	chr1	180632004	180632005	XPR1	ENSG00000143324	True	1.51139411027458e-06	0.3	0.5	0.65	0.85	1.0	True	K562	Gasperini et al., 2019	True	Gasperini2019	21253	False	High H3K27ac	1	20.109369	0.99196527377297	34.11995	0.995355289203385	7.290055	0.947552175065073	0	1.191509	0	0.313408	1	3.768745	0.996634184988564	0.102656795458235	0.0003466906798739	False
chr1	182337949	182338449	GLUL|chr1:182307084-182307584:.	-0.173213581213273	chr1	182392205	182392206	GLUL	ENSG00000135821	True	2.8619849087546502e-21	0.5	0.8	0.9	1.0	1.0	True	K562	Gasperini et al., 2019	True	Gasperini2019	54006	False	High H3K27ac	1	12.113515	0.978163624744775	18.853243	0.982270608955875	11.642582	0.975303542760953	0	0.433276	0	0.456328	1	5.764285	0.987969057144395	0.0284698936921832	0.0003466906798739	False
chr1	182338869	182339369	GLUL|chr1:182308004-182308504:.	-0.157139893298427	chr1	182392205	182392206	GLUL	ENSG00000135821	True	1.5794795601477902e-15	0.8	0.9	0.9	1.0	1.0	True	K562	Gasperini et al., 2019	True	Gasperini2019	53086	False	H3K27ac	1	2.737018	0.872987421873782	4.325258	0.88555775495254	4.167031	0.889275082217616	1	2.599655	0	0.302099	1	3.883983	0.988246704711537	0.0291506265715892	0.0003466906798739	False
chr1	198633566	198634247	PTPRC|chr1:198602696-198603377:.	-0.0806052505764797	chr1	198638671	198638672	PTPRC	ENSG00000081237	True	3.69766897894262e-18	0.25	0.45	0.55	0.75	1.0	True	K562	Gasperini et al., 2019	True	Gasperini2019	5060	False	High H3K27ac	1	3.847806	0.90589005439611	5.834576	0.912264842033074	5.917361	0.929986439938278	0	0.324957	0	0.136679	1	2.175356	0.999530964524762	0.73880993643466	0.0003466906798739	False
chr1	201566679	201567432	NAV1|chr1:201535807-201536560:.	-0.0143285085666225	chr1	201622885	201622886	NAV1	ENSG00000134369	True	0.0134955142359054	0.0	0.0	0.0	0.05	0.0	True	K562	Gasperini et al., 2019	True	Gasperini2019	81265	False	High H3K27ac	1	7.331152	0.954043859785845	14.370141	0.971531663523434	14.021156	0.982808335541389	0	0.649914	0	0.420958	1	4.085426	0.979086371242123	0.0162305702004671	0.0003466906798739	False
chr1	202075920	202076599	ELF3|chr1:202045048-202045727:.	-0.0180496065189468	chr1	202007945	202007946	ELF3	ENSG00000163435	True	0.0231598457207577	0.0	0.0	0.0	0.0	0.05	True	K562	Gasperini et al., 2019	True	Gasperini2019	65697	False	H3K27ac	1	2.034563	0.838378091927867	2.473044	0.822207328667841	4.174927	0.889540048940912	0	0.324957	0	0.360592	1	5.735713	0.984306337209306	0.0217444351775964	0.0003466906798739	False
chr1	203005609	203006109	TMEM183A|chr1:202974737-202975237:.	-0.106355271574818	chr1	203007386	203007387	TMEM183A	ENSG00000163444	True	1.22426351939538e-07	0.7	0.8	0.9	0.95	1.0	True	K562	Gasperini et al., 2019	True	Gasperini2019	1506	True	High H3K27ac	1	8.727478	0.963832042269986	13.726023	0.969591171932231	7.215482	0.946694929783818	0	0.866552	0	0.183357	1	1.507494	0.999653429472898	1.0	0.0003466906798739	False
chr1	207746272	207746873	CD46|chr1:207919617-207920218:.	-0.0750114225909791	chr1	207752057	207752058	CD46	ENSG00000117335	True	0.0003942193695299	0.4	0.8	0.9	1.0	1.0	True	K562	Gasperini et al., 2019	True	Gasperini2019	5464	False	High H3K27ac	1	4.160553	0.912685671534781	7.205418	0.929401954519241	9.362487	0.964432113966864	0	0.324957	0	0.176299	1	2.293548	0.999478731815961	0.664744121476177	0.0003466906798739	False
chr1	212429837	212431414	NENF|chr1:212603179-212604756:.	-0.124071184794424	chr1	212432887	212432888	NENF	ENSG00000117691	True	0.0013470491797426	0.8	0.85	0.95	1.0	1.0	True	K562	Gasperini et al., 2019	True	Gasperini2019	2260	False	High H3K27ac	1	4.480162	0.919013700338222	5.668891	0.909771037578516	4.224871	0.891246746364501	0	0.866552	0	1.000471	1	8.803424	0.999653429472898	1.0	0.0003466906798739	False
chr1	213045154	213046736	RPS6KC1|chr1:213218496-213220078:.	-0.0447293310676283	chr1	213051233	213051234	RPS6KC1	ENSG00000136643	True	0.0021440325397801	0.1	0.2	0.4	0.45	1.0	True	K562	Gasperini et al., 2019	True	Gasperini2019	5286	False	High H3K27ac	1	28.276315	0.99637619040197	31.333922	0.994272042893437	8.839779	0.9609096151748	0	1.408146	0	0.670061	1	6.138713	0.999501929867055	0.695721306459616	0.0003466906798739	False
chr1	225928390	225928890	PYCR2|chr1:226116090-226116590:.	-0.166364518872039	chr1	225924339	225924340	PYCR2	ENSG00000143811	True	1.36730151413498e-20	0.7	0.95	1.0	1.0	1.0	True	K562	Gasperini et al., 2019	True	Gasperini2019	4299	False	High H3K27ac	1	18.710339	0.990656026434327	40.773624	0.997225642544304	20.152046	0.992541966053087	0	0.758233	0	0.192482	1	3.223836	0.99962511079621	0.924435021806913	0.0003466906798739	False
chr1	231046680	231047180	FAM89A|chr1:231182426-231182926:.	-0.249882853643402	chr1	231040245	231040246	FAM89A	ENSG00000182118	True	3.5421507625761e-46	0.75	0.9	1.0	1.0	1.0	True	K562	Gasperini et al., 2019	True	Gasperini2019	6680	False	High H3K27ac	1	6.35296	0.945377889306255	12.234348	0.96359045496345	2.44243	0.796871834037314	0	0.433276	0	0.244229	1	2.949505	0.999312930788393	0.504246840826426	0.0003466906798739	False
chr1	231048974	231049909	FAM89A|chr1:231184720-231185655:.	-0.183845654182022	chr1	231040245	231040246	FAM89A	ENSG00000182118	True	2.15968557821748e-10	0.45	0.7	0.85	0.95	1.0	True	K562	Gasperini et al., 2019	True	Gasperini2019	9191	False	High H3K27ac	1	11.768658	0.977119344129428	12.760573	0.965975155473122	4.9905	0.912108979254664	0	0.866552	0	0.642687	1	8.6386	0.998934813970745	0.325127611791537	0.0003466906798739	False
chr1	231053506	231054137	FAM89A|chr1:231189252-231189883:.	-0.101152410822317	chr1	231040245	231040246	FAM89A	ENSG00000182118	True	0.0003954698312526	0.55	0.85	0.95	0.95	1.0	True	K562	Gasperini et al., 2019	True	Gasperini2019	13571	False	H3K27ac	1	3.61006	0.90021664926199	4.36619	0.886368241400271	5.277403	0.918172041334809	0	1.191509	0	0.439402	1	2.669868	0.998180904232737	0.190237381974808	0.0003466906798739	False
chr1	231065649	231066489	FAM89A|chr1:231201395-231202235:.	-0.0963867399548555	chr1	231040245	231040246	FAM89A	ENSG00000182118	True	2.09867382704491e-05	0.55	0.75	0.9	1.0	1.0	True	K562	Gasperini et al., 2019	True	Gasperini2019	25819	False	High H3K27ac	1	4.086532	0.911243940834489	5.118398	0.901120653376767	5.843204	0.928630433766112	0	1.516465	0	0.937651	1	5.985922	0.995605838746151	0.0785513423793911	0.0003466906798739	False
chr1	247855128	247855628	TRIM58|chr1:248018430-248018930:.	-0.054643674384666	chr1	247857199	247857200	TRIM58	ENSG00000162722	True	0.0257071018607152	0.05	0.45	0.7	0.85	1.0	True	K562	Gasperini et al., 2019	True	Gasperini2019	1819	False	High H3K27ac	1	6.310068	0.944863542137502	10.170617	0.953038544865101	9.97096	0.967759784285915	0	0.758233	0	0.180549	1	2.720443	0.999653429472898	1.0	0.0003466906798739	False
chr1	248889286	248889921	ZNF672|chr1:249183485-249184120:.	-0.0953741417947229	chr1	248838210	248838211	ZNF672	ENSG00000171161	True	0.0006360456754802	0.2	0.6	0.7	0.8	1.0	True	K562	Gasperini et al., 2019	True	Gasperini2019	51425	False	High H3K27ac	1	12.820872	0.980182047725183	13.693913	0.969474274848423	9.741012	0.966559640892159	0	0.649914	0	0.091679	0	1.188071	0.988743797431009	0.0304532774043019	0.0003466906798739	False
chr10	4941547	4942047	AKR1C1|chr10:4983739-4984239:.	-0.0749379788998597	chr10	4963253	4963254	AKR1C1	ENSG00000187134	True	0.0020514792837078	0.0	0.15	0.5	0.7	0.95	True	K562	Gasperini et al., 2019	True	Gasperini2019	21463	False	High H3K27ac	1	4.171335	0.913129880453249	6.113253	0.916200377187924	8.143232	0.955657039542387	0	1.191509	0	0.250158	1	1.798527	0.996588519702604	0.10127801462431	0.0003466906798739	False
chr10	5472235	5472735	NET1|chr10:5514198-5514698:.	-0.100327192709411	chr10	5412551	5412552	NET1	ENSG00000173848	True	0.0402770098224788	0.35	0.6	0.8	0.85	1.0	True	K562	Gasperini et al., 2019	True	Gasperini2019	25934	False	High H3K27ac	1	5.513008	0.934833772346826	7.895367	0.936423572686607	4.554556	0.901136239654608	0	0.108319	0	0.004562	0	0.357074	0.995579019234443	0.0780727140311608	0.0003466906798739	False
chr10	5479527	5480355	NET1|chr10:5521490-5522318:.	-0.108551704813398	chr10	5412551	5412552	NET1	ENSG00000173848	True	0.0020929577141948	0.5	0.75	0.9	0.9	1.0	True	K562	Gasperini et al., 2019	True	Gasperini2019	33390	False	High H3K27ac	1	19.541232	0.991450926604218	30.470919	0.993944731058776	14.33494	0.983556476877757	0	0.866552	0	0.302099	1	1.743537	0.993753312977713	0.0551532373038698	0.0003466906798739	False
chr10	12265775	12266275	SEC61A2|chr10:12307774-12308274:.	-0.0012703331325132	chr10	12129637	12129638	SEC61A2	ENSG00000065665	True	0.0107916516297834	0.0	0.0	0.0	0.0	0.1	True	K562	Gasperini et al., 2019	True	Gasperini2019	136384	False	H3K27ac	1	1.230641	0.765675898938575	2.224516	0.807361399024299	7.276929	0.947365139730981	0	1.408146	0	0.169358	1	1.799693	0.958280675273644	0.0079633834200289	0.0003466906798739	False
chr10	70667141	70667813	ADAMTS14|chr10:72426897-72427569:.	-0.0431398128391516	chr10	70672803	70672804	ADAMTS14	ENSG00000138316	True	3.48209813538241e-06	0.0	0.0	0.0	0.1	0.6	True	K562	Gasperini et al., 2019	True	Gasperini2019	5027	False	High H3K27ac	1	18.773577	0.990718371545691	25.054477	0.990507956794838	28.348933	0.997467229850839	0	0.541595	0	0.396274	1	5.571738	0.999535164173944	0.745487989954963	0.0003466906798739	False
chr10	73991727	73992227	VCL|chr10:75751485-75751985:.	-0.0688053472579646	chr10	73995193	73995194	VCL	ENSG00000035403	True	0.0140875738618465	0.2	0.5	0.7	0.9	1.0	True	K562	Gasperini et al., 2019	True	Gasperini2019	6135	False	High H3K27ac	1	9.459339	0.96800137159245	13.857638	0.970027587711779	6.579862	0.939603173366168	0	0.649914	0	0.302099	1	2.952642	0.999388773752073	0.566858466248035	0.0003466906798739	False
chr10	87500579	87501079	MINPP1|chr10:89260336-89260836:.	-0.0599425823613722	chr10	87504875	87504876	MINPP1	ENSG00000107789	True	0.0115321381847577	0.05	0.2	0.35	0.65	1.0	True	K562	Gasperini et al., 2019	True	Gasperini2019	3635	False	High H3K27ac	1	9.889979	0.970128898517745	13.456168	0.968609236428249	4.078021	0.886204585482941	0	0.0	0	0.063874	1	1.441962	0.999653429472898	1.0	0.0003466906798739	False
chr10	92755975	92757041	HHEX|chr10:94515732-94516798:.	-0.153217768746905	chr10	92689951	92689952	HHEX	ENSG00000152804	True	1.38522680337387e-08	0.35	0.7	0.8	0.95	1.0	True	K562	Gasperini et al., 2019	True	Gasperini2019	66584	False	High H3K27ac	1	20.085101	0.991941894356209	25.492958	0.990874234324101	12.482943	0.978264935550741	1	1.516465	0	0.609814	1	3.361719	0.984018875657299	0.0213470695612361	0.0003466906798739	False
chr10	92757079	92757579	HHEX|chr10:94516836-94517336:.	-0.164521459203092	chr10	92689951	92689952	HHEX	ENSG00000152804	True	3.68080907838098e-12	0.3	0.6	0.85	0.95	1.0	True	K562	Gasperini et al., 2019	True	Gasperini2019	67405	False	High H3K27ac	1	10.377233	0.972186287192755	16.897839	0.978218176717218	5.660323	0.92544303994763	1	3.357888	0	0.261037	1	1.04607	0.983751670188353	0.0209903134241062	0.0003466906798739	False
chr10	95297410	95297910	PDLIM1|chr10:97057167-97057667:.	-0.12530610822312	chr10	95291023	95291024	PDLIM1	ENSG00000107438	True	0.0017111912365001	0.35	0.45	0.8	0.85	1.0	True	K562	Gasperini et al., 2019	True	Gasperini2019	6511	False	High H3K27ac	1	2.339468	0.854642372854939	7.213259	0.929472092769526	8.615472	0.959288642279337	0	0.433276	0	0.036499	1	2.006047	0.999336705949072	0.522333528430972	0.0003466906798739	False
chr10	117411392	117412093	PDZD8|chr10:119170903-119171604:.	-0.0604277618515763	chr10	117375466	117375467	PDZD8	ENSG00000165650	True	0.0344245261015913	0.2	0.25	0.6	0.8	1.0	True	K562	Gasperini et al., 2019	True	Gasperini2019	36274	False	High H3K27ac	1	7.921596	0.958400224442401	10.900281	0.956958493742109	7.464362	0.94924328621082	0	0.0	0	0.18792	1	1.907229	0.99300476569048	0.0492142910590968	0.0003466906798739	False
chr10	125816658	125816735	UROS|chr10:127505227-127505304:*	-0.85	chr10	125823284	125823285	UROS	ENSG00000188690	True	0.0	0.0	0.0	0.0	0.234322062	0.0	True	K562	Nasser et al., 2021 from Wakabayashi et al., 2016	True	Nasser2021	6571	True	High H3K27ac	1	1.153679	0.756035786093923	5.686534	0.910121728829938	3.977033	0.882526223912467	0	0.0	0	0.004562	0	0.13105	0.995096301596351	0.515785660867004	0.0025417211557928	True
chr11	518540	519179	RNH1|chr11:518540-519179:.	-0.0968790696481747	chr11	507300	507301	RNH1	ENSG00000023191	True	1.94604616499719e-06	0.85	0.9	1.0	1.0	1.0	True	K562	Schraivogel et al., 2020	True	Schraivogel2020	12037	False	H3K27ac	1	2.538243	0.86444614161692	3.492167	0.862981031499868	12.188829	0.977329758880282	1	13.53987	0	0.08887	0	0.965955	0.98879792599506	0.22435565112295	0.0025417211557928	True
chr11	316244	316608	IFITM1|chr11:316244-316608:.	-0.377222083429896	chr11	313506	313507	IFITM1	ENSG00000185885	True	4.01089627178424e-49	0.6	0.85	1.0	1.0	1.0	True	K562	Schraivogel et al., 2020	True	Schraivogel2020	2435	False	High H3K27ac	1	3.253441	0.890319362832962	5.475997	0.90699668012282	2.318591	0.78531460901822	0	0.433276	0	0.06637	0	0.496779	0.997464722811872	1.0	0.0025417211557928	True
chr11	329319	329921	IFITM1|chr11:329319-329921:.	-0.533231546624611	chr11	313506	313507	IFITM1	ENSG00000185885	True	1.95811571854132e-43	0.4	0.9	0.95	0.95	1.0	True	K562	Schraivogel et al., 2020	True	Schraivogel2020	15629	False	High H3K27ac	1	9.605421	0.968749512928818	12.781901	0.966053086862326	25.257606	0.996165775651117	0	0.324957	0	0.396586	1	0.961094	0.984034911973641	0.15666323603557	0.0025417211557928	True
chr11	334196	334635	IFITM1|chr11:334196-334635:.	-0.229233845300871	chr11	313506	313507	IFITM1	ENSG00000185885	True	8.17121764847331e-06	0.45	0.85	0.95	1.0	1.0	True	K562	Schraivogel et al., 2020	True	Schraivogel2020	20424	False	H3K27ac	1	4.286287	0.915467822129397	4.844622	0.896421390607709	3.893882	0.879557037983759	0	0.541595	0	0.135237	1	2.641938	0.977095859048064	0.108430402231267	0.0025417211557928	True
chr11	350704	351232	IFITM1|chr11:350704-351232:.	-0.385133882661536	chr11	313506	313507	IFITM1	ENSG00000185885	True	4.76356357557974e-46	0.65	0.9	0.95	1.0	1.0	True	K562	Schraivogel et al., 2020	True	Schraivogel2020	36977	False	High H3K27ac	1	11.922582	0.977532380492215	18.348582	0.981374397980018	5.606718	0.924515656416091	0	0.649914	0	0.162299	1	3.269373	0.949642835252963	0.0479321521959121	0.0025417211557928	True
chr11	353334	354301	IFITM1|chr11:353334-354301:.	-0.378918481326347	chr11	313506	313507	IFITM1	ENSG00000185885	True	8.8714576958061e-40	0.6	0.7	0.9	1.0	1.0	True	K562	Schraivogel et al., 2020	True	Schraivogel2020	39826	False	High H3K27ac	1	11.023075	0.974602160258109	11.774303	0.961439548621394	6.177437	0.93395314764881	0	0.866552	0	0.398652	1	5.116632	0.944531275639662	0.0432808786083783	0.0025417211557928	True
chr11	355350	355535	IFITM1|chr11:355350-355535:.	-0.510633365260758	chr11	313506	313507	IFITM1	ENSG00000185885	True	3.70689916212399e-75	0.55	0.85	0.95	0.95	1.0	True	K562	Schraivogel et al., 2020	True	Schraivogel2020	41451	False	High H3K27ac	1	10.838022	0.973963122866628	20.047853	0.984304618214124	0.649478	0.375138328215839	0	0.216638	0	0.043558	1	1.681205	0.941578339718705	0.0409647650268105	0.0025417211557928	True
chr11	356034	356520	IFITM1|chr11:356034-356520:.	-0.438578827281513	chr11	313506	313507	IFITM1	ENSG00000185885	True	1.7314991544322e-62	0.55	0.9	1.0	1.0	1.0	True	K562	Schraivogel et al., 2020	True	Schraivogel2020	42286	False	High H3K27ac	1	4.568885	0.920665845789367	9.534341	0.949040664598887	7.762245	0.952025436805437	0	0.216638	0	0.077367	1	0.110525	0.940051172369147	0.0398564583623131	0.0025417211557928	True
chr11	350704	351232	IFITM2|chr11:350704-351232:.	-0.132883115762887	chr11	307631	307632	IFITM2	ENSG00000185201	True	0.040015801227187	0.2	0.3	0.55	0.6	1.0	True	K562	Schraivogel et al., 2020	True	Schraivogel2020	42861	False	High H3K27ac	1	11.922582	0.977532380492215	18.348582	0.981374397980018	5.606718	0.924515656416091	0	0.649914	0	0.162299	1	3.269373	0.938995820385323	0.0391229839815809	0.0025417211557928	True
chr11	353334	354301	IFITM2|chr11:353334-354301:.	-0.168727776215034	chr11	307631	307632	IFITM2	ENSG00000185201	True	0.0004924391253955	0.05	0.05	0.4	0.55	0.95	True	K562	Schraivogel et al., 2020	True	Schraivogel2020	45710	False	High H3K27ac	1	11.023075	0.974602160258109	11.774303	0.961439548621394	6.177437	0.93395314764881	0	0.866552	0	0.398652	1	5.116632	0.933724766546934	0.0358092739801632	0.0025417211557928	True
chr11	355350	355535	IFITM2|chr11:355350-355535:.	-0.21097724036053	chr11	307631	307632	IFITM2	ENSG00000185201	True	1.74325439395277e-07	0.2	0.15	0.35	0.7	1.0	True	K562	Schraivogel et al., 2020	True	Schraivogel2020	47335	False	High H3K27ac	1	10.838022	0.973963122866628	20.047853	0.984304618214124	0.649478	0.375138328215839	0	0.216638	0	0.043558	1	1.681205	0.930689181247732	0.0341296268609946	0.0025417211557928	True
chr11	356034	356520	IFITM2|chr11:356034-356520:.	-0.168615655946069	chr11	307631	307632	IFITM2	ENSG00000185201	True	0.000185401183976	0.1	0.15	0.5	0.65	1.0	True	K562	Schraivogel et al., 2020	True	Schraivogel2020	48170	False	High H3K27ac	1	4.568885	0.920665845789367	9.534341	0.949040664598887	7.762245	0.952025436805437	0	0.216638	0	0.077367	1	0.110525	0.929121759761357	0.0333186662809589	0.0025417211557928	True
chr11	5272749	5272943	HBE1|chr11:5272749-5272943:.	-0.589548505977186	chr11	5505652	5505653	HBE1	ENSG00000213931	True	4.49706138392828e-13	0.0	0.0	0.0	0.0	0.0	True	K562	Schraivogel et al., 2020	True	Schraivogel2020	2702	False	High H3K27ac	1	2.339468	0.854642372854939	5.873547	0.912779189201827	0.458698	0.20932371140448	0	0.0	0	0.061496	1	1.105116	0.997464722811872	1.0	0.0025417211557928	True
chr11	5275735	5276235	HBE1|chr11:5296965-5297465:*	-0.32358968	chr11	5505651	5505652	HBE1	ENSG00000213931	True	3.07477010334e-13	0.0	0.0	0.0	0.993058229513	0.0	True	K562	Nasser et al., 2021 from Klann et al., 2017	True	Nasser2021	5841	False	High H3K27ac	1	6.871343	0.950201842298041	10.404442	0.95428544709238	10.962511	0.972646082389065	0	0.108319	0	0.109928	1	0.939551	0.995826439683699	0.606463771316729	0.0025417211557928	True
chr11	5277927	5278054	HBE1|chr11:5277927-5278054:.	-0.487163599169003	chr11	5505652	5505653	HBE1	ENSG00000213931	True	0.0047141276630742	0.0	0.0	0.0	0.0	0.0	True	K562	Schraivogel et al., 2020	True	Schraivogel2020	7846	False	H3K27ac	1	1.388485	0.784963917766798	2.265447	0.810151342757836	0.844493	0.481654950981156	0	0.216638	0	0.009125	1	0.923639	0.993750395492511	0.404159399330652	0.0025417211557928	True
chr11	5278635	5279175	HBE1|chr11:5299865-5300405:*	-0.09513497	chr11	5505651	5505652	HBE1	ENSG00000213931	True	0.046075154697	0.0	0.0	0.0	0.998036218338	0.0	True	K562	Nasser et al., 2021 from Klann et al., 2017	True	Nasser2021	8761	False	H3K27ac	1	2.547065	0.865552767343631	4.019373	0.878232204367275	2.069238	0.758817936688539	0	0.216638	0	0.347841	1	2.446289	0.992734098327777	0.347273246133069	0.0025417211557928	True
chr11	5280370	5281170	HBE1|chr11:5301600-5302400:*	-0.864802	chr11	5505651	5505652	HBE1	ENSG00000213931	True	3.45e-99	0.0	0.0	0.0	0.56	0.0	True	K562	Nasser et al., 2021 from Thakore et al., 2015	True	Nasser2021	10626	False	High H3K27ac	1	6.917175	0.950583706105145	12.20812	0.963496937296404	30.240626	0.997880266213626	0	0.649914	0	0.077561	1	2.642151	0.990546369453339	0.266320187848112	0.0025417211557928	True
chr11	5284535	5285035	HBE1|chr11:5305765-5306265:*	-0.42208564	chr11	5505651	5505652	HBE1	ENSG00000213931	True	3.3095311542099997e-29	0.0	0.0	0.0	0.99946951484	0.0	True	K562	Nasser et al., 2021 from Klann et al., 2017	True	Nasser2021	14641	False	High H3K27ac	1	5.532611	0.935231222431771	11.059342	0.957807945884443	10.768543	0.971656353746162	0	0.433276	0	0.430513	1	1.984964	0.98538614294352	0.171383694014863	0.0025417211557928	True
chr11	5288035	5288555	HBE1|chr11:5309265-5309785:*	-0.46675139	chr11	5505651	5505652	HBE1	ENSG00000213931	True	9.58254193327e-31	0.0	0.0	0.0	0.999999301054	0.0	True	K562	Nasser et al., 2021 from Klann et al., 2017	True	Nasser2021	18151	False	High H3K27ac	1	9.403705	0.967720818591312	15.23044	0.974095606228277	9.053671	0.962398104708615	0	0.216638	0	0.128178	1	1.523603	0.980459357834492	0.127531852387222	0.0025417211557928	True
chr11	5280486	5280986	HBG1|chr11:5301716-5302216:.	-0.470617946397366	chr11	5249891	5249892	HBG1	ENSG00000213934	True	6.720397334818671e-182	0.8	0.85	1.0	1.0	1.0	True	K562	Gasperini et al., 2019	True	Gasperini2019	30878	False	High H3K27ac	1	3.098538	0.885846101092598	7.432618	0.931942517807322	30.06245	0.997856886796864	0	0.433276	0	0.059312	1	1.110076	0.994386762910823	0.0614163658891023	0.0003466906798739	False
chr11	5284550	5285050	HBG1|chr11:5305780-5306280:.	-0.528616216525615	chr11	5249891	5249892	HBG1	ENSG00000213934	True	2.4700916536278e-47	0.25	0.5	0.65	0.85	1.0	True	K562	Gasperini et al., 2019	True	Gasperini2019	34942	False	High H3K27ac	1	5.49266	0.934623357595972	11.100273	0.957987188079615	10.854572	0.972186287192755	0	0.433276	0	0.430513	1	2.058395	0.993353237152335	0.0518126367731449	0.0003466906798739	False
chr11	5288018	5288518	HBG1|chr11:5309248-5309748:.	-0.261732716241847	chr11	5249891	5249892	HBG1	ENSG00000213934	True	3.28305605772198e-12	0.4	0.45	0.7	0.75	1.0	True	K562	Gasperini et al., 2019	True	Gasperini2019	38410	False	High H3K27ac	1	8.649536	0.963489144157484	15.190489	0.973963122866628	8.828218	0.960862856341277	0	0.216638	0	0.119053	1	1.416067	0.992436431255378	0.0454902272592212	0.0003466906798739	False
chr11	5275754	5276060	HBG2|chr11:5296984-5297290:*	-0.499976039	chr11	5505604	5505605	HBG2	ENSG00000196565	True	1.9603e-05	0.0	0.0	0.0	0.0	0.0	True	K562	Nasser et al., 2021 from Xie et al., 2017	True	Nasser2021	21125	False	High H3K27ac	1	4.408101	0.917829143222307	9.53336	0.949040664598887	10.369409	0.969684689599277	0	0.108319	0	0.070933	1	0.711556	0.976033912854057	0.103513186360603	0.0025417211557928	True
chr11	5280370	5281170	HBG2|chr11:5301600-5302400:*	-0.738582	chr11	5505604	5505605	HBG2	ENSG00000196565	True	1.9e-52	0.0	0.0	0.0	0.55	0.0	True	K562	Nasser et al., 2021 from Thakore et al., 2015	True	Nasser2021	25988	False	High H3K27ac	1	6.917175	0.950583706105145	12.20812	0.963496937296404	30.240626	0.997880266213626	0	0.649914	0	0.077561	1	2.642151	0.96838317984536	0.0778497016173117	0.0025417211557928	True
chr11	5284694	5284860	HBG2|chr11:5305924-5306090:*	-0.415828463	chr11	5505604	5505605	HBG2	ENSG00000196565	True	1.97e-06	0.0	0.0	0.0	0.0	0.0	True	K562	Nasser et al., 2021 from Xie et al., 2017	True	Nasser2021	29995	False	H3K27ac	1	0.995836	0.728962421484125	4.896335	0.897302015305725	7.866683	0.953077510559703	0	0.108319	0	0.068554	1	0.541031	0.961754563547713	0.0639164341580781	0.0025417211557928	True
chr11	5288183	5288360	HBG2|chr11:5309413-5309590:*	-0.582503716	chr11	5505604	5505605	HBG2	ENSG00000196565	True	3.11e-11	0.0	0.0	0.0	0.0	0.0	True	K562	Nasser et al., 2021 from Xie et al., 2017	True	Nasser2021	33489	False	High H3K27ac	1	2.0228	0.836842843560529	8.056152	0.937943234776103	7.886766	0.953326891005159	0	0.216638	0	0.061808	1	0.490605	0.955773739785338	0.054929137638419	0.0025417211557928	True
chr11	5280486	5280986	HBB|chr11:5301716-5302216:.	-0.0177217613569358	chr11	5229394	5229395	HBB	ENSG00000244734	True	0.0018326411888562	0.0	0.0	0.0	0.05	0.7	True	K562	Gasperini et al., 2019	True	Gasperini2019	53664	False	High H3K27ac	1	3.098538	0.885846101092598	7.432618	0.931942517807322	30.06245	0.997856886796864	0	0.433276	0	0.059312	1	1.110076	0.988072460311994	0.0287197126977273	0.0003466906798739	False
chr11	5280486	5280986	HBD|chr11:5301716-5302216:.	-0.0690148237750692	chr11	5235369	5235370	HBD	ENSG00000223609	True	5.24811313703831e-07	0.35	0.65	0.65	0.85	1.0	True	K562	Gasperini et al., 2019	True	Gasperini2019	46107	False	High H3K27ac	1	3.098538	0.885846101092598	7.432618	0.931942517807322	30.06245	0.997856886796864	0	0.433276	0	0.059312	1	1.110076	0.990297641786978	0.0353859293968206	0.0003466906798739	False
chr11	10742812	10743213	CTR9|chr11:10742812-10743213:.	-0.288933454148376	chr11	10750987	10750988	CTR9	ENSG00000198730	True	7.88989201588961e-08	0.25	0.55	0.75	0.85	1.0	True	K562	Schraivogel et al., 2020	True	Schraivogel2020	7973	True	H3K27ac	1	1.306622	0.774287317445721	2.061771	0.795811967144126	2.960589	0.835346560887794	0	0.433276	0	0.082124	1	1.590499	0.993611746900935	0.395332488957262	0.0025417211557928	True
chr11	10744215	10744587	CTR9|chr11:10744215-10744587:.	-0.229279537434132	chr11	10750987	10750988	CTR9	ENSG00000198730	True	8.78652142478041e-05	0.35	0.7	0.75	0.95	1.0	True	K562	Schraivogel et al., 2020	True	Schraivogel2020	6584	True	H3K27ac	1	0.555394	0.589301578889945	1.308583	0.717296092520145	0.864889	0.490663819573248	0	0.541595	0	0.105366	1	1.987196	0.995083020487498	0.514385622008945	0.0025417211557928	True
chr11	14501275	14501419	PSMA1|chr11:14501275-14501419:.	-0.120303002928996	chr11	14643635	14643636	PSMA1	ENSG00000129084	True	0.0346368767439827	0.5	0.7	0.9	0.9	1.0	True	K562	Schraivogel et al., 2020	True	Schraivogel2020	19097	True	H3K27ac	1	0.317648	0.426167801867236	1.386524	0.728159728175315	0.170384	0.0	0	0.0	0	0.047808	1	0.40425	0.979074819616732	0.118925387334477	0.0025417211557928	True
chr11	18392864	18393246	LDHA|chr11:18392864-18393246:.	-0.372671927822012	chr11	18394388	18394389	LDHA	ENSG00000134333	True	1.5439655449831e-21	0.45	0.75	0.9	1.0	1.0	True	K562	Schraivogel et al., 2020	True	Schraivogel2020	1332	False	H3K27ac	1	1.349514	0.780747829610811	2.41741	0.818186068984866	0.84967	0.483961720101623	0	0.108319	0	0.204103	1	1.050224	0.997464722811872	1.0	0.0025417211557928	True
chr11	33932753	33933253	LMO2|chr11:33954300-33954800:.	-0.0833244316724348	chr11	33892288	33892289	LMO2	ENSG00000135363	True	0.0031067638451659	0.6	0.75	0.95	1.0	1.0	True	K562	Gasperini et al., 2019	True	Gasperini2019	40713	False	H3K27ac	1	1.670102	0.813268598326034	2.701968	0.832938480961362	1.59276	0.690963076107795	0	0.216638	0	0.132741	1	1.819922	0.991810995160454	0.0419894278921512	0.0003466906798739	False
chr11	33936808	33937715	LMO2|chr11:33958355-33959262:.	-0.145709694983016	chr11	33892288	33892289	LMO2	ENSG00000135363	True	2.1215115802199e-13	0.45	0.65	0.85	0.95	1.0	True	K562	Gasperini et al., 2019	True	Gasperini2019	44971	False	High H3K27ac	1	25.595168	0.995316323508783	32.022148	0.994614941005938	14.076854	0.982909646347356	0	0.974871	0	0.379466	1	5.441118	0.990621796419623	0.0366210160778858	0.0003466906798739	False
chr11	33941571	33942071	LMO2|chr11:33963118-33963618:.	-0.280202170310181	chr11	33892288	33892289	LMO2	ENSG00000135363	True	1.14815634440628e-85	0.55	0.85	0.95	1.0	1.0	True	K562	Gasperini et al., 2019	True	Gasperini2019	49531	False	High H3K27ac	1	32.82803	0.997545161240044	45.814587	0.998036128992035	10.273342	0.969154756152683	0	0.866552	0	0.342966	1	4.5502	0.989303903926029	0.0320661333520271	0.0003466906798739	False
chr11	33944736	33945236	LMO2|chr11:33966283-33966783:.	-0.405874217490095	chr11	33892288	33892289	LMO2	ENSG00000135363	True	2.49996837293044e-185	0.45	0.65	0.95	1.0	1.0	True	K562	Gasperini et al., 2019	True	Gasperini2019	52696	False	High H3K27ac	1	7.669384	0.956568836796085	15.901023	0.975997132124877	22.826729	0.994739631228666	0	1.191509	0	0.194548	1	2.171923	0.988363907908688	0.0294477349016137	0.0003466906798739	False
chr11	33944736	33945236	APIP|chr11:33966283-33966783:.	-0.083740581835268	chr11	34916498	34916499	APIP	ENSG00000149089	True	0.000419264629825	0.6	0.85	0.95	1.0	1.0	True	K562	Gasperini et al., 2019	True	Gasperini2019	971424	False	High H3K27ac	1	7.669384	0.956568836796085	15.901023	0.975997132124877	22.826729	0.994739631228666	0	1.191509	0	0.194548	1	2.171923	0.606872473084265	0.0005351877339676	0.0003466906798739	False
chr11	33941571	33942071	CAT|chr11:33963118-33963618:.	-0.0601444208568896	chr11	34438925	34438926	CAT	ENSG00000121691	True	0.0003156748675995	0.45	0.65	0.85	0.95	1.0	True	K562	Gasperini et al., 2019	True	Gasperini2019	497102	False	High H3K27ac	1	32.82803	0.997545161240044	45.814587	0.998036128992035	10.273342	0.969154756152683	0	0.866552	0	0.342966	1	4.5502	0.795035613691987	0.001344777219105	0.0003466906798739	False
chr11	33944736	33945236	CAT|chr11:33966283-33966783:.	-0.152135031857672	chr11	34438925	34438926	CAT	ENSG00000121691	True	2.07660565973013e-27	0.65	0.75	0.95	1.0	1.0	True	K562	Gasperini et al., 2019	True	Gasperini2019	493937	False	High H3K27ac	1	7.669384	0.956568836796085	15.901023	0.975997132124877	22.826729	0.994739631228666	0	1.191509	0	0.194548	1	2.171923	0.796463293649361	0.0013566417857535	0.0003466906798739	False
chr11	33944736	33945236	NAT10|chr11:33966283-33966783:.	-0.0459230068981649	chr11	34105602	34105603	NAT10	ENSG00000135372	True	0.0177043263516489	0.2	0.45	0.7	1.0	1.0	True	K562	Gasperini et al., 2019	True	Gasperini2019	160576	True	High H3K27ac	1	7.669384	0.956568836796085	15.901023	0.975997132124877	22.826729	0.994739631228666	0	1.191509	0	0.194548	1	2.171923	0.948319426526249	0.0063616458684815	0.0003466906798739	False
chr11	60193546	60195055	MS4A4A|chr11:59961019-59962528:.	-0.0114276321994529	chr11	60280541	60280542	MS4A4A	ENSG00000110079	True	0.0095856854997163	0.0	0.0	0.0	0.0	0.35	True	K562	Gasperini et al., 2019	True	Gasperini2019	86239	False	High H3K27ac	1	15.129211	0.985309933134868	16.158136	0.976636169516358	4.888889	0.909856762106641	1	9.857025	0	0.482648	1	6.022013	0.977346344432582	0.0149572711395402	0.0003466906798739	False
chr11	61834595	61834918	FADS1|chr11:61602067-61602390:*	-0.580721711	chr11	61829317	61829318	FADS1	ENSG00000149485	True	1.37e-25	0.0	0.0	0.0	0.0	0.0	True	K562	Nasser et al., 2021 from Xie et al., 2017	True	Nasser2021	17698	False	High H3K27ac	1	10.366451	0.972139528359233	26.035609	0.991380788353933	19.557327	0.992058791440016	0	0.324957	0	0.194666	1	1.494211	0.981114273332496	0.132042518071094	0.0025417211557928	True
chr11	61841784	61841802	FADS1|chr11:61609256-61609274:*	-0.265317927	chr11	61829317	61829318	FADS1	ENSG00000149485	True	0.0065232	0.0	0.0	0.0	0.0	0.0	True	K562	Nasser et al., 2021 from Xie et al., 2017	True	Nasser2021	24735	False	High H3K27ac	1	0.632355	0.61836998706339	7.525026	0.932916660172384	1.393246	0.651514206892252	0	0.108319	0	0.004562	1	0.350687	0.970398935452043	0.0833241486907129	0.0025417211557928	True
chr11	61871048	61871769	FADS1|chr11:61638520-61639241:.	-0.0697851899602349	chr11	61829317	61829318	FADS1	ENSG00000149485	True	0.0248631051382781	0.55	0.85	0.95	0.95	1.0	True	K562	Gasperini et al., 2019	True	Gasperini2019	54350	False	H3K27ac	1	3.14143	0.887248866098287	4.966435	0.898455399865958	7.681343	0.951386399413956	1	16.789439	0	0.258228	1	3.679141	0.987864823022982	0.0282223759707809	0.0003466906798739	False
chr11	61971409	61972293	FTH1|chr11:61738881-61739765:.	-0.422771301242124	chr11	61967659	61967660	FTH1	ENSG00000167996	True	1.69590358235101e-115	0.6	0.8	0.9	0.95	1.0	True	K562	Gasperini et al., 2019	True	Gasperini2019	4190	False	High H3K27ac	1	44.347891	0.999033650773859	56.964343	0.998940133106813	32.069716	0.998301095715332	0	1.191509	0	0.453519	1	4.717361	0.999638115519208	0.957668085514856	0.0003466906798739	False
chr11	65928038	65928538	DRAP1|chr11:65695509-65696009:.	-0.0969431020251811	chr11	65919257	65919258	DRAP1	ENSG00000175550	True	1.49815517925494e-05	0.6	0.85	0.95	1.0	1.0	True	K562	Gasperini et al., 2019	True	Gasperini2019	9031	True	H3K27ac	1	2.424271	0.859302669929394	3.855648	0.874179772128618	1.169886	0.596556991224926	0	0.433276	0	0.075183	1	1.669957	0.998960205166633	0.333075508342949	0.0003466906798739	False
chr11	65362343	65362917	FIBP|chr11:65129814-65130388:.	-0.00312255461099	chr11	65888538	65888539	FIBP	ENSG00000172500	True	0.0336993883307506	0.45	0.6	0.8	0.9	1.0	True	K562	Gasperini et al., 2019	True	Gasperini2019	525908	True	H3K27ac	1	1.234562	0.767935909225518	1.314464	0.720904315840334	2.08634	0.760797393974345	0	0.866552	0	0.225979	1	2.324304	0.782123111747312	0.0012445321554359	0.0003466906798739	False
chr11	67600315	67601033	GSTP1|chr11:67367786-67368504:.	-0.114455651771257	chr11	67583595	67583596	GSTP1	ENSG00000084207	True	0.0198128677402012	0.6	0.75	0.9	0.95	1.0	True	K562	Gasperini et al., 2019	True	Gasperini2019	17079	False	H3K27ac	1	2.303438	0.85323960784925	3.533099	0.864188968032544	5.891319	0.929511058464128	0	0.758233	0	0.299408	1	3.689139	0.997506092642958	0.138668368919281	0.0003466906798739	False
chr11	75533988	75535423	SERPINH1|chr11:75245033-75246468:.	-0.0745046368675739	chr11	75562056	75562057	SERPINH1	ENSG00000149257	True	0.0002540586416914	0.5	0.8	0.85	0.95	1.0	True	K562	Gasperini et al., 2019	True	Gasperini2019	27349	False	High H3K27ac	1	92.764704	0.999937654888636	99.979924	0.999875309777272	23.080164	0.994942252840599	0	3.032931	0	0.877285	1	8.144498	0.995245524996602	0.0725721236216301	0.0003466906798739	False
chr11	75096776	75097276	OR2AT4|chr11:74807821-74808321:.	-0.0121448336286851	chr11	75089753	75089754	OR2AT4	ENSG00000171561	True	0.0013627301749827	0.0	0.0	0.0	0.1	0.45	True	K562	Gasperini et al., 2019	True	Gasperini2019	7312	False	High H3K27ac	1	6.882125	0.950303153104007	11.539734	0.960317336616843	7.862917	0.953069717420783	0	0.433276	0	0.375334	1	1.77815	0.999222048541125	0.445298954583435	0.0003466906798739	False
chr11	86134577	86135528	PICALM|chr11:85845619-85846570:.	-0.0823094105874076	chr11	86069881	86069882	PICALM	ENSG00000073921	True	0.0058047413205206	0.75	0.85	0.95	1.0	1.0	True	K562	Gasperini et al., 2019	True	Gasperini2019	65954	False	High H3K27ac	1	17.139269	0.988668776009601	19.836336	0.984024065212986	9.773014	0.966785641920853	0	0.324957	0	0.393153	1	6.629664	0.984223179572066	0.0216279956301819	0.0003466906798739	False
chr11	86143550	86144050	PICALM|chr11:85854592-85855092:.	-0.18742148331837	chr11	86069881	86069882	PICALM	ENSG00000073921	True	3.84255284063225e-27	0.65	0.8	1.0	1.0	1.0	True	K562	Gasperini et al., 2019	True	Gasperini2019	74702	False	High H3K27ac	1	8.73532	0.96390218052027	14.085582	0.970767935909226	9.006444	0.962086379151795	0	0.541595	0	0.233232	1	3.451881	0.981330639388001	0.0182233443137779	0.0003466906798739	False
chr11	86148009	86148811	PICALM|chr11:85859051-85859853:.	-0.19269538409777	chr11	86069881	86069882	PICALM	ENSG00000073921	True	8.5045556772993e-11	0.4	0.55	0.8	0.95	1.0	True	K562	Gasperini et al., 2019	True	Gasperini2019	79312	False	High H3K27ac	1	8.540465	0.962912451877367	10.68802	0.95585966115432	6.861951	0.943047740769027	0	1.08319	0	0.263103	1	4.544095	0.979760516864364	0.0167827329101734	0.0003466906798739	False
chr11	86151226	86151726	PICALM|chr11:85862268-85862768:.	-0.128419943783066	chr11	86069881	86069882	PICALM	ENSG00000073921	True	4.60156251341514e-13	0.6	0.85	0.85	0.95	1.0	True	K562	Gasperini et al., 2019	True	Gasperini2019	82378	False	High H3K27ac	1	5.366926	0.93315824747892	10.408363	0.954316619648062	18.333733	0.99054692248944	0	1.624784	0	0.303659	1	3.242347	0.978699861710528	0.0159297613864158	0.0003466906798739	False
chr11	86174203	86175075	PICALM|chr11:85885245-85886117:.	-0.146599694301711	chr11	86069881	86069882	PICALM	ENSG00000073921	True	5.94323519308925e-07	0.55	0.7	0.9	0.95	1.0	True	K562	Gasperini et al., 2019	True	Gasperini2019	105541	False	High H3K27ac	1	21.720153	0.993243348555931	25.499819	0.990897613740863	8.01939	0.954503654982154	0	0.974871	0	0.822536	1	9.565391	0.970308497243398	0.0113297368393376	0.0003466906798739	False
chr11	86175661	86176963	PICALM|chr11:85886703-85888005:.	-0.131671678728439	chr11	86069881	86069882	PICALM	ENSG00000073921	True	6.12001334263061e-10	0.6	0.85	1.0	1.0	1.0	True	K562	Gasperini et al., 2019	True	Gasperini2019	107214	False	High H3K27ac	1	25.615752	0.995316323508783	28.600318	0.992939416138032	14.376411	0.983673373961564	0	0.974871	0	0.637189	1	9.734503	0.969678992994932	0.0110873187452083	0.0003466906798739	False
chr11	86151226	86151726	EED|chr11:85862268-85862768:.	-0.0470502496341851	chr11	86244544	86244545	EED	ENSG00000074266	True	0.004404948664033	0.2	0.6	0.85	1.0	1.0	True	K562	Gasperini et al., 2019	True	Gasperini2019	92906	True	High H3K27ac	1	5.366926	0.93315824747892	10.408363	0.954316619648062	18.333733	0.99054692248944	0	1.624784	0	0.303659	1	3.242347	0.974964632539561	0.013501345719902	0.0003466906798739	False
chr11	88357085	88358410	CTSC|chr11:88090253-88091578:.	-0.120397145667911	chr11	88337786	88337787	CTSC	ENSG00000109861	True	6.23564521303372e-08	0.5	0.8	0.9	0.95	1.0	True	K562	Gasperini et al., 2019	True	Gasperini2019	19959	False	High H3K27ac	1	15.214757	0.985473589052198	17.154715	0.978748110163812	2.39871	0.792749263548372	0	0.324957	0	0.468336	1	3.20837	0.996911890454916	0.111919624621599	0.0003466906798739	False
chr11	95147369	95147869	ENDOD1|chr11:94880533-94881033:.	-0.041019304609885	chr11	95089810	95089811	ENDOD1	ENSG00000149218	True	0.0050254704091518	0.1	0.15	0.45	0.65	1.0	True	K562	Gasperini et al., 2019	True	Gasperini2019	57809	False	High H3K27ac	1	4.049522	0.91047242008136	6.549774	0.921593229320906	13.12191	0.980322324225752	0	0.216638	0	0.284161	1	2.464369	0.986804360570387	0.0259264339931067	0.0003466906798739	False
chr11	125551610	125552466	EI24|chr11:125421506-125422362:.	-0.0646982508998601	chr11	125569216	125569217	EI24	ENSG00000149547	True	0.0006360456754802	0.8	0.95	1.0	1.0	1.0	True	K562	Gasperini et al., 2019	True	Gasperini2019	17347	True	High H3K27ac	1	10.85935	0.974017674839072	13.154946	0.967455851868015	7.963592	0.954036066646924	0	0.758233	0	0.400836	1	3.884556	0.997452253808789	0.135730710228404	0.0003466906798739	False
chr11	125552655	125553360	EI24|chr11:125422551-125423256:.	-0.119327800843127	chr11	125569216	125569217	EI24	ENSG00000149547	True	1.66875593706478e-12	0.7	0.85	0.95	1.0	1.0	True	K562	Gasperini et al., 2019	True	Gasperini2019	16378	True	High H3K27ac	1	10.738516	0.973620224754126	13.195877	0.967564955812902	12.379709	0.97793762371608	0	0.541595	0	0.404462	1	3.247499	0.997645441608971	0.14689564622491	0.0003466906798739	False
chr11	125532640	125533140	FEZ1|chr11:125402536-125403036:.	-0.107618570344629	chr11	125496316	125496317	FEZ1	ENSG00000149557	True	6.38169645822023e-20	0.25	0.65	0.9	0.9	1.0	True	K562	Gasperini et al., 2019	True	Gasperini2019	36579	False	H3K27ac	1	1.941918	0.831824062095731	3.364473	0.858593494287629	7.284981	0.947497623092629	0	0.541595	0	0.10712	1	1.209204	0.992924323392245	0.0486508397462575	0.0003466906798739	False
chr11	125551610	125552466	FEZ1|chr11:125421506-125422362:.	-0.0865119708117428	chr11	125496316	125496317	FEZ1	ENSG00000149557	True	7.54570316608019e-10	0.3	0.65	0.85	0.85	1.0	True	K562	Gasperini et al., 2019	True	Gasperini2019	55727	False	High H3K27ac	1	10.85935	0.974017674839072	13.154946	0.967455851868015	7.963592	0.954036066646924	0	0.758233	0	0.400836	1	3.884556	0.987445333964331	0.0272677977413203	0.0003466906798739	False
chr11	125552655	125553360	FEZ1|chr11:125422551-125423256:.	-0.147809397689242	chr11	125496316	125496317	FEZ1	ENSG00000149557	True	1.91742148966498e-34	0.2	0.6	0.65	0.8	1.0	True	K562	Gasperini et al., 2019	True	Gasperini2019	56696	False	High H3K27ac	1	10.738516	0.973620224754126	13.195877	0.967564955812902	12.379709	0.97793762371608	0	0.541595	0	0.404462	1	3.247499	0.987148007694005	0.0266289463746395	0.0003466906798739	False
chr11	125553954	125554454	FEZ1|chr11:125423850-125424350:.	-0.0887866302150994	chr11	125496316	125496317	FEZ1	ENSG00000149557	True	0.0001032667929998	0.2	0.45	0.55	0.8	1.0	True	K562	Gasperini et al., 2019	True	Gasperini2019	57893	False	High H3K27ac	1	5.639722	0.93678985021587	7.744385	0.934989635125236	4.005015	0.883593883944575	1	4.982672	0	0.321091	1	5.098655	0.986778333187717	0.0258747142909321	0.0003466906798739	False
chr11	130006751	130007384	APLP2|chr11:129876646-129877279:.	-0.130912887192149	chr11	130069837	130069838	APLP2	ENSG00000084234	True	1.78227434827719e-05	0.4	0.65	0.9	1.0	1.0	True	K562	Gasperini et al., 2019	True	Gasperini2019	62752	False	High H3K27ac	1	6.503942	0.946585825838931	8.051251	0.937919855359342	3.388537	0.858281768730809	0	0.541595	0	0.339028	1	3.171657	0.985251455917508	0.0231600824588718	0.0003466906798739	False
chr12	4153227	4153980	CCND2|chr12:4262393-4263146:.	-0.188287702255166	chr12	4273772	4273773	CCND2	ENSG00000118971	True	3.4189380095167e-52	0.45	0.75	0.95	1.0	1.0	True	K562	Gasperini et al., 2019	True	Gasperini2019	120131	False	High H3K27ac	1	5.554919	0.935558534266432	6.82159	0.925022210445923	14.293313	0.983486338627472	1	2.924612	0	0.202855	1	2.165422	0.964725477422626	0.0094816685591058	0.0003466906798739	False
chr12	6613425	6614302	CHD4|chr12:6722591-6723468:.	-0.162576395213962	chr12	6607475	6607476	CHD4	ENSG00000111642	True	5.04183197280134e-07	0.5	0.6	0.75	0.95	1.0	True	K562	Gasperini et al., 2019	True	Gasperini2019	6429	False	High H3K27ac	1	11.282385	0.975467198678284	20.282659	0.984748827132593	27.153686	0.99699964151561	1	1.191509	0	0.208354	1	0.910816	0.999348159423069	0.531517529105464	0.0003466906798739	False
chr12	6263899	6264399	CD9|chr12:6373065-6373565:.	-0.030728052984088	chr12	6199715	6199716	CD9	ENSG00000010278	True	0.0350814364804005	0.05	0.0	0.05	0.3	0.9	True	K562	Gasperini et al., 2019	True	Gasperini2019	63833	False	CTCF element	0	0.356619	0.454589379510279	0.356619	0.338253401705139	8.214771	0.956233731822504	1	1.408146	0	0.126112	1	1.727541	0.984906219312544	0.0226224173953513	0.0003466906798739	False
chr12	9739667	9741051	KLRF1|chr12:9892263-9893647:.	-0.0185976248694567	chr12	9827481	9827482	KLRF1	ENSG00000150045	True	0.008248041455961	0.0	0.0	0.0	0.0	0.1	True	K562	Gasperini et al., 2019	True	Gasperini2019	87120	False	High H3K27ac	1	7.25321	0.953350270421921	8.167183	0.938847238890881	3.779825	0.875200673327203	0	0.758233	0	0.261037	1	2.174042	0.977034793795011	0.0147496544946193	0.0003466906798739	False
chr12	9764686	9765406	CD69|chr12:9917282-9918002:.	-0.0991509325650408	chr12	9760900	9760901	CD69	ENSG00000110848	True	3.8391641895264996e-12	0.05	0.2	0.2	0.3	0.9	True	K562	Gasperini et al., 2019	True	Gasperini2019	4144	False	High H3K27ac	1	11.971118	0.977657070714942	19.180456	0.982847301235992	11.035989	0.972895462834521	0	0.216638	0	0.197045	1	1.932057	0.999643566061131	0.972317924184203	0.0003466906798739	False
chr12	12353671	12354299	BORCS5|chr12:12506605-12507233:.	-0.060999346165721	chr12	12357079	12357080	BORCS5	ENSG00000165714	True	8.12108046066606e-05	0.1	0.15	0.35	0.65	1.0	True	K562	Gasperini et al., 2019	True	Gasperini2019	3092	False	H3K27ac	1	2.257606	0.850075593447529	3.363493	0.858570114870868	6.458688	0.937904269081501	0	0.324957	0	0.123304	1	1.451634	0.999653429472898	1.0	0.0003466906798739	False
chr12	12353671	12354299	MANSC1|chr12:12506605-12507233:.	-0.0255061025222092	chr12	12350540	12350541	MANSC1	ENSG00000111261	True	0.0101014614152494	0.15	0.1	0.15	0.25	0.7	True	K562	Gasperini et al., 2019	True	Gasperini2019	3749	False	H3K27ac	1	2.257606	0.850075593447529	3.363493	0.858570114870868	6.458688	0.937904269081501	0	0.324957	0	0.123304	1	1.451634	0.999653429472898	1.0	0.0003466906798739	False
chr12	33588022	33588689	SYT10|chr12:33740957-33741624:.	-0.111998716623193	chr12	33439818	33439819	SYT10	ENSG00000110975	True	5.1738417959403296e-33	0.0	0.2	0.25	0.55	1.0	True	K562	Gasperini et al., 2019	True	Gasperini2019	148535	False	High H3K27ac	1	7.900268	0.958283327358594	12.615235	0.965297152387038	17.54572	0.989642918374663	0	0.433276	0	0.210108	1	1.351913	0.953327565587657	0.0070814772363521	0.0003466906798739	False
chr12	54303561	54304061	HNRNPA1|chr12:54697345-54697845:*	-0.34649651	chr12	54280193	54280194	HNRNPA1	ENSG00000135486	True	7.25048744906e-09	0.0	0.0	0.0	0.998676956916	0.0	True	K562	Nasser et al., 2021 from Fulco et al., 2019	True	Nasser2021	23121	False	High H3K27ac	1	11.540478	0.976332237098459	16.774808	0.97793762371608	1.289646	0.628095824436166	0	0.108319	0	0.175987	1	2.158442	0.97295130470966	0.0914266247666292	0.0025417211557928	True
chr12	54304241	54304761	HNRNPA1|chr12:54698025-54698545:*	-0.61310249	chr12	54280193	54280194	HNRNPA1	ENSG00000135486	True	7.76900306811e-52	0.0	0.0	0.0	0.999999999144	0.0	True	K562	Nasser et al., 2021 from Fulco et al., 2019	True	Nasser2021	23811	False	High H3K27ac	1	8.609585	0.963302108823392	17.693682	0.980057357502455	31.585495	0.998215371187207	0	0.974871	0	0.093745	1	0.991652	0.971866419739642	0.0878030245989559	0.0025417211557928	True
chr12	54306981	54307501	HNRNPA1|chr12:54700765-54701285:*	-0.1366466	chr12	54280193	54280194	HNRNPA1	ENSG00000135486	True	0.00512905205145	0.0	0.0	0.0	0.999999986545	0.0	True	K562	Nasser et al., 2021 from Fulco et al., 2019	True	Nasser2021	26551	False	High H3K27ac	1	2.823782	0.876813853083745	5.285064	0.904074253027634	28.782111	0.997615299490329	0	0.433276	0	0.162611	1	2.465174	0.967468176951518	0.0755885807336827	0.0025417211557928	True
chr12	54303561	54304061	NFE2|chr12:54697345-54697845:*	-0.60570454	chr12	54301120	54301121	NFE2	ENSG00000123405	True	1.72095549641e-26	0.0	0.0	0.0	0.992137442928	0.0	True	K562	Nasser et al., 2021 from Fulco et al., 2019	True	Nasser2021	2773	False	High H3K27ac	1	11.540478	0.976332237098459	16.774808	0.97793762371608	1.289646	0.628095824436166	0	0.108319	0	0.175987	1	2.158442	0.997464722811872	1.0	0.0025417211557928	True
chr12	54304241	54304761	NFE2|chr12:54698025-54698545:*	-0.892641	chr12	54301120	54301121	NFE2	ENSG00000123405	True	8.45026925497e-102	0.0	0.0	0.0	0.999999964425	0.0	True	K562	Nasser et al., 2021 from Fulco et al., 2019	True	Nasser2021	3463	False	High H3K27ac	1	8.609585	0.963302108823392	17.693682	0.980057357502455	31.585495	0.998215371187207	0	0.974871	0	0.093745	1	0.991652	0.997464722811872	1.0	0.0025417211557928	True
chr12	54306981	54307501	NFE2|chr12:54700765-54701285:*	-0.25948682	chr12	54301120	54301121	NFE2	ENSG00000123405	True	1.0699271656e-10	0.0	0.0	0.0	0.999999726544	0.0	True	K562	Nasser et al., 2021 from Fulco et al., 2019	True	Nasser2021	6203	False	High H3K27ac	1	2.823782	0.876813853083745	5.285064	0.904074253027634	28.782111	0.997615299490329	0	0.433276	0	0.162611	1	2.465174	0.995468267649085	0.558330139531121	0.0025417211557928	True
chr12	56007083	56007104	SUOX|chr12:56400867-56400888:*	-0.527499842	chr12	55997180	55997181	SUOX	ENSG00000139531	True	0.00017022	0.0	0.0	0.0	0.0	0.0	True	K562	Nasser et al., 2021 from Qi et al., 2018	True	Nasser2021	9834	True	High H3K27ac	1	1.313484	0.777848781932387	6.313989	0.918795492448448	0.336689	0.0589628890724606	0	0.0	0	0.043558	0	0.039983	0.991493494762011	0.29625562095856	0.0025417211557928	True
chr12	71752862	71753362	RAB21|chr12:72146642-72147142:.	-0.0462064930337872	chr12	71754874	71754875	RAB21	ENSG00000080371	True	0.0320225875263342	0.15	0.25	0.45	0.7	1.0	True	K562	Gasperini et al., 2019	True	Gasperini2019	1749	False	H3K27ac	1	0.79314	0.677215979052043	1.149759	0.690550039745009	4.787116	0.907666890069982	0	0.216638	0	0.15099	1	1.640565	0.999653429472898	1.0	0.0003466906798739	False
chr12	92403594	92404227	BTG1|chr12:92797370-92798003:.	-0.186994693883987	chr12	92145896	92145897	BTG1	ENSG00000133639	True	0.0001340582180224	0.4	0.55	0.7	0.8	1.0	True	K562	Gasperini et al., 2019	True	Gasperini2019	258012	False	H3K27ac	1	2.149515	0.845313985567107	3.657853	0.868451815022055	14.410249	0.983782477906451	0	0.108319	0	0.136991	1	3.100423	0.905288450837174	0.0033137993336291	0.0003466906798739	False
chr12	92404527	92405395	BTG1|chr12:92798303-92799171:.	-0.218817255540454	chr12	92145896	92145897	BTG1	ENSG00000133639	True	1.769925412893e-10	0.25	0.5	0.65	0.85	1.0	True	K562	Gasperini et al., 2019	True	Gasperini2019	259063	False	High H3K27ac	1	7.075999	0.951931919138391	8.547327	0.94183980423635	7.944604	0.953887997007435	0	0.866552	0	0.440144	1	4.543255	0.904808018784043	0.0032953249126727	0.0003466906798739	False
chr12	101855210	101856351	DRAM1|chr12:102248988-102250129:.	-0.0546699627756457	chr12	101877351	101877352	DRAM1	ENSG00000136048	True	7.66947489571702e-25	0.0	0.05	0.2	0.3	1.0	True	K562	Gasperini et al., 2019	True	Gasperini2019	21545	False	High H3K27ac	1	14.47235	0.984008478935145	16.88878	0.978210383578298	11.649645	0.975326922177715	0	1.299828	0	0.334348	1	4.328316	0.996570643979983	0.100748289791761	0.0003466906798739	False
chr12	124887089	124887589	SCARB1|chr12:125371635-125372135:.	-0.0411759920319337	chr12	124882667	124882668	SCARB1	ENSG00000073060	True	5.7082571354238e-06	0.1	0.3	0.65	0.8	1.0	True	K562	Gasperini et al., 2019	True	Gasperini2019	23365	False	H3K27ac	1	2.067652	0.840271824685547	3.217411	0.853730575601241	5.268825	0.91803176483424	0	0.541595	0	0.187608	1	2.135882	0.996167591099471	0.0901161719405599	0.0003466906798739	False
chr13	42258661	42259161	AKAP11|chr13:42832797-42833297:.	-0.068864983508302	chr13	42272153	42272154	AKAP11	ENSG00000023516	True	0.0026920024955802	0.1	0.35	0.65	0.75	1.0	True	K562	Gasperini et al., 2019	True	Gasperini2019	13240	False	H3K27ac	1	1.744123	0.817897722844807	4.321338	0.885440857868732	1.228092	0.612299131844324	0	0.216638	0	0.079745	1	2.172728	0.998241533657032	0.196808450366916	0.0003466906798739	False
chr13	42259456	42260210	AKAP11|chr13:42833592-42834346:.	-0.0950695024165531	chr13	42272153	42272154	AKAP11	ENSG00000023516	True	1.62437969138712e-07	0.25	0.35	0.55	0.75	1.0	True	K562	Gasperini et al., 2019	True	Gasperini2019	12318	False	High H3K27ac	1	13.158867	0.980961361617232	17.444174	0.979480665222338	4.690733	0.90510294736514	0	0.108319	0	0.490761	1	2.661298	0.998407441012438	0.21734739951182	0.0003466906798739	False
chr14	20820431	20821091	RNASE1|chr14:21288590-21289250:.	-0.0673426808454178	chr14	20803277	20803278	RNASE1	ENSG00000129538	True	0.0426515048885028	0.15	0.3	0.45	0.6	1.0	True	K562	Gasperini et al., 2019	True	Gasperini2019	17883	False	H3K27ac	1	3.17844	0.888332112408236	4.7657	0.894769245156564	4.092717	0.886843622874421	0	0.0	0	0.252224	1	1.525179	0.997343657717198	0.130167619211048	0.0003466906798739	False
chr14	55102919	55103626	LGALS3|chr14:55569637-55570344:.	-0.0201482705110344	chr14	55124110	55124111	LGALS3	ENSG00000131981	True	0.0052866304208651	0.0	0.0	0.0	0.0	0.15	True	K562	Gasperini et al., 2019	True	Gasperini2019	25943	False	High H3K27ac	1	21.004718	0.992674449414735	28.339791	0.992783553359622	7.559281	0.950178462881279	0	1.841422	0	0.100491	1	2.557916	0.995576918491088	0.0780354687208525	0.0003466906798739	False
chr14	91267362	91267862	GPR68|chr14:91733706-91734206:.	-0.0260867289064607	chr14	91253924	91253925	GPR68	ENSG00000119714	True	0.0308698419893844	0.0	0.0	0.0	0.0	0.0	True	K562	Gasperini et al., 2019	True	Gasperini2019	13731	False	H3K27ac	1	2.466183	0.86160164591094	4.296089	0.88508237347839	1.412178	0.655777053881763	0	0.216638	0	0.100804	1	2.140234	0.998151399230558	0.187195522655164	0.0003466906798739	False
chr14	95523233	95524524	GLRX5|chr14:95989570-95990861:.	-0.0766620698457603	chr14	95533503	95533504	GLRX5	ENSG00000182512	True	0.0010461884689085	0.65	0.75	1.0	1.0	1.0	True	K562	Gasperini et al., 2019	True	Gasperini2019	11106	False	High H3K27ac	1	12.090227	0.978077900216649	13.164985	0.967479231284777	3.874481	0.878793310369551	1	4.007802	0	0.464204	1	5.193778	0.998618580391197	0.250620269441878	0.0003466906798739	False
chr14	95545711	95546211	GLRX5|chr14:96012048-96012548:.	-0.191673722809912	chr14	95533503	95533504	GLRX5	ENSG00000182512	True	6.5431767236061596e-12	0.55	0.65	0.85	1.0	1.0	True	K562	Gasperini et al., 2019	True	Gasperini2019	10975	False	H3K27ac	1	1.712994	0.817048270702474	2.272309	0.810860518399601	0.89156	0.501753456257111	0	0.0	0	0.127554	1	1.948132	0.998640909033297	0.25474343085551	0.0003466906798739	False
chr14	100770440	100770940	DLK1|chr14:101236777-101237277:.	-0.107076419142375	chr14	100725705	100725706	DLK1	ENSG00000185559	True	1.2269999981338002e-16	0.05	0.1	0.25	0.45	1.0	True	K562	Gasperini et al., 2019	True	Gasperini2019	43825	False	High H3K27ac	1	17.999805	0.989798781153073	27.287578	0.992183481662744	1.170042	0.596580370641687	1	1.949741	0	0.27297	1	3.159569	0.99094591757038	0.0379443987340833	0.0003466906798739	False
chr14	100770440	100770940	MEG3|chr14:101236777-101237277:.	-0.289306815034065	chr14	100779410	100779411	MEG3	ENSG00000214548	True	5.65681828226465e-41	0.25	0.45	0.65	0.7	1.0	True	K562	Gasperini et al., 2019	True	Gasperini2019	55416	False	High H3K27ac	1	17.999805	0.989798781153073	27.287578	0.992183481662744	1.170042	0.596580370641687	1	1.949741	0	0.27297	1	3.159569	0.987540389525638	0.0274784713175516	0.0003466906798739	False
chr15	51652121	51652621	SCG3|chr15:51944318-51944818:.	-0.0541040773049689	chr15	51681353	51681354	SCG3	ENSG00000104112	True	1.03601878684528e-05	0.05	0.05	0.1	0.2	1.0	True	K562	Gasperini et al., 2019	True	Gasperini2019	28980	False	High H3K27ac	1	3.999769	0.909178759020558	5.821834	0.912054427282221	13.220336	0.98061067036581	0	0.216638	0	0.102558	1	2.184846	0.9948533079633	0.0670151559979004	0.0003466906798739	False
chr15	51672071	51672800	SCG3|chr15:51964268-51964997:.	-0.0424690122790455	chr15	51681353	51681354	SCG3	ENSG00000104112	True	0.0005458654429228	0.0	0.05	0.2	0.25	1.0	True	K562	Gasperini et al., 2019	True	Gasperini2019	8916	False	H3K27ac	1	4.103195	0.911672563475116	4.223049	0.883484779999688	3.917103	0.88035193815365	0	0.0	0	0.340782	1	3.201049	0.998978352064944	0.338997879967224	0.0003466906798739	False
chr15	72237366	72237866	PKM|chr15:72529707-72530207:.	-0.291802693578427	chr15	72231821	72231822	PKM	ENSG00000067225	True	8.15689068614678e-10	0.2	0.35	0.55	0.65	1.0	True	K562	Gasperini et al., 2019	True	Gasperini2019	5991	False	High H3K27ac	1	10.020614	0.970658831964339	23.815014	0.989190916317274	10.373176	0.96973924157172	0	0.866552	0	0.141865	1	1.207283	0.999408404866312	0.585680239110045	0.0003466906798739	False
chr15	75831413	75832596	UBE2Q2|chr15:76123754-76124937:.	-0.0466085407894837	chr15	75843285	75843286	UBE2Q2	ENSG00000140367	True	0.0123069017832688	0.2	0.5	0.65	0.8	1.0	True	K562	Gasperini et al., 2019	True	Gasperini2019	11280	True	High H3K27ac	1	9.628709	0.968850823734784	12.402738	0.96437756199442	6.911789	0.943601053632382	0	0.974871	0	0.457339	1	6.326626	0.998588771024536	0.245319098431352	0.0003466906798739	False
chr15	76313605	76314105	ETFA|chr15:76605946-76606446:.	-0.101241683077187	chr15	76311471	76311472	ETFA	ENSG00000140374	True	0.0004703699990281	0.45	0.6	0.8	0.95	1.0	True	K562	Gasperini et al., 2019	True	Gasperini2019	2385	True	H3K27ac	1	2.74584	0.873813494599355	4.575747	0.890732399195748	2.371986	0.790426908150065	1	1.299828	0	0.203791	1	3.215513	0.999653429472898	1.0	0.0003466906798739	False
chr15	81944915	81945415	MEX3B|chr15:82237256-82237756:.	-0.0258156247546296	chr15	82046140	82046141	MEX3B	ENSG00000183496	True	3.9198916149003e-05	0.0	0.05	0.05	0.1	0.65	True	K562	Gasperini et al., 2019	True	Gasperini2019	100977	False	High H3K27ac	1	7.456886	0.955095933540111	10.076992	0.952500818279587	10.164353	0.968679374678533	0	0.541595	0	0.159609	1	3.082314	0.972010794621181	0.0120398946190531	0.0003466906798739	False
chr15	88917703	88918547	MFGE8|chr15:89460934-89461778:.	-0.0666625998543813	chr15	88913410	88913411	MFGE8	ENSG00000140545	True	0.0004813303160042	0.4	0.6	0.8	0.95	1.0	True	K562	Gasperini et al., 2019	True	Gasperini2019	4655	False	H3K27ac	1	3.804914	0.904549634501785	4.044621	0.878668620146823	2.087961	0.761000015586278	0	0.216638	0	0.159803	1	3.229898	0.999581782975367	0.828626448753099	0.0003466906798739	False
chr15	88919731	88920974	MFGE8|chr15:89462962-89464205:.	-0.0704282024517624	chr15	88913410	88913411	MFGE8	ENSG00000140545	True	0.0031783834786674	0.1	0.45	0.65	0.75	1.0	True	K562	Gasperini et al., 2019	True	Gasperini2019	6882	False	High H3K27ac	1	6.742668	0.949064044015649	6.902472	0.926027525366667	3.231019	0.850340560170826	0	1.191509	0	0.306973	1	4.669691	0.999284217398044	0.48400523255302	0.0003466906798739	False
chr15	88985349	88986410	MFGE8|chr15:89528580-89529641:.	-0.134913469329818	chr15	88913410	88913411	MFGE8	ENSG00000140545	True	8.4081719943439e-13	0.1	0.35	0.65	0.7	1.0	True	K562	Gasperini et al., 2019	True	Gasperini2019	72409	False	High H3K27ac	1	22.695168	0.99400707617014	28.844451	0.993103072055362	14.631522	0.984226686824919	0	1.08319	0	0.176299	1	2.992576	0.982100143041904	0.0190216585022199	0.0003466906798739	False
chr16	142952	143452	HBZ|chr16:192951-193451:.	-0.351458377552336	chr16	152687	152688	HBZ	ENSG00000130656	True	6.869340217391921e-23	0.6	0.85	0.9	0.95	1.0	True	K562	Gasperini et al., 2019	True	Gasperini2019	9651	False	High H3K27ac	1	8.579436	0.963138452906061	16.255681	0.976901136239655	10.053902	0.968188406926542	1	2.05806	0	0.191858	1	3.8172	0.998860900837983	0.304008444881906	0.0003466906798739	False
chr16	144736	145236	HBZ|chr16:194735-195235:.	-0.221834287552494	chr16	152687	152688	HBZ	ENSG00000130656	True	0.0001206792085322	0.45	0.75	0.8	0.9	1.0	True	K562	Gasperini et al., 2019	True	Gasperini2019	7867	False	H3K27ac	1	3.065448	0.884871958727536	4.375991	0.88667217381817	7.035891	0.944972646082389	0	0.649914	0	0.33934	1	2.993184	0.999139774776209	0.402676459868879	0.0003466906798739	False
chr16	11231111	11231611	SOCS1|chr16:11324968-11325468:.	-0.0831440603372792	chr16	11256178	11256179	SOCS1	ENSG00000185338	True	0.0054385713244221	0.3	0.5	0.55	0.65	1.0	True	K562	Gasperini et al., 2019	True	Gasperini2019	24820	False	H3K27ac	1	1.944859	0.832424133792609	2.223536	0.807150984273446	2.005802	0.750978038934522	0	0.216638	0	0.100804	1	2.127983	0.995836980467173	0.082931967308676	0.0003466906798739	False
chr16	11233038	11233538	SOCS1|chr16:11326895-11327395:.	-0.116034047680101	chr16	11256178	11256179	SOCS1	ENSG00000185338	True	7.685457090288929e-11	0.25	0.45	0.6	0.8	1.0	True	K562	Gasperini et al., 2019	True	Gasperini2019	22893	False	High H3K27ac	1	8.651497	0.963504730435325	16.81966	0.978070107077729	16.061321	0.986993251141695	1	1.624784	0	0.096241	1	2.081612	0.996273260351606	0.0926811869244254	0.0003466906798739	False
chr16	23803436	23804335	PRKCB|chr16:23814757-23815656:.	-0.111716846956897	chr16	23836001	23836002	PRKCB	ENSG00000166501	True	0.0003464554767872	0.45	0.7	0.85	0.95	1.0	True	K562	Gasperini et al., 2019	True	Gasperini2019	32092	False	High H3K27ac	1	7.732623	0.956981873158871	8.40689	0.940811109898845	6.391488	0.936992471827803	1	17.439353	0	0.372719	1	4.264868	0.994082849451606	0.0582441254635541	0.0003466906798739	False
chr16	23821649	23822380	PRKCB|chr16:23832970-23833701:.	-0.418987303001867	chr16	23836001	23836002	PRKCB	ENSG00000166501	True	3.73055331228293e-148	0.55	0.85	1.0	1.0	1.0	True	K562	Gasperini et al., 2019	True	Gasperini2019	13963	False	High H3K27ac	1	13.270135	0.981187362645927	18.320393	0.981351018563257	17.526316	0.989611745818981	0	0.324957	0	0.180861	1	4.362287	0.998108390691977	0.182931472735552	0.0003466906798739	False
chr16	23826451	23827389	PRKCB|chr16:23837772-23838710:.	-0.14317923652634	chr16	23836001	23836002	PRKCB	ENSG00000166501	True	9.23756232561364e-06	0.4	0.7	0.9	0.95	1.0	True	K562	Gasperini et al., 2019	True	Gasperini2019	9057	False	High H3K27ac	1	21.525062	0.99306410636076	26.961108	0.991980860050811	4.363041	0.895525179631852	0	0.649914	0	0.246489	1	6.410041	0.998956090409397	0.331761264831595	0.0003466906798739	False
chr16	29654824	29655324	SPN|chr16:29666145-29666645:.	-0.105034065440436	chr16	29662979	29662980	SPN	ENSG00000197471	True	0.0125924078452649	0.3	0.45	0.6	0.85	1.0	True	K562	Gasperini et al., 2019	True	Gasperini2019	8143	False	High H3K27ac	1	4.726729	0.923253167910971	7.385806	0.93142817063857	14.748717	0.98454620552066	0	0.324957	0	0.265599	1	2.664074	0.999098037190798	0.384026895832636	0.0003466906798739	False
chr17	32893739	32895015	MYO1D|chr17:31220757-31222033:*	-0.387	chr17	32877176	32877177	MYO1D	ENSG00000176658	True	0.0	0.0	0.0	0.0	0.256838173	0.0	True	K562	Nasser et al., 2021 from Huang et al., 2018	True	Nasser2021	17203	False	High H3K27ac	1	15.082398	0.985263174301345	15.876518	0.97588023504107	5.58606	0.924164965164669	0	1.191509	0	0.372095	1	7.600084	0.981823733496477	0.137295640675379	0.0025417211557928	True
chr17	32897552	32897572	MYO1D|chr17:31224570-31224590:*	-0.69	chr17	32877176	32877177	MYO1D	ENSG00000176658	True	0.0	0.0	0.0	0.0	0.387425634	0.0	True	K562	Nasser et al., 2021 from Huang et al., 2018	True	Nasser2021	20388	False	High H3K27ac	1	2.103683	0.841994108386976	11.684836	0.96107327109213	3.440937	0.860689848657242	0	0.0	0	0.009125	1	0.14752	0.977150093038628	0.108693793285893	0.0025417211557928	True
chr17	32909510	32913691	MYO1D|chr17:31236528-31240709:*	-0.82	chr17	32877176	32877177	MYO1D	ENSG00000176658	True	0.0	0.0	0.0	0.0	0.425242787	0.0	True	K562	Nasser et al., 2021 from Huang et al., 2018	True	Nasser2021	34426	False	High H3K27ac	1	30.792251	0.997054193488053	30.792251	0.994053835003663	22.672875	0.9946383204227	1	29.24612	0	1.626974	1	24.165042	0.954141554332993	0.052883645291407	0.0025417211557928	True
chr17	32893739	32895015	SPACA3|chr17:31220757-31222033:*	-0.328	chr17	32970376	32970377	SPACA3	ENSG00000141316	True	0.0	0.0	0.0	0.0	0.198588234	0.0	True	K562	Nasser et al., 2021 from Huang et al., 2018	True	Nasser2021	97485	False	High H3K27ac	1	15.082398	0.985263174301345	15.876518	0.97588023504107	5.58606	0.924164965164669	0	1.191509	0	0.372095	1	7.600084	0.832546688670928	0.0126369643871762	0.0025417211557928	True
chr17	32909510	32913691	SPACA3|chr17:31236528-31240709:*	-0.687	chr17	32970376	32970377	SPACA3	ENSG00000141316	True	0.0	0.0	0.0	0.0	0.359853692	0.0	True	K562	Nasser et al., 2021 from Huang et al., 2018	True	Nasser2021	80262	False	High H3K27ac	1	30.792251	0.997054193488053	30.792251	0.994053835003663	22.672875	0.9946383204227	1	29.24612	0	1.626974	1	24.165042	0.866589473822372	0.0165101574973858	0.0025417211557928	True
chr17	32893739	32895015	TMEM98|chr17:31220757-31222033:*	-0.329	chr17	32927910	32927911	TMEM98	ENSG00000006042	True	0.0	0.0	0.0	0.0	0.826891353	0.0	True	K562	Nasser et al., 2021 from Huang et al., 2018	True	Nasser2021	33531	False	High H3K27ac	1	15.082398	0.985263174301345	15.876518	0.97588023504107	5.58606	0.924164965164669	0	1.191509	0	0.372095	1	7.600084	0.955700822630294	0.0548345396849115	0.0025417211557928	True
chr17	32896587	32897843	TMEM98|chr17:31223605-31224861:.	-0.0826614609050776	chr17	32927910	32927911	TMEM98	ENSG00000006042	True	0.0005032726871606	0.45	0.7	0.8	0.95	1.0	True	K562	Gasperini et al., 2019	True	Gasperini2019	30693	False	High H3K27ac	1	37.5577	0.998363440826696	43.630022	0.997755575990898	17.776922	0.989931264514721	0	1.191509	0	0.50858	1	9.34812	0.994432703922529	0.0619260311315065	0.0003466906798739	False
chr17	32909510	32913691	TMEM98|chr17:31236528-31240709:*	-0.932	chr17	32927910	32927911	TMEM98	ENSG00000006042	True	0.0	0.0	0.0	0.0	1.0	0.0	True	K562	Nasser et al., 2021 from Huang et al., 2018	True	Nasser2021	16308	False	High H3K27ac	1	30.792251	0.997054193488053	30.792251	0.994053835003663	22.672875	0.9946383204227	1	29.24612	0	1.626974	1	24.165042	0.983089598843779	0.14776347458215	0.0025417211557928	True
chr17	40816451	40817141	KRT10|chr17:38972703-38973393:.	-0.118710993479368	chr17	40822594	40822595	KRT10	ENSG00000186395	True	0.0139887805301455	0.65	0.7	0.9	0.9	1.0	True	K562	Gasperini et al., 2019	True	Gasperini2019	5814	False	H3K27ac	1	3.332363	0.892571579980985	4.090453	0.879938901790863	2.316917	0.78514315996197	0	0.324957	0	0.141553	1	1.875604	0.999432294037716	0.610340360199995	0.0003466906798739	False
chr17	41530112	41531001	KRT19|chr17:39686364-39687253:.	-0.445214180979172	chr17	41528307	41528308	KRT19	ENSG00000171345	True	6.56827063033153e-159	0.6	0.7	0.9	1.0	1.0	True	K562	Gasperini et al., 2019	True	Gasperini2019	2166	False	High H3K27ac	1	22.213051	0.993671971196559	28.376058	0.992814725915304	17.224616	0.98912857120591	0	3.032931	0	0.539699	1	4.241863	0.999653429472898	1.0	0.0003466906798739	False
chr17	42624116	42624616	TUBG1|chr17:40776134-40776634:.	-0.0892284908062047	chr17	42609676	42609677	TUBG1	ENSG00000131462	True	0.0028327880720888	0.55	0.9	0.95	1.0	1.0	True	K562	Gasperini et al., 2019	True	Gasperini2019	15026	True	High H3K27ac	1	5.95835	0.941013731510778	9.056888	0.945923409030689	8.31675	0.957106563381599	1	5.632586	0	0.158049	1	4.084903	0.997907980415341	0.165373880205873	0.0003466906798739	False
chr17	41792441	41793544	JUP|chr17:39948693-39949796:.	-0.102514392090151	chr17	41786930	41786931	JUP	ENSG00000173801	True	1.95810041706857e-08	0.25	0.45	0.75	0.85	1.0	True	K562	Gasperini et al., 2019	True	Gasperini2019	6279	False	High H3K27ac	1	15.336807	0.985722969497654	20.973589	0.985707383219813	17.548022	0.989642918374663	0	1.08319	0	0.362152	1	3.16026	0.99936896974015	0.549057516903524	0.0003466906798739	False
chr17	42699222	42699316	EZH1|chr17:40851240-40851334:*	-0.58	chr17	42745048	42745049	EZH1	ENSG00000108799	True	0.0	0.0	0.0	0.0	0.736573728	0.0	True	K562	Nasser et al., 2021 from Xu et al., 2015	True	Nasser2021	45826	False	H3K27ac	1	0.318628	0.436462538381209	2.31128	0.813003631602737	10.852739	0.972170700914915	0	0.108319	0	0.077991	1	0.386106	0.93350874288564	0.0356846753074494	0.0025417211557928	True
chr17	44281453	44282034	SLC25A39|chr17:42358821-42359402:.	-0.134739686489577	chr17	44324869	44324870	SLC25A39	ENSG00000013306	True	0.0001720869778927	0.45	0.65	0.9	0.95	1.0	True	K562	Gasperini et al., 2019	True	Gasperini2019	43126	False	H3K27ac	0	2.425252	0.859435153291043	2.939714	0.843521563615393	3.746719	0.873782322043673	0	0.108319	0	0.162611	1	2.967437	0.99114216681487	0.0387927548964922	0.0003466906798739	False
chr17	44288325	44288825	SLC25A39|chr17:42365693-42366193:.	-0.245635279078288	chr17	44324869	44324870	SLC25A39	ENSG00000013306	True	1.00938999056529e-32	0.35	0.75	0.95	1.0	1.0	True	K562	Gasperini et al., 2019	True	Gasperini2019	36294	False	High H3K27ac	1	9.890959	0.970136691656666	13.583862	0.969146963013763	28.196226	0.997397091600555	0	0.758233	0	0.091249	1	1.716476	0.992999498135988	0.0491769987081982	0.0003466906798739	False
chr17	44326738	44327238	SLC25A39|chr17:42404106-42404606:.	-0.101209516792114	chr17	44324869	44324870	SLC25A39	ENSG00000013306	True	0.0126312698210217	0.4	0.65	0.75	1.0	1.0	True	K562	Gasperini et al., 2019	True	Gasperini2019	2117	False	H3K27ac	1	0.675247	0.641570161629701	1.19167	0.69955111519818	15.13017	0.985208622328902	0	0.541595	0	0.164484	0	0.625201	0.999653429472898	1.0	0.0003466906798739	False
chr17	44288325	44288825	UBTF|chr17:42365693-42366193:.	-0.0693250885546928	chr17	44221625	44221626	UBTF	ENSG00000108312	True	0.0069352632319663	0.3	0.55	0.75	0.95	1.0	True	K562	Gasperini et al., 2019	True	Gasperini2019	68901	True	High H3K27ac	1	9.890959	0.970136691656666	13.583862	0.969146963013763	28.196226	0.997397091600555	0	0.758233	0	0.091249	1	1.716476	0.983262012958771	0.02036611540726	0.0003466906798739	False
chr17	48521699	48522551	ATP5G1|chr17:46599061-46599913:.	-0.0835094495111651	chr17	48892765	48892766	ATP5G1	ENSG00000159199	True	0.0461545389918014	0.75	0.9	1.0	1.0	1.0	True	K562	Gasperini et al., 2019	True	Gasperini2019	370659	False	High H3K27ac	1	10.456899	0.972536978444178	12.51671	0.964813977773968	14.700865	0.984429308436852	0	1.408146	0	0.281665	1	3.128996	0.853109552894903	0.0020135082759225	0.0003466906798739	False
chr17	50153521	50154769	PPP1R9B|chr17:48230882-48232130:.	-0.0477184129970374	chr17	50150629	50150630	PPP1R9B	ENSG00000108819	True	8.4425548514002e-06	0.1	0.25	0.4	0.8	1.0	True	K562	Gasperini et al., 2019	True	Gasperini2019	3627	False	High H3K27ac	1	9.357873	0.967455851868015	11.935087	0.962234448791284	16.714509	0.98818560139653	0	1.08319	0	0.418774	1	8.10862	0.999653429472898	1.0	0.0003466906798739	False
chr17	55737819	55738706	PCTP|chr17:53815180-53816067:.	-0.0683921872622758	chr17	55750979	55750980	PCTP	ENSG00000141179	True	0.006164132645427	0.35	0.55	0.75	0.8	1.0	True	K562	Gasperini et al., 2019	True	Gasperini2019	12715	True	High H3K27ac	1	18.809371	0.990733957823532	20.943203	0.985668417525211	15.241563	0.985387864524073	0	0.866552	0	0.207924	1	1.994997	0.998336548235451	0.208069740299691	0.0003466906798739	False
chr17	57851171	57852134	MRPS23|chr17:55928532-55929495:.	-0.0802733142134828	chr17	57850055	57850056	MRPS23	ENSG00000181610	True	0.0097774033650244	0.75	0.9	1.0	1.0	1.0	True	K562	Gasperini et al., 2019	True	Gasperini2019	1579	True	High H3K27ac	1	4.289228	0.915537960379682	5.438006	0.906482332954067	4.64717	0.903879424554622	0	0.433276	0	0.290165	1	4.006265	0.999653429472898	1.0	0.0003466906798739	False
chr17	64023910	64024664	ICAM2|chr17:62101270-62102024:.	-0.13336642210807	chr17	64020633	64020634	ICAM2	ENSG00000108622	True	3.0563899238661003e-10	0.55	0.65	0.8	0.9	1.0	True	K562	Gasperini et al., 2019	True	Gasperini2019	3652	False	High H3K27ac	1	18.872847	0.99085085490734	24.874088	0.990219610654779	8.755421	0.960356302311445	0	0.433276	0	0.478203	1	5.240035	0.999653429472898	1.0	0.0003466906798739	False
chr17	64025648	64026148	ICAM2|chr17:62103008-62103508:.	-0.0977991844237168	chr17	64020633	64020634	ICAM2	ENSG00000108622	True	9.15000860474471e-06	0.45	0.7	0.9	0.95	1.0	True	K562	Gasperini et al., 2019	True	Gasperini2019	5263	False	High H3K27ac	1	4.37011	0.917042036191337	6.243889	0.917883695194751	8.77247	0.960465406256332	1	30.654266	0	0.302099	1	1.955719	0.99950490632245	0.69990600006172	0.0003466906798739	False
chr17	78258528	78259028	SOCS3|chr17:76254609-76255109:.	-0.0421778921869878	chr17	78360076	78360077	SOCS3	ENSG00000184557	True	0.0001322837438145	0.05	0.1	0.25	0.4	0.9	True	K562	Gasperini et al., 2019	True	Gasperini2019	101300	False	High H3K27ac	1	3.966679	0.908492962795555	9.27405	0.947318380897458	8.652132	0.959545815863714	0	0.541595	0	0.070933	1	0.963164	0.971891058032776	0.0119871310725843	0.0003466906798739	False
chr17	80254696	80255316	RNF213|chr17:78228495-78229115:.	-0.0782764496832104	chr17	80260866	80260867	RNF213	ENSG00000173821	True	1.0482592699544e-06	0.3	0.55	0.95	1.0	1.0	True	K562	Gasperini et al., 2019	True	Gasperini2019	5853	False	High H3K27ac	1	25.095408	0.995121495035771	35.903281	0.99590860206674	9.06324	0.962452656681058	0	0.324957	0	0.235728	1	4.345654	0.999427053354767	0.604754469713784	0.0003466906798739	False
chr18	9868423	9870282	VAPA|chr18:9868420-9870279:.	-0.0865074123972711	chr18	9914002	9914003	VAPA	ENSG00000101558	True	0.0001906033717422	0.75	0.95	1.0	1.0	1.0	True	K562	Gasperini et al., 2019	True	Gasperini2019	44604	True	High H3K27ac	1	39.548154	0.998620614411072	49.162397	0.99842578593806	21.729643	0.994038248725822	0	1.733103	0	0.820309	1	13.168883	0.990725912633768	0.0370360367177855	0.0003466906798739	False
chr18	9876828	9877738	RAB31|chr18:9876825-9877735:.	-0.0516328213313916	chr18	9708165	9708166	RAB31	ENSG00000168461	True	9.1421359058462e-06	0.0	0.25	0.4	0.55	1.0	True	K562	Gasperini et al., 2019	True	Gasperini2019	169052	False	High H3K27ac	1	37.503553	0.998355647687776	52.983265	0.998698545800277	33.315117	0.998495924188344	0	0.866552	0	0.262673	1	3.301571	0.94474042037163	0.0059271659474382	0.0003466906798739	False
chr18	11946724	11947668	IMPA2|chr18:11946723-11947667:.	-0.0455921957681289	chr18	11981025	11981026	IMPA2	ENSG00000141401	True	0.0001381375570292	0.15	0.3	0.5	0.75	1.0	True	K562	Gasperini et al., 2019	True	Gasperini2019	34230	False	High H3K27ac	1	6.586785	0.947552175065073	8.730419	0.943242569242039	23.262263	0.995059149924407	0	1.191509	0	0.205545	1	2.082269	0.993537583419985	0.0533005286816957	0.0003466906798739	False
chr18	11951417	11952091	IMPA2|chr18:11951416-11952090:.	-0.0415328217466564	chr18	11981025	11981026	IMPA2	ENSG00000141401	True	0.0013477610419398	0.15	0.25	0.6	0.75	1.0	True	K562	Gasperini et al., 2019	True	Gasperini2019	29672	False	H3K27ac	1	1.789956	0.822573606197104	3.056627	0.847628547826494	6.512136	0.93868358297355	0	1.08319	0	0.153487	1	2.779672	0.9946844462122	0.064875239849663	0.0003466906798739	False
chr18	50425136	50425636	SKA1|chr18:47951506-47952006:.	-0.0853065625831634	chr18	50374995	50374996	SKA1	ENSG00000154839	True	1.61193448902877e-06	0.3	0.55	0.55	0.7	1.0	True	K562	Gasperini et al., 2019	True	Gasperini2019	50364	False	High H3K27ac	1	4.883593	0.925824903754734	8.80836	0.943858227216758	9.705291	0.966395984974828	0	0.324957	0	0.139487	1	0.918779	0.989058457408034	0.0313390315992212	0.0003466906798739	False
chr18	74479914	74480817	FAM69C|chr18:72147149-72148052:.	-0.0232879480801953	chr18	74457943	74457944	FAM69C	ENSG00000187773	True	0.0034854439299882	0.0	0.05	0.05	0.1	0.25	True	K562	Gasperini et al., 2019	True	Gasperini2019	23096	False	H3K27ac	1	3.862509	0.90636543587026	4.897315	0.897317601583566	3.527125	0.864578624978569	0	0.758233	0	0.197045	1	2.832331	0.996227910072199	0.0915627511705981	0.0003466906798739	False
chr19	555793	556394	BSG|chr19:555793-556394:.	-0.229334943067899	chr19	571277	571278	BSG	ENSG00000172270	True	5.79315497501494e-27	0.75	0.85	0.95	0.95	1.0	True	K562	Gasperini et al., 2019	True	Gasperini2019	16359	False	High H3K27ac	1	3.532119	0.8981670537259	7.661542	0.934233700649948	28.090483	0.997350332767032	1	4.224439	0	0.097995	1	0.823656	0.997649188437076	0.147130327615356	0.0003466906798739	False
chr19	2059459	2060334	DAZAP1|chr19:2059458-2060333:.	-0.0572453183312126	chr19	1407569	1407570	DAZAP1	ENSG00000071626	True	0.0308090229092329	0.8	1.0	1.0	1.0	1.0	True	K562	Gasperini et al., 2019	True	Gasperini2019	652327	False	High H3K27ac	1	46.767025	0.999150547857666	58.38176	0.999018064496018	11.469846	0.974609953397029	0	0.758233	0	0.231166	1	2.609755	0.727470856585032	0.0009254326443682	0.0003466906798739	False
chr19	3133302	3133802	TIMM13|chr19:3133300-3133800:.	-0.10529075844419	chr19	2427893	2427894	TIMM13	ENSG00000099800	True	0.0082422875355565	0.3	0.5	0.6	0.8	0.95	True	K562	Gasperini et al., 2019	True	Gasperini2019	705635	True	High H3K27ac	1	4.255158	0.914961268099565	6.764232	0.924484483860409	2.079227	0.759947941832011	0	0.433276	0	0.114491	1	1.627953	0.705535865545464	0.0008306706327903	0.0003466906798739	False
chr19	2059459	2060334	MBD3|chr19:2059458-2060333:.	-0.0519681488857526	chr19	1592800	1592801	MBD3	ENSG00000071655	True	0.000645843850625	0.3	0.6	0.85	0.9	1.0	True	K562	Gasperini et al., 2019	True	Gasperini2019	467134	False	High H3K27ac	1	46.767025	0.999150547857666	58.38176	0.999018064496018	11.469846	0.974609953397029	0	0.758233	0	0.231166	1	2.609755	0.808619021795124	0.0014648304186481	0.0003466906798739	False
chr19	2059459	2060334	MKNK2|chr19:2059458-2060333:.	-0.0659870975797764	chr19	2051243	2051244	MKNK2	ENSG00000099875	True	0.0005605111532587	0.25	0.8	0.95	1.0	1.0	True	K562	Gasperini et al., 2019	True	Gasperini2019	8651	False	High H3K27ac	1	46.767025	0.999150547857666	58.38176	0.999018064496018	11.469846	0.974609953397029	0	0.758233	0	0.231166	1	2.609755	0.999019836542569	0.353360313234097	0.0003466906798739	False
chr19	4870060	4870560	PLIN3|chr19:4870072-4870572:.	-0.0974215595538682	chr19	4867767	4867768	PLIN3	ENSG00000105355	True	5.68432007719651e-05	0.2	0.45	0.7	0.85	1.0	True	K562	Gasperini et al., 2019	True	Gasperini2019	2541	True	H3K27ac	1	3.135549	0.886843622874421	3.810796	0.872932869901339	9.721765	0.966473916364033	0	1.624784	0	0.123616	1	1.35257	0.999653429472898	1.0	0.0003466906798739	False
chr19	6674793	6675293	NRTN|chr19:6674804-6675304:.	-0.0084324780252157	chr19	5823802	5823803	NRTN	ENSG00000171119	True	0.0009798405261884	0.0	0.0	0.05	0.05	0.15	True	K562	Gasperini et al., 2019	True	Gasperini2019	851241	False	H3K27ac	1	2.587016	0.867010084321763	3.501969	0.863503171807541	7.01858	0.944840162720741	1	4.332758	0	0.240603	1	3.147634	0.649264859186375	0.000641777937983	0.0003466906798739	False
chr19	8033154	8033923	HNRNPM|chr19:8098038-8098807:.	-0.0627294321477411	chr19	8444767	8444768	HNRNPM	ENSG00000099783	True	0.0035292639654105	0.7	0.95	1.0	1.0	1.0	True	K562	Gasperini et al., 2019	True	Gasperini2019	411379	False	High H3K27ac	1	23.342463	0.994365560560482	24.694917	0.99006374787637	13.092264	0.980174254586262	0	0.866552	0	0.054749	1	1.374769	0.834222882079343	0.0017446153111004	0.0003466906798739	False
chr19	8033154	8033923	ELAVL1|chr19:8098038-8098807:.	-0.0653524353517153	chr19	8005658	8005659	ELAVL1	ENSG00000066044	True	0.0369882724191647	0.75	0.95	1.0	1.0	1.0	True	K562	Gasperini et al., 2019	True	Gasperini2019	27892	False	High H3K27ac	1	23.342463	0.994365560560482	24.694917	0.99006374787637	13.092264	0.980174254586262	0	0.866552	0	0.054749	1	1.374769	0.99511586051132	0.0706362697121213	0.0003466906798739	False
chr19	10299410	10300270	ICAM3|chr19:10410086-10410946:.	-0.0937525313807346	chr19	10339822	10339823	ICAM3	ENSG00000076662	True	0.0001393301039998	0.35	0.6	0.85	0.95	1.0	True	K562	Gasperini et al., 2019	True	Gasperini2019	39993	False	High H3K27ac	1	25.339035	0.995215012702816	29.4763	0.993453763306785	21.190093	0.993555074112751	1	1.516465	0	0.393777	1	3.338304	0.992007908517911	0.0430325274698288	0.0003466906798739	False
chr19	12671911	12672491	DHPS|chr19:12782725-12783305:*	-0.177108955	chr19	12681901	12681902	DHPS	ENSG00000095059	True	0.00168175524995	0.0	0.0	0.0	0.999501164354	0.0	True	K562	Nasser et al., 2021 from Fulco et al., 2019	True	Nasser2021	9685	True	CTCF element	0	0.316668	0.41298181081376	0.316668	0.295188516030487	3.914541	0.880312972459047	1	14.189784	0	0.12155	0	0.377338	0.991668766495584	0.302541692296186	0.0025417211557928	True
chr19	12777511	12778031	PRDX2|chr19:12888325-12888845:*	-0.092657423	chr19	12801858	12801859	PRDX2	ENSG00000167815	True	3.4450060902299996e-14	0.0	0.0	0.0	1.0	0.0	True	K562	Nasser et al., 2021 from Fulco et al., 2019	True	Nasser2021	24138	False	H3K27ac	1	2.45442	0.859957293598716	3.092657	0.848633862747237	5.157642	0.915919824186786	1	11.265172	0	0.082124	0	1.272751	0.971348976070415	0.0861713790126216	0.0025417211557928	True
chr19	12779131	12779731	PRDX2|chr19:12889945-12890545:*	-0.075260441	chr19	12801858	12801859	PRDX2	ENSG00000167815	True	3.19960530338e-09	0.0	0.0	0.0	1.0	0.0	True	K562	Nasser et al., 2021 from Fulco et al., 2019	True	Nasser2021	22478	False	H3K27ac	1	3.015695	0.882845742608208	5.036536	0.899811406038124	3.907115	0.880055798874671	1	3.032931	0	0.348465	1	2.924564	0.97395356816783	0.0950425150332754	0.0025417211557928	True
chr19	12782291	12783171	PRDX2|chr19:12893105-12893985:*	-0.080993175	chr19	12801858	12801859	PRDX2	ENSG00000167815	True	3.17959736805e-20	0.0	0.0	0.0	1.0	0.0	True	K562	Nasser et al., 2021 from Fulco et al., 2019	True	Nasser2021	19178	False	High H3K27ac	1	8.329928	0.961361617232189	10.559345	0.955064760984429	9.824529	0.967066194921991	1	1.624784	0	0.158049	1	1.956115	0.978955234988995	0.118235163473887	0.0025417211557928	True
chr19	12784451	12784971	PRDX2|chr19:12895265-12895785:*	-0.073159699	chr19	12801858	12801859	PRDX2	ENSG00000167815	True	5.42603452138e-05	0.0	0.0	0.0	1.0	0.0	True	K562	Nasser et al., 2021 from Fulco et al., 2019	True	Nasser2021	17198	False	High H3K27ac	1	14.325525	0.983727925934008	23.007408	0.988372636730622	8.195736	0.956085662183014	0	0.541595	0	0.485886	1	5.807879	0.981830866324775	0.137350537948381	0.0025417211557928	True
chr19	12825131	12825931	PRDX2|chr19:12935945-12936745:*	-0.030001449	chr19	12801858	12801859	PRDX2	ENSG00000167815	True	0.0162966344305	0.0	0.0	0.0	1.0	0.0	True	K562	Nasser et al., 2021 from Fulco et al., 2019	True	Nasser2021	23620	False	H3K27ac	1	2.463242	0.861204195825995	2.742899	0.834754282329837	3.524457	0.864438348478	1	4.874353	0	0.176299	1	1.782601	0.972167682182395	0.0887809337682315	0.0025417211557928	True
chr19	12885011	12885511	PRDX2|chr19:12995825-12996325:*	-0.075451034	chr19	12801858	12801859	PRDX2	ENSG00000167815	True	3.72562023181e-10	0.0	0.0	0.0	1.0	0.0	True	K562	Nasser et al., 2021 from Fulco et al., 2019	True	Nasser2021	83350	False	High H3K27ac	1	6.465952	0.94624292772643	13.732884	0.969630137626833	28.980686	0.997669851462772	0	3.357888	0	0.022812	1	0.371968	0.860472007851094	0.015674846836387	0.0025417211557928	True
chr19	12882571	12883071	DNASE2|chr19:12993385-12993885:*	-0.22037813	chr19	12881467	12881468	DNASE2	ENSG00000105612	True	4.55970744718e-05	0.0	0.0	0.0	0.99952183726	0.0	True	K562	Nasser et al., 2021 from Fulco et al., 2019	True	Nasser2021	1299	False	H3K27ac	1	2.104663	0.842196729998909	3.735794	0.870555962530588	0.534895	0.286561511245499	0	0.758233	0	0.109616	1	2.165832	0.997464722811872	1.0	0.0025417211557928	True
chr19	12883611	12884131	DNASE2|chr19:12994425-12994945:*	-0.12889915	chr19	12881467	12881468	DNASE2	ENSG00000105612	True	0.043504455512	0.0	0.0	0.0	0.999994176063	0.0	True	K562	Nasser et al., 2021 from Fulco et al., 2019	True	Nasser2021	2349	False	High H3K27ac	1	9.436795	0.967907853925404	18.088292	0.980836671394504	4.706946	0.905601708256051	0	0.649914	0	0.412145	1	1.875604	0.997464722811872	1.0	0.0025417211557928	True
chr19	12782291	12783171	JUNB|chr19:12893105-12893985:*	-0.12810479	chr19	12791496	12791497	JUNB	ENSG00000171223	True	0.00894145385278	0.0	0.0	0.0	0.999999886652	0.0	True	K562	Nasser et al., 2021 from Fulco et al., 2019	True	Nasser2021	8763	False	High H3K27ac	1	8.329928	0.961361617232189	10.559345	0.955064760984429	9.824529	0.967066194921991	1	1.624784	0	0.158049	1	1.956115	0.992731833711333	0.347164250728193	0.0025417211557928	True
chr19	12784451	12784971	JUNB|chr19:12895265-12895785:*	-0.27578786	chr19	12791496	12791497	JUNB	ENSG00000171223	True	0.00168953487189	0.0	0.0	0.0	0.97437037705	0.0	True	K562	Nasser et al., 2021 from Fulco et al., 2019	True	Nasser2021	6783	False	High H3K27ac	1	14.325525	0.983727925934008	23.007408	0.988372636730622	8.195736	0.956085662183014	0	0.541595	0	0.485886	1	5.807879	0.99487854060387	0.493746730865047	0.0025417211557928	True
chr19	12789831	12790351	JUNB|chr19:12900645-12901165:*	-0.31210061	chr19	12791496	12791497	JUNB	ENSG00000171223	True	9.24454053369e-13	0.0	0.0	0.0	0.999980729654	0.0	True	K562	Nasser et al., 2021 from Fulco et al., 2019	True	Nasser2021	1403	False	H3K27ac	1	1.906868	0.830304400006235	3.927708	0.875831917579763	18.864342	0.991279477547967	0	0.108319	0	0.082554	1	0.201592	0.997464722811872	1.0	0.0025417211557928	True
chr19	12847511	12848011	KLF1|chr19:12958325-12958825:*	-0.05778445	chr19	12887198	12887199	KLF1	ENSG00000105610	True	2.86324342249e-06	0.0	0.0	0.0	1.0	0.0	True	K562	Nasser et al., 2021 from Fulco et al., 2019	True	Nasser2021	39441	False	CTCF element	0	0.317648	0.426167801867236	0.516423	0.469489861126264	6.28658	0.935550741127511	1	14.62306	0	0.201607	1	1.278481	0.945227047135278	0.0438629552922785	0.0025417211557928	True
chr19	12867151	12867931	KLF1|chr19:12977965-12978745:*	-0.02608724	chr19	12887198	12887199	KLF1	ENSG00000105610	True	0.04307847229	0.0	0.0	0.0	1.0	0.0	True	K562	Nasser et al., 2021 from Fulco et al., 2019	True	Nasser2021	19661	False	H3K27ac	1	2.818881	0.876346264748515	3.534079	0.864220140588226	7.818571	0.95254757711311	1	3.574526	0	0.430395	1	0.961094	0.978238847852594	0.114259132887951	0.0025417211557928	True
chr19	12888891	12889391	KLF1|chr19:12999705-13000205:*	-0.16929371	chr19	12887198	12887199	KLF1	ENSG00000105610	True	8.06657757093e-10	0.0	0.0	0.0	0.999999990265	0.0	True	K562	Nasser et al., 2021 from Fulco et al., 2019	True	Nasser2021	1937	False	H3K27ac	1	1.707113	0.815536401751898	2.144614	0.802093237114045	0.416599	0.158130581835752	0	0.433276	0	0.128178	1	1.675737	0.997464722811872	1.0	0.0025417211557928	True
chr19	13104331	13104911	LYL1|chr19:13215145-13215725:*	-0.217298773	chr19	13103160	13103161	LYL1	ENSG00000104903	True	1.75788152095e-19	0.0	0.0	0.0	1.0	0.0	True	K562	Nasser et al., 2021 from Fulco et al., 2019	True	Nasser2021	1460	False	H3K27ac	1	3.252461	0.890210258888075	4.682857	0.892906684954566	4.335898	0.894730279461962	1	14.189784	0	0.208666	1	1.82178	0.997464722811872	1.0	0.0025417211557928	True
chr19	12885011	12885511	RAD23A|chr19:12995825-12996325:*	-0.084440547	chr19	12945855	12945856	RAD23A	ENSG00000179262	True	0.0333687314854	0.0	0.0	0.0	0.999999999732	0.0	True	K562	Nasser et al., 2021 from Fulco et al., 2019	True	Nasser2021	60551	True	High H3K27ac	1	6.465952	0.94624292772643	13.732884	0.969630137626833	28.980686	0.997669851462772	0	3.357888	0	0.022812	1	0.371968	0.905397564551009	0.024325675478656	0.0025417211557928	True
chr19	13839483	13839983	DDX39A|chr19:13950297-13950797:.	-0.124000113115799	chr19	14419382	14419383	DDX39A	ENSG00000123136	True	0.0310492102699706	0.3	0.4	0.55	0.65	1.0	True	K562	Gasperini et al., 2019	True	Gasperini2019	579649	True	High H3K27ac	1	10.123804	0.971126420299568	19.928	0.984133169157873	5.748025	0.92702504714849	0	0.649914	0	0.158049	1	0.421886	0.75846386708418	0.0010886667372076	0.0003466906798739	False
chr19	17398833	17399622	BST2|chr19:17509642-17510431:.	-0.123782483000557	chr19	17405647	17405648	BST2	ENSG00000130303	True	9.6649939187618e-09	0.7	0.7	0.95	1.0	1.0	True	K562	Gasperini et al., 2019	True	Gasperini2019	6420	False	H3K27ac	1	1.512259	0.799552673825964	1.512259	0.747346436197572	3.321596	0.855125547468009	0	0.108319	0	0.176299	1	2.133797	0.999349413204975	0.532542514150136	0.0003466906798739	False
chr19	18291477	18292285	JUND|chr19:18402287-18403095:.	-0.0648559394491171	chr19	18281621	18281622	JUND	ENSG00000130522	True	0.0216815200292287	0.1	0.3	0.35	0.6	1.0	True	K562	Gasperini et al., 2019	True	Gasperini2019	10224	False	High H3K27ac	1	22.400064	0.993812247697127	29.336606	0.993336866222977	21.124148	0.993516108418149	0	1.08319	0	0.192482	1	0.659405	0.998766984848987	0.28082639919583	0.0003466906798739	False
chr19	21128683	21129183	ZNF431|chr19:21311486-21311986:.	-0.0709672253022701	chr19	21142024	21142025	ZNF431	ENSG00000196705	True	0.0002758319629053	0.05	0.05	0.25	0.35	0.95	True	K562	Gasperini et al., 2019	True	Gasperini2019	13075	False	High H3K27ac	1	3.376235	0.894036690098038	5.133101	0.901408999516825	2.138637	0.766743558970682	0	0.433276	0	0.196733	1	0.897745	0.998271548611951	0.200232094625282	0.0003466906798739	False
chr19	43774607	43774646	KCNN4|chr19:44278759-44278798:*	-0.72	chr19	43781260	43781261	KCNN4	ENSG00000104783	True	0.0	0.0	0.0	0.0	1.0	0.0	True	K562	Nasser et al., 2021 from Wakabayashi et al., 2016	True	Nasser2021	6630	False	High H3K27ac	1	0.158824	0.230536635546065	5.842418	0.912420704811484	7.028256	0.944894714693184	1	1.949741	0	0.0	1	0.045862	0.995035949691248	0.509483942909664	0.0025417211557928	True
chr19	43785250	43785750	KCNN4|chr19:44289402-44289902:.	-0.0359817477550523	chr19	43781256	43781257	KCNN4	ENSG00000104783	True	0.0005040557211349	0.05	0.1	0.2	0.55	0.95	True	K562	Gasperini et al., 2019	True	Gasperini2019	4242	False	H3K27ac	1	3.57207	0.899258093174769	4.841681	0.896296700384981	5.129717	0.915234027961782	1	21.338835	0	0.186984	1	1.680252	0.999631927022853	0.941560760829803	0.0003466906798739	False
chr19	48877968	48878928	FTL|chr19:49381225-49382185:*	-0.17769814	chr19	48965301	48965302	FTL	ENSG00000087086	True	6.30536188752e-07	0.0	0.0	0.0	0.999999984174	0.0	True	K562	Nasser et al., 2021 from Fulco et al., 2019	True	Nasser2021	86859	False	High H3K27ac	1	9.6716	0.969092411041319	11.300771	0.95917174519553	26.350248	0.996602191430664	0	0.758233	0	0.48764	1	4.784469	0.853523041918971	0.0148106405336604	0.0025417211557928	True
chr19	48962248	48962768	FTL|chr19:49465505-49466025:*	-0.66860003	chr19	48965301	48965302	FTL	ENSG00000087086	True	1.30627379471e-175	0.0	0.0	0.0	1.0	0.0	True	K562	Nasser et al., 2021 from Fulco et al., 2019	True	Nasser2021	2799	False	High H3K27ac	1	15.403967	0.985832073442541	20.636337	0.985193036051061	8.520866	0.958493742109447	0	0.216638	0	0.096241	1	1.701977	0.997464722811872	1.0	0.0025417211557928	True
chr19	48963708	48964208	FTL|chr19:49466965-49467465:*	-0.90069307	chr19	48965301	48965302	FTL	ENSG00000087086	True	1.3533719056999998e-259	0.0	0.0	0.0	1.0	0.0	True	K562	Nasser et al., 2021 from Fulco et al., 2019	True	Nasser2021	1349	False	High H3K27ac	1	31.609152	0.997210056266463	59.624907	0.999119375301984	10.903625	0.972373322526847	0	0.216638	0	0.105054	1	1.044706	0.997464722811872	1.0	0.0025417211557928	True
chr19	48970828	48971348	FTL|chr19:49474085-49474605:*	-0.10955949	chr19	48965301	48965302	FTL	ENSG00000087086	True	3.19643135576e-07	0.0	0.0	0.0	1.0	0.0	True	K562	Nasser et al., 2021 from Fulco et al., 2019	True	Nasser2021	5779	False	H3K27ac	1	1.429416	0.789889181564551	1.708093	0.767780046447108	6.235277	0.934662323290575	1	17.439353	0	0.21467	1	1.936622	0.995886992148386	0.615429663167171	0.0025417211557928	True
chr19	48812108	48812648	BCAT2|chr19:49315365-49315905:*	-0.06848122	chr19	48811028	48811029	BCAT2	ENSG00000105552	True	0.0303639723826	0.0	0.0	0.0	1.0	0.0	True	K562	Nasser et al., 2021 from Fulco et al., 2019	True	Nasser2021	1314	False	H3K27ac	1	2.180644	0.846140058292679	3.371334	0.858967564955813	10.551458	0.970565314297293	0	0.108319	0	0.139799	1	0.797549	0.997464722811872	1.0	0.0025417211557928	True
chr19	48720508	48721048	FUT1|chr19:49223765-49224305:*	-0.1070593	chr19	48755389	48755390	FUT1	ENSG00000174951	True	0.0123187721824	0.0	0.0	0.0	1.0	0.0	True	K562	Nasser et al., 2021 from Fulco et al., 2019	True	Nasser2021	34611	False	High H3K27ac	1	6.308108	0.94483236958182	8.845371	0.944138780217896	20.699863	0.99305631322184	0	0.541595	0	0.08462	1	0.686876	0.953817971527787	0.0524952973528724	0.0025417211557928	True
chr19	48780788	48781428	FUT1|chr19:49284045-49284685:*	-0.1789663	chr19	48755389	48755390	FUT1	ENSG00000174951	True	0.0177719748379	0.0	0.0	0.0	0.996227715609	0.0	True	K562	Nasser et al., 2021 from Fulco et al., 2019	True	Nasser2021	25717	False	High H3K27ac	1	13.195134	0.981047086145358	16.891957	0.978210383578298	8.116404	0.955314141429885	0	0.866552	0	0.286033	1	2.223663	0.968821593762481	0.0789801224057372	0.0025417211557928	True
chr19	48877968	48878928	NUCB1|chr19:49381225-49382185:*	-0.1061094215	chr19	48900050	48900051	NUCB1	ENSG00000104805	True	1.11996130045e-05	0.0	0.0	0.0	1.0	0.0	True	K562	Nasser et al., 2021 from Fulco et al., 2019	True	Nasser2021	21600	False	High H3K27ac	1	9.6716	0.969092411041319	11.300771	0.95917174519553	26.350248	0.996602191430664	0	0.758233	0	0.48764	1	4.784469	0.975308084464982	0.100395661413342	0.0025417211557928	True
chr19	50728300	50728800	CLEC11A|chr19:51231557-51232057:.	-0.0625957189038063	chr19	50723329	50723330	CLEC11A	ENSG00000105472	True	3.60659833081174e-07	0.05	0.2	0.4	0.45	1.0	True	K562	Gasperini et al., 2019	True	Gasperini2019	5202	False	H3K27ac	1	1.22672	0.763602923985723	2.851971	0.839266509764803	23.519094	0.995238392119578	0	0.324957	0	0.159491	1	1.069287	0.999512776830029	0.711217744759946	0.0003466906798739	False
chr19	57098938	57099438	ZNF550|chr19:57610306-57610806:.	-0.0008225505936748	chr19	57559862	57559863	ZNF550	ENSG00000251369	True	0.0002451500930241	0.0	0.0	0.0	0.05	0.15	True	K562	Gasperini et al., 2019	True	Gasperini2019	460674	False	CTCF element	0	0.0	0.0397761810502034	0.039951	0.0421141227263517	0.802969	0.462296793902648	1	6.065862	0	0.217167	0	0.085845	0.811565206372666	0.0014931536142726	0.0003466906798739	False
chr2	8526044	8526658	ID2|chr2:8666174-8666788:.	-0.177135988675151	chr2	8678845	8678846	ID2	ENSG00000115738	True	1.8743370069749402e-15	0.2	0.35	0.65	0.8	1.0	True	K562	Gasperini et al., 2019	True	Gasperini2019	155630	False	High H3K27ac	1	8.008359	0.959140572639848	10.151013	0.952890475225611	10.939396	0.972529185305257	0	0.324957	0	0.270162	1	2.340215	0.950387883571959	0.0066413337148681	0.0003466906798739	False
chr2	8536470	8537291	ID2|chr2:8676600-8677421:.	-0.12670770620223	chr2	8678845	8678846	ID2	ENSG00000115738	True	3.71306454664777e-06	0.15	0.25	0.45	0.75	1.0	True	K562	Gasperini et al., 2019	True	Gasperini2019	145101	False	H3K27ac	0	1.310543	0.776391464954254	2.063732	0.796380866285323	1.822658	0.727208965227014	0	0.324957	0	0.464516	1	4.468247	0.954738144556837	0.0073129749807458	0.0003466906798739	False
chr2	10283198	10283698	PDIA6|chr2:10423324-10423824:.	-0.128218585778672	chr2	10837976	10837977	PDIA6	ENSG00000143870	True	0.0240539719529093	0.6	0.7	0.85	0.95	1.0	True	K562	Gasperini et al., 2019	True	Gasperini2019	529390	False	High H3K27ac	1	5.540453	0.935262394987453	9.009333	0.945518165806824	7.285766	0.94750541623155	0	0.433276	0	0.18792	1	2.71453	0.780572653148135	0.0012332886839014	0.0003466906798739	False
chr2	37561123	37562055	CDC42EP3|chr2:37788266-37789198:.	-0.0132255935120539	chr2	37738467	37738468	CDC42EP3	ENSG00000163171	True	0.0014697654498456	0.0	0.0	0.0	0.0	0.4	True	K562	Gasperini et al., 2019	True	Gasperini2019	110609	False	High H3K27ac	1	21.564033	0.993118658333204	29.824841	0.993625212363036	8.975485	0.961899343817703	0	0.433276	0	0.283537	1	3.787759	0.968392766167634	0.0106220224227234	0.0003466906798739	False
chr2	38613065	38614248	SRSF7|chr2:38840207-38841390:.	-0.103471952678111	chr2	38751493	38751494	SRSF7	ENSG00000115875	True	0.0336993883307506	0.55	0.75	0.95	1.0	1.0	True	K562	Gasperini et al., 2019	True	Gasperini2019	137837	False	High H3K27ac	1	12.661067	0.979737838806715	14.007641	0.970487382908088	6.296515	0.935644258794557	0	0.866552	0	0.433903	1	4.874074	0.957694118752362	0.0078481670952088	0.0003466906798739	False
chr2	39150063	39151173	SRSF7|chr2:39377204-39378314:.	-0.160826050119344	chr2	38751493	38751494	SRSF7	ENSG00000115875	True	6.19134137610401e-07	0.75	0.85	0.95	1.0	1.0	True	K562	Gasperini et al., 2019	True	Gasperini2019	399123	False	High H3K27ac	1	17.082654	0.988567465203635	18.631923	0.981888745148771	4.778801	0.907456475319129	0	0.758233	0	0.704613	1	5.85052	0.83989551997222	0.0018187120609724	0.0003466906798739	False
chr2	43177675	43178648	ZFP36L2|chr2:43404814-43405787:.	-0.0789317569711136	chr2	43226608	43226609	ZFP36L2	ENSG00000152518	True	0.0063695379225613	0.4	0.75	0.85	1.0	1.0	True	K562	Gasperini et al., 2019	True	Gasperini2019	48444	False	High H3K27ac	1	34.328764	0.997841300519023	41.085154	0.997326953350271	6.579599	0.939595380227248	0	0.649914	0	0.624125	1	8.655697	0.98962204900834	0.0330597765652059	0.0003466906798739	False
chr2	43178924	43179424	ZFP36L2|chr2:43406063-43406563:.	-0.095671068129876	chr2	43226608	43226609	ZFP36L2	ENSG00000152518	True	0.0007044986730201	0.5	0.65	0.85	0.95	1.0	True	K562	Gasperini et al., 2019	True	Gasperini2019	47431	False	High H3K27ac	1	8.473306	0.962452656681058	16.500289	0.977438862825169	19.189153	0.991676927632912	0	0.216638	0	0.120807	1	1.213408	0.989916317055875	0.0340346640091818	0.0003466906798739	False
chr2	43190532	43191032	ZFP36L2|chr2:43417671-43418171:.	-0.107776362455626	chr2	43226608	43226609	ZFP36L2	ENSG00000152518	True	0.0261150036994266	0.35	0.55	0.7	0.8	1.0	True	K562	Gasperini et al., 2019	True	Gasperini2019	35823	False	High H3K27ac	1	6.31791	0.945003818638071	8.661299	0.942736015212207	7.829917	0.95271123303044	0	0.433276	0	0.226603	1	3.128749	0.993123273750661	0.0500683858119738	0.0003466906798739	False
chr2	55140350	55141482	RTN4|chr2:55367486-55368618:.	-0.353107860120711	chr2	55112620	55112621	RTN4	ENSG00000115310	True	6.14044285134731e-79	0.9	0.9	1.0	1.0	1.0	True	K562	Gasperini et al., 2019	True	Gasperini2019	90317	False	High H3K27ac	1	48.791785	0.999244065524712	55.593028	0.998885581134369	19.762487	0.992214654218426	0	1.624784	0	0.625373	1	7.643218	0.975896027911558	0.0140364441247073	0.0003466906798739	False
chr2	68352552	68353391	CNRIP1|chr2:68579684-68580523:.	-0.0173410591173335	chr2	68320050	68320051	CNRIP1	ENSG00000119865	True	0.0030318599892617	0.05	0.05	0.05	0.15	0.5	True	K562	Gasperini et al., 2019	True	Gasperini2019	32919	False	H3K27ac	1	3.880896	0.906490126092988	4.710066	0.893452204679001	5.149797	0.915717202574853	0	0.324957	0	0.320036	1	3.360934	0.993873431304706	0.0562413763306609	0.0003466906798739	False
chr2	84919788	84920560	TMSB10|chr2:85146912-85147684:.	-0.263991641698139	chr2	84905625	84905626	TMSB10	ENSG00000034510	True	1.2350165074549302e-09	0.4	0.65	0.7	0.9	1.0	True	K562	Gasperini et al., 2019	True	Gasperini2019	14535	False	High H3K27ac	1	11.594388	0.976503686154709	16.182877	0.976721894044483	5.379173	0.920143705481694	0	0.649914	0	0.258228	1	2.993283	0.998001225074029	0.173104894773447	0.0003466906798739	False
chr2	85993835	85994451	ST3GAL5|chr2:86220958-86221574:.	-0.0462313187171957	chr2	85905198	85905199	ST3GAL5	ENSG00000115525	True	1.64534816379206e-06	0.0	0.0	0.0	0.1	0.85	True	K562	Gasperini et al., 2019	True	Gasperini2019	105108	False	High H3K27ac	1	10.088754	0.97100173007684	15.334847	0.974368366090494	17.193812	0.989058432955626	0	0.324957	0	0.10287	1	2.375599	0.970470949211317	0.0113939738729737	0.0003466906798739	False
chr2	112683795	112684295	SLC20A1|chr2:113441372-113441872:.	-0.0666994394790453	chr2	112645857	112645858	SLC20A1	ENSG00000144136	True	0.0496934492905366	0.25	0.65	0.8	0.85	1.0	True	K562	Gasperini et al., 2019	True	Gasperini2019	38188	False	High H3K27ac	1	7.22012	0.953139855671067	13.17553	0.967487024423697	11.388575	0.97430602097913	0	0.758233	0	0.175675	1	2.563463	0.992496034611161	0.0458543059811137	0.0003466906798739	False
chr2	126645231	126645731	GYPC|chr2:127402807-127403307:.	-0.391605160016519	chr2	126655933	126655934	GYPC	ENSG00000136732	True	3.3415989149251205e-111	0.75	0.95	1.0	1.0	1.0	True	K562	Gasperini et al., 2019	True	Gasperini2019	10452	False	High H3K27ac	1	3.374275	0.89391979301423	5.434086	0.906404401564862	15.638078	0.986174971555043	0	0.433276	0	0.066058	1	1.669152	0.998729060917395	0.272436391231003	0.0003466906798739	False
chr2	126650893	126651540	GYPC|chr2:127408469-127409116:.	-0.182322381348865	chr2	126655933	126655934	GYPC	ENSG00000136732	True	8.394948389626031e-21	0.75	0.9	1.0	1.0	1.0	True	K562	Gasperini et al., 2019	True	Gasperini2019	4717	False	H3K27ac	1	2.024761	0.837294845617918	3.333343	0.85766611075609	3.508456	0.863674620863792	0	2.274698	0	0.1258	1	1.492897	0.999574106746621	0.813685175576162	0.0003466906798739	False
chr2	144582296	144583209	ZEB2|chr2:145339863-145340776:.	-0.0645233524248118	chr2	144524582	144524583	ZEB2	ENSG00000169554	True	0.0030819457784752	0.45	0.6	0.8	0.9	1.0	True	K562	Gasperini et al., 2019	True	Gasperini2019	62360	False	High H3K27ac	1	28.85253	0.996563225736062	41.801096	0.997490609267601	27.095949	0.996968468959928	1	5.415948	0	0.283849	1	4.954124	0.985376159234529	0.0233605340796098	0.0003466906798739	False
chr2	171513390	171514183	CYBRD1|chr2:172369900-172370693:.	-0.0803765984888528	chr2	171522247	171522248	CYBRD1	ENSG00000071967	True	2.02094186402218e-05	0.35	0.6	0.8	0.95	1.0	True	K562	Gasperini et al., 2019	True	Gasperini2019	8568	False	High H3K27ac	1	8.131153	0.96012250814383	9.792434	0.950755155161396	6.496761	0.938480961361617	0	0.649914	0	0.34047	1	4.955947	0.999032733410275	0.358076399248682	0.0003466906798739	False
chr2	175036530	175037030	ATP5G3|chr2:175901258-175901758:.	-0.0998981447766424	chr2	175184606	175184607	ATP5G3	ENSG00000154518	True	0.0136081577140749	0.45	0.8	1.0	1.0	1.0	True	K562	Gasperini et al., 2019	True	Gasperini2019	144981	True	CTCF element	0	0.039951	0.0851400427064013	0.475492	0.434654530151655	0.69916	0.406248538786452	1	4.116121	0	0.370029	0	0.915741	0.954787287447051	0.0073213004734531	0.0003466906798739	False
chr2	219661173	219662525	CHPF|chr2:220525895-220527247:.	-0.0480601852748821	chr2	219543786	219543787	CHPF	ENSG00000123989	True	0.0336993883307506	0.6	0.75	0.9	1.0	1.0	True	K562	Gasperini et al., 2019	True	Gasperini2019	118083	False	High H3K27ac	1	21.571874	0.993118658333204	24.946149	0.990352094016428	6.770745	0.941941115042317	0	0.649914	0	0.233544	1	3.580402	0.965521416580481	0.0097085565341881	0.0003466906798739	False
chr2	227450914	227451700	AGFG1|chr2:228315630-228316416:.	-0.0416716042460383	chr2	227472152	227472153	AGFG1	ENSG00000173744	True	0.000240091895099	0.05	0.15	0.3	0.85	1.0	True	K562	Gasperini et al., 2019	True	Gasperini2019	20863	False	High H3K27ac	1	9.852969	0.969902897489051	13.183372	0.9675259901183	12.390117	0.977992175688524	0	0.866552	0	0.158049	1	2.858438	0.996718553783035	0.105305103361891	0.0003466906798739	False
chr2	230658599	230659099	CAB39|chr2:231523314-231523814:.	-0.0843471132630898	chr2	230712845	230712846	CAB39	ENSG00000135932	True	0.0302736118005087	0.3	0.45	0.65	0.8	1.0	True	K562	Gasperini et al., 2019	True	Gasperini2019	54697	True	High H3K27ac	1	25.483156	0.995246185258498	32.001801	0.994607147867018	1.726065	0.712939727863589	0	0.324957	0	0.325029	1	1.175806	0.987759451140881	0.0279764412208382	0.0003466906798739	False
chr2	230659153	230659653	CAB39|chr2:231523868-231524368:.	-0.123099786056342	chr2	230712845	230712846	CAB39	ENSG00000135932	True	4.66303144410633e-05	0.3	0.3	0.5	0.65	1.0	True	K562	Gasperini et al., 2019	True	Gasperini2019	54143	True	High H3K27ac	1	7.91007	0.958337879331037	20.989272	0.985722969497654	10.919576	0.972451253916052	0	1.733103	0	0.221729	1	0.968583	0.987927572426209	0.0283708707016153	0.0003466906798739	False
chr2	235460549	235461049	AGAP1|chr2:236369193-236369693:.	-0.0264140094342342	chr2	235494089	235494090	AGAP1	ENSG00000157985	True	0.0045344809897599	0.05	0.1	0.1	0.2	0.85	True	K562	Gasperini et al., 2019	True	Gasperini2019	33288	False	High H3K27ac	1	9.781888	0.969559999376549	16.734114	0.977898658021478	13.216829	0.980602877226889	0	0.433276	0	0.162611	1	1.310763	0.993779377670725	0.0553857845489119	0.0003466906798739	False
chr2	237963667	237964594	UBE2F|chr2:238872309-238873236:.	-0.0741200716200077	chr2	237966827	237966828	UBE2F	ENSG00000184182	True	0.0118480387557535	0.55	0.8	0.9	0.95	1.0	True	K562	Gasperini et al., 2019	True	Gasperini2019	2813	False	High H3K27ac	1	15.576514	0.986167178416122	21.374079	0.986330834333453	5.62952	0.924936485917798	0	0.433276	0	0.185111	1	2.875417	0.999653429472898	1.0	0.0003466906798739	False
chr2	237964857	237965483	UBE2F|chr2:238873499-238874125:.	-0.101332150935683	chr2	237966827	237966828	UBE2F	ENSG00000184182	True	0.010743450938751	0.35	0.55	0.7	0.9	1.0	True	K562	Gasperini et al., 2019	True	Gasperini2019	1773	False	High H3K27ac	1	13.079201	0.980805498838822	20.110349	0.98439813588117	17.464712	0.989494848735174	0	0.974871	0	0.059312	1	1.924356	0.999653429472898	1.0	0.0003466906798739	False
chr2	238422153	238422776	ASB1|chr2:239330794-239331417:.	-0.0655412212936983	chr2	238426742	238426743	ASB1	ENSG00000065802	True	0.0010583182889342	0.3	0.45	0.65	0.75	1.0	True	K562	Gasperini et al., 2019	True	Gasperini2019	4462	True	High H3K27ac	1	7.665463	0.956537664240403	11.840719	0.961743481039293	8.643764	0.959530229585873	0	0.108319	0	0.139487	1	1.192374	0.999605432629092	0.878313597616093	0.0003466906798739	False
chr20	4037971	4038471	C20orf27|chr20:4018618-4019118:.	-0.0972260353947822	chr20	3768386	3768387	C20orf27	ENSG00000101220	True	0.0350235303989232	0.45	0.8	0.9	0.95	1.0	True	K562	Gasperini et al., 2019	True	Gasperini2019	270415	False	H3K27ac	1	3.256382	0.890662260945464	4.563004	0.890342742249723	4.503354	0.899811406038124	0	0.433276	0	0.311966	1	1.535148	0.899605401965494	0.00310658954298	0.0003466906798739	False
chr20	4082440	4083947	RNF24|chr20:4063087-4064594:.	-0.0749255075758761	chr20	4015581	4015582	RNF24	ENSG00000101236	True	0.0001172658055274	0.3	0.35	0.65	0.7	1.0	True	K562	Gasperini et al., 2019	True	Gasperini2019	67601	False	High H3K27ac	1	21.610845	0.993142037749965	23.836341	0.989198709456195	11.636413	0.975280163344192	0	1.408146	0	0.356966	1	4.035114	0.983687719542322	0.0209066638571215	0.0003466906798739	False
chr20	31608520	31609020	ID1|chr20:30196323-30196823:.	-0.158249932905106	chr20	31605283	31605284	ID1	ENSG00000125968	True	1.76199243831164e-14	0.15	0.5	0.85	0.9	1.0	True	K562	Gasperini et al., 2019	True	Gasperini2019	3487	False	H3K27ac	1	1.550249	0.802373790115183	2.936774	0.843194251780732	4.324445	0.894309449960255	0	0.108319	0	0.066058	1	1.163787	0.999653429472898	1.0	0.0003466906798739	False
chr20	31610562	31611062	ID1|chr20:30198365-30198865:.	-0.303822218515518	chr20	31605283	31605284	ID1	ENSG00000125968	True	6.48513968458732e-96	0.35	0.5	0.8	0.9	1.0	True	K562	Gasperini et al., 2019	True	Gasperini2019	5529	False	High H3K27ac	1	6.121095	0.94277498090681	8.144876	0.938714755529232	14.429443	0.983852616156735	0	0.649914	0	0.222041	1	2.984154	0.999470189456211	0.654020580674678	0.0003466906798739	False
chr20	33688908	33689408	E2F1|chr20:32276714-32277214:.	-0.0489509764023134	chr20	33686403	33686404	E2F1	ENSG00000101412	True	0.0311918100938184	0.2	0.6	0.7	0.95	1.0	True	K562	Gasperini et al., 2019	True	Gasperini2019	2753	False	H3K27ac	1	2.742899	0.873618666126342	4.250257	0.884030299724123	5.277872	0.91818762761265	0	0.758233	0	0.434957	1	3.11466	0.999653429472898	1.0	0.0003466906798739	False
chr20	41002846	41003887	TOP1|chr20:39631486-39632527:.	-0.100634814176709	chr20	41028818	41028819	TOP1	ENSG00000198900	True	0.0049794989463934	0.55	0.8	0.95	1.0	1.0	True	K562	Gasperini et al., 2019	True	Gasperini2019	25450	False	High H3K27ac	1	8.709091	0.963785283436463	9.425269	0.948386040929566	5.649496	0.92528717716922	0	0.541595	0	0.359226	1	4.663714	0.995691601056583	0.0801218741923885	0.0003466906798739	False
chr20	47358658	47359158	ZMYND8|chr20:45987402-45987902:.	-0.0762311428210368	chr20	47356888	47356889	ZMYND8	ENSG00000101040	True	0.019870917975905	0.45	0.55	0.75	0.95	1.0	True	K562	Gasperini et al., 2019	True	Gasperini2019	2018	True	High H3K27ac	1	28.828262	0.996555432597141	46.186889	0.998051715269876	6.683096	0.940842282454527	0	0.108319	0	0.16967	1	1.860251	0.999653429472898	1.0	0.0003466906798739	False
chr20	47360466	47361135	ZMYND8|chr20:45989210-45989879:.	-0.0942486797592151	chr20	47356888	47356889	ZMYND8	ENSG00000101040	True	0.0230503067678981	0.4	0.4	0.6	0.7	1.0	True	K562	Gasperini et al., 2019	True	Gasperini2019	3910	True	High H3K27ac	1	20.828487	0.992541966053087	41.919969	0.997498402406521	36.603767	0.998986891940336	0	1.191509	0	0.141865	1	0.964379	0.999653429472898	1.0	0.0003466906798739	False
chr21	14454201	14455113	SAMSN1|chr21:15826522-15827434:.	-0.159718493334183	chr21	14583401	14583402	SAMSN1	ENSG00000155307	True	8.0182701126921e-25	0.25	0.65	0.9	1.0	1.0	True	K562	Gasperini et al., 2019	True	Gasperini2019	91702	False	High H3K27ac	1	18.879471	0.99085085490734	25.460375	0.990866441185181	12.476355	0.978257142411821	0	0.974871	0	0.382156	1	3.559699	0.975398779801831	0.0137457273823702	0.0003466906798739	False
chr21	43768121	43769026	CSTB|chr21:45188002-45188907:.	-0.114375866884053	chr21	43776444	43776445	CSTB	ENSG00000160213	True	2.65315478999184e-07	0.35	0.5	0.85	0.95	1.0	True	K562	Gasperini et al., 2019	True	Gasperini2019	7801	False	High H3K27ac	1	13.992194	0.982917439486276	18.209362	0.98107825870104	12.855459	0.979418320110974	0	1.08319	0	0.587002	1	6.336185	0.999149675580021	0.407369084297548	0.0003466906798739	False
chr21	43397742	43398833	PKNOX1|chr21:44817622-44818713:.	-0.0069838556091024	chr21	42974510	42974511	PKNOX1	ENSG00000160199	True	0.0352102054757389	0.05	0.05	0.15	0.5	1.0	True	K562	Gasperini et al., 2019	True	Gasperini2019	423777	False	No H3K27ac	0	0.0	0.0397761810502034	0.0	0.0177138047662838	0.0	0.0	0	0.0	0	0.0	0	0.0	0.828498380712483	0.0016748102325618	0.0003466906798739	False
chr21	45360195	45360695	COL18A1|chr21:46780110-46780610:.	-0.0772171850673735	chr21	45405137	45405138	COL18A1	ENSG00000182871	True	0.0043267686509235	0.3	0.55	0.7	0.9	1.0	True	K562	Gasperini et al., 2019	True	Gasperini2019	95063	False	H3K27ac	0	0.595345	0.60844152807868	1.231621	0.706557147087704	16.123919	0.987110148225502	0	0.324957	0	0.180549	1	1.522289	0.974182540953084	0.0130818453834124	0.0003466906798739	False
chr22	26632454	26633359	TPST2|chr22:27028418-27029323:.	-0.143373529173528	chr22	26596716	26596717	TPST2	ENSG00000128294	True	5.81782234038076e-15	0.25	0.65	0.85	1.0	1.0	True	K562	Gasperini et al., 2019	True	Gasperini2019	42780	False	High H3K27ac	1	16.307158	0.987515391449368	17.420886	0.979394940694213	10.431329	0.970004208295017	0	0.541595	0	0.457575	1	2.220053	0.991238897821732	0.0392248920753056	0.0003466906798739	False
chr22	29195544	29196468	EMID1|chr22:29591532-29592456:.	-0.0216413285921956	chr22	29205851	29205852	EMID1	ENSG00000186998	True	0.0418277781696794	0.0	0.05	0.15	0.25	0.8	True	K562	Gasperini et al., 2019	True	Gasperini2019	9904	False	High H3K27ac	1	7.766929	0.957270219298929	9.36105	0.947910659455415	6.153012	0.933649215230911	0	1.516465	0	0.244853	1	3.527862	0.998819682124271	0.293379844351747	0.0003466906798739	False
chr22	30216619	30217119	LIMK2|chr22:30612608-30613108:.	-0.0154227339793132	chr22	31212239	31212240	LIMK2	ENSG00000182541	True	0.0048698404301777	0.05	0.15	0.15	0.45	0.85	True	K562	Gasperini et al., 2019	True	Gasperini2019	1031491	False	H3K27ac	0	1.234562	0.767935909225518	1.789956	0.775736841284933	7.251669	0.947146931841207	0	0.216638	0	0.118741	1	2.001843	0.587023364119129	0.0004928015571007	0.0003466906798739	False
chr22	36982112	36982612	MPST|chr22:37378153-37378653:.	-0.0748656954157323	chr22	37019635	37019636	MPST	ENSG00000128309	True	0.005811166000964	0.7	0.9	1.0	1.0	1.0	True	K562	Gasperini et al., 2019	True	Gasperini2019	37278	False	High H3K27ac	1	4.362269	0.916784862606961	6.662766	0.923042753160118	3.544853	0.865521594787949	1	3.574526	0	0.093745	1	1.547675	0.99273906628874	0.0474007056827069	0.0003466906798739	False
chr22	38846894	38847394	NPTXR|chr22:39242899-39243399:.	-0.0127582236211589	chr22	38843981	38843982	NPTXR	ENSG00000221890	True	0.0300018819790388	0.0	0.0	0.05	0.0	0.2	True	K562	Gasperini et al., 2019	True	Gasperini2019	3131	False	H3K27ac	1	1.469367	0.794190994248663	2.423291	0.819175797627769	5.791902	0.927695257095653	0	0.758233	0	0.027375	1	0.620637	0.999653429472898	1.0	0.0003466906798739	False
chr22	39452407	39453167	MGAT3|chr22:39848412-39849172:.	-0.0420273311459868	chr22	39457344	39457345	MGAT3	ENSG00000128268	True	2.00431369579097e-10	0.05	0.35	0.3	0.6	1.0	True	K562	Gasperini et al., 2019	True	Gasperini2019	4531	False	H3K27ac	1	3.814716	0.90511074050406	4.726729	0.89391979301423	4.040157	0.884879751866457	0	0.541595	0	0.070933	1	2.853069	0.999597020651429	0.859972035585986	0.0003466906798739	False
chr22	39452407	39453167	SYNGR1|chr22:39848412-39849172:.	-0.0569590272962857	chr22	39349925	39349926	SYNGR1	ENSG00000100321	True	2.98816420158064e-05	0.2	0.45	0.85	0.9	1.0	True	K562	Gasperini et al., 2019	True	Gasperini2019	102838	False	H3K27ac	1	3.814716	0.90511074050406	4.726729	0.89391979301423	4.040157	0.884879751866457	0	0.541595	0	0.070933	1	2.853069	0.971319364616546	0.0117412800097131	0.0003466906798739	False
chr3	9897580	9898206	CRELD1|chr3:9939264-9939890:.	-0.0084083010173953	chr3	9933822	9933823	CRELD1	ENSG00000163703	True	0.009993158504842	0.0	0.0	0.15	0.15	0.7	True	K562	Gasperini et al., 2019	True	Gasperini2019	35946	True	High H3K27ac	1	5.879428	0.939961657756511	7.740464	0.934958462569554	7.528321	0.94987453046338	0	1.08319	0	0.370653	1	4.835997	0.99309100577632	0.0498329257229986	0.0003466906798739	False
chr3	14232367	14233112	LSM3|chr3:14273867-14274612:.	-0.102530558260955	chr3	14178358	14178359	LSM3	ENSG00000170860	True	0.0001374745798098	0.65	1.0	1.0	1.0	1.0	True	K562	Gasperini et al., 2019	True	Gasperini2019	54011	False	High H3K27ac	1	23.170896	0.99432659486588	33.578279	0.995230598980658	63.971288	0.999867516638352	1	9.207112	0	0.29079	1	3.678336	0.987967543735947	0.0284662692233901	0.0003466906798739	False
chr3	14204402	14205344	SLC6A6|chr3:14245902-14246844:.	-0.0253170959312731	chr3	14402576	14402577	SLC6A6	ENSG00000131389	True	0.0473038488173443	0.15	0.35	0.7	0.85	1.0	True	K562	Gasperini et al., 2019	True	Gasperini2019	197701	False	High H3K27ac	1	11.710084	0.976932308795337	12.819891	0.966154397668293	6.089419	0.932753004255054	0	1.733103	0	0.654814	1	8.74668	0.932363536624185	0.0047791048240627	0.0003466906798739	False
chr3	14232367	14233112	SLC6A6|chr3:14273867-14274612:.	-0.0524192063070036	chr3	14402576	14402577	SLC6A6	ENSG00000131389	True	2.31635535954327e-07	0.0	0.35	0.55	0.9	1.0	True	K562	Gasperini et al., 2019	True	Gasperini2019	169835	False	High H3K27ac	1	23.170896	0.99432659486588	33.578279	0.995230598980658	63.971288	0.999867516638352	1	9.207112	0	0.29079	1	3.678336	0.944407712020412	0.0058896182124894	0.0003466906798739	False
chr3	69724543	69725631	MITF|chr3:69773694-69774782:.	-0.0585165626520393	chr3	69739435	69739436	MITF	ENSG00000187098	True	9.68158791623275e-05	0.15	0.25	0.4	0.5	0.95	True	K562	Gasperini et al., 2019	True	Gasperini2019	211511	False	High H3K27ac	1	20.703497	0.992471827802802	25.422384	0.99085085490734	12.469191	0.97824155613398	0	0.433276	0	0.2741	1	2.765796	0.926267386524988	0.0043553083885766	0.0003466906798739	False
chr3	108104249	108104749	CD47|chr3:107823096-107823596:.	-0.0922305235736571	chr3	108091024	108091025	CD47	ENSG00000196776	True	1.10755240329932e-07	0.3	0.65	0.9	0.95	1.0	True	K562	Gasperini et al., 2019	True	Gasperini2019	13410	True	High H3K27ac	1	3.693883	0.902274037937	6.589725	0.922068610795056	8.564116	0.958844433360869	0	1.191509	0	0.087116	1	1.162473	0.998210463919959	0.193385463558662	0.0003466906798739	False
chr3	120571951	120572451	GSK3B|chr3:120290798-120291298:.	-0.0115050428033547	chr3	120094416	120094417	GSK3B	ENSG00000082701	True	0.0493504953960819	0.25	0.25	0.4	0.45	1.0	True	K562	Gasperini et al., 2019	True	Gasperini2019	477783	True	H3K27ac	1	1.313484	0.777848781932387	1.712014	0.769019155535467	1.092747	0.574182889384186	0	0.108319	0	0.158049	0	0.904428	0.803775912988487	0.0014201193236991	0.0003466906798739	False
chr3	120571951	120572451	NDUFB4|chr3:120290798-120291298:.	-0.132285176189886	chr3	120596309	120596310	NDUFB4	ENSG00000065518	True	0.0002261700988119	0.45	0.75	0.95	0.95	1.0	True	K562	Gasperini et al., 2019	True	Gasperini2019	24078	True	H3K27ac	1	1.313484	0.777848781932387	1.712014	0.769019155535467	1.092747	0.574182889384186	0	0.108319	0	0.158049	0	0.904428	0.996006489480049	0.0864668229297417	0.0003466906798739	False
chr3	129245622	129246162	H1FX|chr3:128964465-128965005:*	-0.117867829	chr3	129316276	129316277	H1FX	ENSG00000184897	True	0.00540082223452	0.0	0.0	0.0	0.999999999987	0.0	True	K562	Nasser et al., 2021 from Fulco et al., 2019	True	Nasser2021	70384	True	H3K27ac	1	0.593385	0.602074533580636	1.028925	0.663274053523278	4.439028	0.897870914446921	1	19.172456	0	0.148612	1	0.766843	0.886123816706259	0.0197783205094302	0.0025417211557928	True
chr3	129305622	129306122	H1FX|chr3:129024465-129024965:*	-0.149117083	chr3	129316276	129316277	H1FX	ENSG00000184897	True	5.30372416473e-08	0.0	0.0	0.0	1.0	0.0	True	K562	Nasser et al., 2021 from Fulco et al., 2019	True	Nasser2021	10404	True	H3K27ac	1	0.596325	0.612088717093471	1.309563	0.717911750494864	9.027991	0.962242241930205	0	0.433276	0	0.118741	1	0.474283	0.990814433893586	0.274166445368414	0.0025417211557928	True
chr3	128426282	128426962	RPN1|chr3:128145125-128145805:*	-0.06600576	chr3	128681074	128681075	RPN1	ENSG00000163902	True	0.027235179651	0.0	0.0	0.0	1.0	0.0	True	K562	Nasser et al., 2021 from Fulco et al., 2019	True	Nasser2021	224253	True	H3K27ac	1	2.108584	0.842851353668231	3.181381	0.852468087096121	2.985483	0.836780498449165	1	7.798965	0	0.061808	1	1.099485	0.612564622360304	0.0040186533027229	0.0025417211557928	True
chr3	128415251	128415751	GATA2|chr3:128134094-128134594:.	-0.120480771167914	chr3	128493184	128493185	GATA2	ENSG00000179348	True	1.42008227299232e-07	0.5	0.6	0.75	0.9	1.0	True	K562	Gasperini et al., 2019	True	Gasperini2019	77685	False	High H3K27ac	1	11.680915	0.976869963683973	21.44614	0.986400972583737	3.611218	0.868327124799327	0	0.541595	0	0.12155	1	1.712781	0.980318102266143	0.0172680070775251	0.0003466906798739	False
chr3	128415902	128417330	GATA2|chr3:128134745-128136173:.	-0.172217593272464	chr3	128493184	128493185	GATA2	ENSG00000179348	True	5.31566063127924e-16	0.25	0.5	0.75	0.95	1.0	True	K562	Gasperini et al., 2019	True	Gasperini2019	76570	False	High H3K27ac	1	53.195492	0.999446687136645	61.299437	0.999181720413348	18.126114	0.990359887155348	0	0.758233	0	0.352716	1	4.577755	0.980698067324486	0.0176147583471317	0.0003466906798739	False
chr3	141848947	141849843	ATP1B3|chr3:141567789-141568685:.	-0.130612298902483	chr3	141876124	141876125	ATP1B3	ENSG00000069849	True	0.0134154427267675	0.25	0.45	0.7	0.8	1.0	True	K562	Gasperini et al., 2019	True	Gasperini2019	27195	False	High H3K27ac	1	21.404229	0.992962795554794	24.735612	0.990079334154211	9.480205	0.965078944497265	0	0.649914	0	0.658053	1	4.082374	0.995282130528297	0.0731378942484195	0.0003466906798739	False
chr3	143084982	143085482	CHST2|chr3:142803824-142804324:.	-0.0318448484921888	chr3	143119331	143119332	CHST2	ENSG00000175040	True	1.2375478641526602e-09	0.0	0.0	0.05	0.2	0.75	True	K562	Gasperini et al., 2019	True	Gasperini2019	34542	False	High H3K27ac	1	20.015	0.991910721800527	31.229245	0.994248663476675	25.246045	0.996157982512196	0	2.274698	0	0.162611	1	1.340961	0.993456969388532	0.0526395630090934	0.0003466906798739	False
chr3	150729561	150730061	SIAH2|chr3:150447348-150447848:.	-0.0773244917956451	chr3	150763476	150763477	SIAH2	ENSG00000181788	True	0.0006602760517809	0.6	0.6	0.75	0.8	1.0	True	K562	Gasperini et al., 2019	True	Gasperini2019	33664	False	High H3K27ac	1	8.967184	0.965071151358344	12.895873	0.96641936439159	4.889462	0.909856762106641	0	0.649914	0	0.18792	1	1.692814	0.993683154995415	0.054536827852291	0.0003466906798739	False
chr3	150733196	150734132	SIAH2|chr3:150450983-150451919:.	-0.0867505251349216	chr3	150763476	150763477	SIAH2	ENSG00000181788	True	0.0008859689088294	0.25	0.55	0.8	0.95	1.0	True	K562	Gasperini et al., 2019	True	Gasperini2019	29811	False	High H3K27ac	1	12.147585	0.978225969856139	13.533129	0.96894434140183	17.820595	0.989970230209324	1	3.14125	0	0.44802	1	4.522191	0.994650354690726	0.0644596020425461	0.0003466906798739	False
chr3	171470702	171471405	TNIK|chr3:171188491-171189194:.	-0.0816951663070296	chr3	171460407	171460408	TNIK	ENSG00000154310	True	3.72429470665869e-07	0.15	0.3	0.55	0.6	1.0	True	K562	Gasperini et al., 2019	True	Gasperini2019	10644	False	High H3K27ac	1	11.557141	0.976363409654141	13.302245	0.967985785314609	11.440087	0.974477470035381	0	0.758233	0	0.145804	1	2.047952	0.998696885284438	0.26570101466309	0.0003466906798739	False
chr3	196193826	196194326	TFRC|chr3:195920697-195921197:.	-0.14697632940904	chr3	196082188	196082189	TFRC	ENSG00000072274	True	1.37558798242573e-05	0.35	0.7	0.8	0.85	1.0	True	K562	Gasperini et al., 2019	True	Gasperini2019	111914	False	H3K27ac	1	2.582115	0.8666438067925	4.607856	0.891355850309388	2.876809	0.830109571533222	0	0.758233	0	0.46245	1	2.713285	0.967895291313724	0.0104520579791391	0.0003466906798739	False
chr3	196181747	196182350	ZDHHC19|chr3:195908618-195909221:.	-0.0758057230532883	chr3	196211436	196211437	ZDHHC19	ENSG00000163958	True	1.82263153111648e-05	0.15	0.2	0.3	0.45	1.0	True	K562	Gasperini et al., 2019	True	Gasperini2019	29388	False	High H3K27ac	1	6.739728	0.949040664598887	7.850515	0.935948191212456	6.111854	0.932994591561589	0	0.541595	0	0.152862	1	1.870235	0.994753921734021	0.0657389951022473	0.0003466906798739	False
chr4	1785084	1785584	FGFR3|chr4:1786811-1787311:.	-0.0244476991531143	chr4	1793307	1793308	FGFR3	ENSG00000068078	True	0.0001297815355502	0.0	0.1	0.05	0.05	0.35	True	K562	Gasperini et al., 2019	True	Gasperini2019	7976	False	High H3K27ac	1	3.932609	0.907924063654359	6.557616	0.921694540126872	12.845208	0.97935597499961	0	0.0	0	0.075495	1	2.42281	0.999123355607083	0.395128011120764	0.0003466906798739	False
chr4	48481557	48482057	SLC10A4|chr4:48483574-48484074:.	-0.0307037568120931	chr4	48483343	48483344	SLC10A4	ENSG00000145248	True	0.0044357357956559	0.0	0.0	0.05	0.05	0.45	True	K562	Gasperini et al., 2019	True	Gasperini2019	1534	False	No H3K27ac	0	0.39657	0.488832431926932	0.39657	0.375551364578625	2.686762	0.816713165728892	0	0.324957	0	0.179925	1	2.194815	0.999653429472898	1.0	0.0003466906798739	False
chr4	55729466	55730962	TMEM165|chr4:56595633-56597129:.	-0.0745258057885034	chr4	55395957	55395958	TMEM165	ENSG00000134851	True	1.29431169659611e-05	0.6	0.9	1.0	1.0	1.0	True	K562	Gasperini et al., 2019	True	Gasperini2019	334301	True	High H3K27ac	1	35.454287	0.997997163297433	40.520972	0.99716329743294	17.944538	0.990141679265575	0	1.516465	0	0.36141	1	6.326152	0.870025202524813	0.0023206778146999	0.0003466906798739	False
chr4	54542505	54543005	KIT|chr4:55408672-55409172:.	-0.0136836721454578	chr4	54657918	54657919	KIT	ENSG00000157404	True	0.0139971378810584	0.0	0.0	0.05	0.1	0.3	True	K562	Gasperini et al., 2019	True	Gasperini2019	115171	False	H3K27ac	0	0.915933	0.712666968001372	1.55221	0.751921008743902	10.666404	0.971110834021727	0	0.758233	0	0.174233	1	1.67178	0.966646474335008	0.0100477330867812	0.0003466906798739	False
chr4	54571096	54572159	KIT|chr4:55437263-55438326:.	-0.0160132755061476	chr4	54657918	54657919	KIT	ENSG00000157404	True	0.0043893730240218	0.0	0.0	0.0	0.0	0.1	True	K562	Gasperini et al., 2019	True	Gasperini2019	86299	False	High H3K27ac	1	10.271846	0.971703112579685	10.749298	0.95617138671114	14.649246	0.984304618214124	0	2.274698	0	0.403214	1	4.452139	0.97732515790099	0.0149429716851428	0.0003466906798739	False
chr4	55723369	55723869	NMU|chr4:56589536-56590036:.	-0.163491722766818	chr4	55636697	55636698	NMU	ENSG00000109255	True	1.07458258623093e-05	0.4	0.55	0.85	1.0	1.0	True	K562	Gasperini et al., 2019	True	Gasperini2019	87320	False	H3K27ac	1	0.755149	0.669165666547172	0.835051	0.616834738696052	0.822633	0.471430352717468	0	0.433276	0	0.296288	1	2.140594	0.976963929705418	0.014703214770166	0.0003466906798739	False
chr4	55729466	55730962	NMU|chr4:56595633-56597129:.	-0.611081789764628	chr4	55636697	55636698	NMU	ENSG00000109255	True	0.0	0.8	0.95	1.0	1.0	1.0	True	K562	Gasperini et al., 2019	True	Gasperini2019	93915	False	High H3K27ac	1	35.454287	0.997997163297433	40.520972	0.99716329743294	17.944538	0.990141679265575	0	1.516465	0	0.36141	1	6.326152	0.974599468616446	0.0133022631407694	0.0003466906798739	False
chr4	55733769	55734436	NMU|chr4:56599936-56600602:.	-0.325936379450491	chr4	55636697	55636698	NMU	ENSG00000109255	True	7.898671205883929e-42	0.6	0.95	1.0	1.0	1.0	True	K562	Gasperini et al., 2019	True	Gasperini2019	97803	False	H3K27ac	1	2.977705	0.881544288408485	3.530158	0.863986346420611	5.480473	0.922224473573466	0	0.649914	0	0.21042	1	2.894727	0.973181266965148	0.0125804926968871	0.0003466906798739	False
chr4	55729466	55730962	SRD5A3|chr4:56595633-56597129:.	-0.0537981955727883	chr4	55346109	55346110	SRD5A3	ENSG00000128039	True	0.0165060295391769	0.55	0.75	1.0	1.0	1.0	True	K562	Gasperini et al., 2019	True	Gasperini2019	383993	False	High H3K27ac	1	35.454287	0.997997163297433	40.520972	0.99716329743294	17.944538	0.990141679265575	0	1.516465	0	0.36141	1	6.326152	0.846913761416304	0.0019179849897447	0.0003466906798739	False
chr4	74330103	74330893	EREG|chr4:75195820-75196610:.	-0.0459772683870553	chr4	74365143	74365144	EREG	ENSG00000124882	True	0.008248041455961	0.05	0.1	0.25	0.3	0.85	True	K562	Gasperini et al., 2019	True	Gasperini2019	34643	False	High H3K27ac	1	10.413027	0.972381115665768	14.479955	0.971897941052697	4.364715	0.895579731604296	0	0.866552	0	0.322845	0	0.792179	0.993430817275022	0.0524286231435208	0.0003466906798739	False
chr4	78691924	78692710	BMP2K|chr4:79613078-79613864:.	-0.134604334442063	chr4	78776342	78776343	BMP2K	ENSG00000138756	True	5.50521350575025e-08	0.2	0.4	0.6	0.75	1.0	True	K562	Gasperini et al., 2019	True	Gasperini2019	84059	False	High H3K27ac	1	9.657134	0.968998893374273	14.313763	0.971399180161786	24.283253	0.995651428482364	0	3.574526	0	0.139057	1	4.64181	0.978112968952722	0.0154933142584409	0.0003466906798739	False
chr4	78720861	78721538	BMP2K|chr4:79642015-79642692:.	-0.074049319133937	chr4	78776342	78776343	BMP2K	ENSG00000138756	True	0.0111091678695826	0.25	0.45	0.6	0.75	1.0	True	K562	Gasperini et al., 2019	True	Gasperini2019	55177	False	High H3K27ac	1	16.083135	0.987110148225502	20.683149	0.985286553718107	11.162234	0.973503327670319	0	1.299828	0	0.127866	1	2.280364	0.98761331521224	0.027642289891952	0.0003466906798739	False
chr4	78732519	78733156	BMP2K|chr4:79653673-79654310:.	-0.121020570472856	chr4	78776342	78776343	BMP2K	ENSG00000138756	True	0.0004010882653516	0.15	0.35	0.5	0.8	1.0	True	K562	Gasperini et al., 2019	True	Gasperini2019	43539	False	High H3K27ac	1	6.4211	0.945837684502564	7.488996	0.932480244392836	10.307596	0.969295032653252	0	0.324957	0	0.208236	1	3.322575	0.991026347785357	0.0382875990810136	0.0003466906798739	False
chr4	80127264	80127764	ANTXR2|chr4:81048418-81048918:.	-0.0958122466377238	chr4	80125453	80125454	ANTXR2	ENSG00000163297	True	8.61912200383332e-12	0.1	0.1	0.4	0.55	1.0	True	K562	Gasperini et al., 2019	True	Gasperini2019	54190	False	High H3K27ac	1	5.749773	0.938153649526956	7.410074	0.931661964806185	3.161201	0.846545301516545	0	0.866552	0	0.243917	1	1.629825	0.987913332163957	0.0283370362642959	0.0003466906798739	False
chr4	98682629	98683129	TSPAN5|chr4:99603780-99604280:.	-0.0603651970405732	chr4	98658628	98658629	TSPAN5	ENSG00000168785	True	6.79819148504029e-06	0.0	0.15	0.25	0.35	0.95	True	K562	Gasperini et al., 2019	True	Gasperini2019	24217	False	H3K27ac	0	0.476472	0.547725182749108	0.874022	0.627495752739288	2.369371	0.790177527704609	0	0.324957	0	0.141553	1	2.151186	0.995974877954557	0.0857850280506081	0.0003466906798739	False
chr4	98686789	98687289	TSPAN5|chr4:99607940-99608440:.	-0.081454267302954	chr4	98658628	98658629	TSPAN5	ENSG00000168785	True	2.2198886701444302e-09	0.05	0.15	0.05	0.3	0.95	True	K562	Gasperini et al., 2019	True	Gasperini2019	28377	False	H3K27ac	0	0.477452	0.55358562321732	1.073777	0.678244673389548	2.699418	0.817749653205318	0	0.0	0	0.196733	1	1.835077	0.994999270686973	0.0689813329287644	0.0003466906798739	False
chr4	109735697	109736521	PLA2G12A|chr4:110656853-110657677:.	-0.0846451359611437	chr4	109730076	109730077	PLA2G12A	ENSG00000123739	True	0.0003045936479559	0.75	0.9	1.0	1.0	1.0	True	K562	Gasperini et al., 2019	True	Gasperini2019	6022	True	High H3K27ac	1	9.862534	0.969957449461494	11.646608	0.960894028896959	10.066927	0.968211786343303	0	0.216638	0	0.260725	1	3.014415	0.999404193457735	0.581537956903416	0.0003466906798739	False
chr4	110248743	110249243	ELOVL6|chr4:111169899-111170399:.	-0.0888301409748552	chr4	110199198	110199199	ELOVL6	ENSG00000170522	True	0.0002158947242755	0.4	0.95	0.9	0.95	1.0	True	K562	Gasperini et al., 2019	True	Gasperini2019	50328	False	H3K27ac	1	1.15662	0.757103446126031	2.032602	0.794837824779065	5.921387	0.930040991910722	0	0.541595	0	0.128178	1	1.722715	0.989069094122302	0.0313698645400614	0.0003466906798739	False
chr4	122749336	122750464	FGF2|chr4:123670491-123671619:.	-0.0322629092463993	chr4	122826708	122826709	FGF2	ENSG00000138685	True	5.68432007719651e-05	0.05	0.1	0.1	0.2	0.5	True	K562	Gasperini et al., 2019	True	Gasperini2019	76806	False	High H3K27ac	1	26.348626	0.995612462787762	32.517277	0.994770803784348	6.721795	0.941348836484359	0	0.541595	0	0.280104	1	2.940688	0.980617791808819	0.0175403672061147	0.0003466906798739	False
chr4	176290445	176290945	SPCS3|chr4:177211596-177212096:.	-0.103943404809002	chr4	176319964	176319965	SPCS3	ENSG00000129128	True	0.020281719904687	0.45	0.7	0.75	0.9	1.0	True	K562	Gasperini et al., 2019	True	Gasperini2019	29242	True	H3K27ac	1	1.430396	0.790387942455462	2.741919	0.834606212690347	3.540198	0.865350145731698	0	0.974871	0	0.109616	1	1.910776	0.994789544010089	0.0661908024963863	0.0003466906798739	False
chr5	10310245	10310745	CMBL|chr5:10310357-10310857:.	-0.0960373151313265	chr5	10308025	10308026	CMBL	ENSG00000164237	True	0.016585215825395	0.65	0.8	0.95	0.95	1.0	True	K562	Gasperini et al., 2019	True	Gasperini2019	2438	False	H3K27ac	1	2.895842	0.878816689786312	3.847806	0.873790115182593	2.047169	0.756090338066366	0	0.0	0	0.212798	1	3.698154	0.999653429472898	1.0	0.0003466906798739	False
chr5	40801917	40802539	PRKAA1|chr5:40802019-40802641:.	-0.0517428364034384	chr5	40798373	40798374	PRKAA1	ENSG00000132356	True	0.0393101518866342	0.1	0.45	0.55	0.65	1.0	True	K562	Gasperini et al., 2019	True	Gasperini2019	4032	True	High H3K27ac	1	22.711831	0.99400707617014	31.238574	0.994256456615595	12.605791	0.978529902274038	0	0.758233	0	0.121119	1	1.985981	0.999653429472898	1.0	0.0003466906798739	False
chr5	53118712	53119369	MOCS2|chr5:52414542-52415199:.	-0.160838247147039	chr5	53110062	53110063	MOCS2	ENSG00000164172	True	1.21113362770991e-19	0.5	0.75	0.85	0.95	1.0	True	K562	Gasperini et al., 2019	True	Gasperini2019	9267	False	High H3K27ac	1	4.327219	0.916270515438208	6.108352	0.916044514409514	2.758566	0.821825464860737	0	0.0	0	0.139369	1	2.844958	0.998922695200813	0.321466300532599	0.0003466906798739	False
chr5	53120100	53120600	MOCS2|chr5:52415930-52416430:.	-0.149558562242208	chr5	53110062	53110063	MOCS2	ENSG00000164172	True	1.6403018057964402e-09	0.35	0.5	0.6	0.7	1.0	True	K562	Gasperini et al., 2019	True	Gasperini2019	10577	False	H3K27ac	1	0.875002	0.702278713820353	1.468387	0.740317024891286	1.14928	0.590883586090806	0	0.649914	0	0.089182	1	2.043797	0.998708137954194	0.268018403719688	0.0003466906798739	False
chr5	54311751	54312251	LINC01033|chr5:53607581-53608081:.	-0.142077611574236	chr5	54320944	54320945	LINC01033	ENSG00000249069	True	2.2684467297016298e-11	0.25	0.4	0.6	0.8	1.0	True	K562	Gasperini et al., 2019	True	Gasperini2019	8941	False	High H3K27ac	1	2.852951	0.877335993391418	5.389234	0.905625087672813	4.326119	0.894340622515937	1	6.065862	0	0.075183	1	0.884822	0.998974414460099	0.337695009778859	0.0003466906798739	False
chr5	54313246	54313746	LINC01033|chr5:53609076-53609576:.	-0.149998240977973	chr5	54320944	54320945	LINC01033	ENSG00000249069	True	5.29530079471231e-21	0.2	0.25	0.6	0.75	1.0	True	K562	Gasperini et al., 2019	True	Gasperini2019	7446	False	High H3K27ac	1	9.16988	0.966294674168862	14.876762	0.973066911890771	9.66236	0.966154397668293	0	0.649914	0	0.231478	1	1.42239	0.999202390605752	0.434315541703602	0.0003466906798739	False
chr5	62261182	62262119	KIF2A|chr5:61557009-61557946:.	-0.0868313671958112	chr5	62306162	62306163	KIF2A	ENSG00000068796	True	1.76418344593245e-06	0.55	0.7	0.95	1.0	1.0	True	K562	Gasperini et al., 2019	True	Gasperini2019	44510	False	High H3K27ac	1	6.944384	0.950809707133839	7.222081	0.929627955547936	9.809101	0.966972677254945	0	0.866552	0	0.125682	1	3.024251	0.990752531948365	0.0371436448301407	0.0003466906798739	False
chr5	81754579	81755079	SSBP2|chr5:81050398-81050898:.	-0.0662513435962516	chr5	81751796	81751797	SSBP2	ENSG00000145687	True	0.0014533934490195	0.2	0.5	0.75	0.9	1.0	True	K562	Gasperini et al., 2019	True	Gasperini2019	3575	False	H3K27ac	1	2.529422	0.86381489736436	3.398543	0.859855982792749	1.698243	0.708778191680045	0	0.216638	0	0.123304	1	1.490516	0.999653429472898	1.0	0.0003466906798739	False
chr5	81758675	81759175	SSBP2|chr5:81054494-81054994:.	-0.0853763481169351	chr5	81751796	81751797	SSBP2	ENSG00000145687	True	3.67336395717801e-06	0.1	0.15	0.5	0.7	1.0	True	K562	Gasperini et al., 2019	True	Gasperini2019	7671	False	High H3K27ac	1	7.370123	0.954386757898346	9.912287	0.95144874452532	3.815856	0.876494334388005	0	0.649914	0	0.116245	1	1.619086	0.999169085790378	0.416893351504286	0.0003466906798739	False
chr5	112973835	112974335	DCP2|chr5:112309532-112310032:.	-0.0955947969043486	chr5	112976702	112976703	DCP2	ENSG00000172795	True	0.0348608785208806	0.3	0.55	0.95	1.0	1.0	True	K562	Gasperini et al., 2019	True	Gasperini2019	2623	False	H3K27ac	1	1.314464	0.778152714350286	1.870838	0.782618182951729	4.070019	0.885916239342883	0	1.516465	0	0.293404	1	3.464839	0.999653429472898	1.0	0.0003466906798739	False
chr5	129082196	129083165	ISOC1|chr5:128417889-128418858:.	-0.115333257199514	chr5	129094751	129094752	ISOC1	ENSG00000066583	True	0.020281719904687	0.25	0.35	0.6	0.8	1.0	True	K562	Gasperini et al., 2019	True	Gasperini2019	12067	False	High H3K27ac	1	14.93804	0.98502938013373	15.927995	0.976059477236241	7.49987	0.949609563740083	0	0.108319	0	0.345657	1	3.330375	0.998451828829948	0.223588935160721	0.0003466906798739	False
chr5	133930196	133931107	DDX46|chr5:133265887-133266798:.	-0.0892597214601898	chr5	134758771	134758772	DDX46	ENSG00000145833	True	0.0154171245105282	0.65	0.8	0.95	1.0	1.0	True	K562	Gasperini et al., 2019	True	Gasperini2019	828081	False	High H3K27ac	1	6.438743	0.946001340419894	7.670364	0.934303838900232	5.196708	0.916636792967472	0	0.866552	0	0.834351	1	5.903397	0.65785375990111	0.0006665914762407	0.0003466906798739	False
chr5	142014235	142014735	GNPDA1|chr5:141393800-141394300:.	-0.0982931225533923	chr5	142013040	142013041	GNPDA1	ENSG00000113552	True	0.0033749809245956	0.45	0.6	0.75	0.9	1.0	True	K562	Gasperini et al., 2019	True	Gasperini2019	1429	False	H3K27ac	1	0.993875	0.727419379977867	1.392405	0.731830296606867	1.314853	0.634377094406085	0	1.08319	0	0.208042	1	1.413226	0.999653429472898	1.0	0.0003466906798739	False
chr5	145854297	145855550	PRELID2|chr5:145233860-145235113:.	-0.0833535359178116	chr5	145835368	145835369	PRELID2	ENSG00000186314	True	1.49271768594439e-05	0.3	0.55	0.75	0.9	1.0	True	K562	Gasperini et al., 2019	True	Gasperini2019	19553	False	High H3K27ac	1	33.309167	0.997646472046011	36.831483	0.996173568790037	16.8611	0.988458361258748	0	3.14125	0	0.50164	1	5.998534	0.996997689927322	0.11512795100651	0.0003466906798739	False
chr5	154653845	154654345	LARP1|chr5:154033405-154033905:.	-0.101829562171706	chr5	154712902	154712903	LARP1	ENSG00000155506	True	0.0352046529429417	0.45	0.65	0.95	0.95	1.0	True	K562	Gasperini et al., 2019	True	Gasperini2019	58805	True	High H3K27ac	1	2.181624	0.84630371421001	5.202221	0.902562384077059	24.603938	0.995791704982933	0	0.216638	0	0.19217	1	1.709135	0.986494929390104	0.0253244583195165	0.0003466906798739	False
chr5	173853357	173854014	CPEB4|chr5:173280360-173281017:.	-0.0541514389177737	chr5	173888280	173888281	CPEB4	ENSG00000113742	True	0.0036821967767349	0.1	0.15	0.35	0.6	1.0	True	K562	Gasperini et al., 2019	True	Gasperini2019	34641	False	High H3K27ac	1	14.381903	0.983813650462133	19.585104	0.983509718044234	16.595271	0.987982979784598	0	0.541595	0	0.205545	1	3.116992	0.993431335403271	0.0524327859958819	0.0003466906798739	False
chr5	173855548	173856048	CPEB4|chr5:173282551-173283051:.	-0.0728734898365655	chr5	173888280	173888281	CPEB4	ENSG00000113742	True	0.0002511027468925	0.15	0.35	0.5	0.65	1.0	True	K562	Gasperini et al., 2019	True	Gasperini2019	32528	False	High H3K27ac	1	12.888268	0.980322324225752	21.27187	0.986159385277202	16.34367	0.987562150282891	0	0.866552	0	0.089182	1	3.127879	0.993972680923806	0.0571731909609105	0.0003466906798739	False
chr5	178127330	178127952	TMED9|chr5:177554331-177554953:.	-0.0712456587792759	chr5	177592158	177592159	TMED9	ENSG00000184840	True	0.0406904078396048	0.75	0.95	1.0	1.0	1.0	True	K562	Gasperini et al., 2019	True	Gasperini2019	535493	True	High H3K27ac	1	7.593403	0.955976558238127	11.650766	0.960917408313721	11.274934	0.973908570894185	0	0.649914	0	0.059312	1	2.332662	0.777860747201803	0.0012140000828202	0.0003466906798739	False
chr6	4176755	4177536	ECI2|chr6:4176989-4177770:.	-0.0902147068083676	chr6	4135596	4135597	ECI2	ENSG00000198721	True	0.0059797854812302	0.75	0.8	0.9	1.0	1.0	True	K562	Gasperini et al., 2019	True	Gasperini2019	41547	False	H3K27ac	0	1.668142	0.812567215823189	2.142654	0.801672407612338	2.511932	0.802927102978538	0	0.649914	0	0.498519	1	5.065306	0.991581364633559	0.0408346486682975	0.0003466906798739	False
chr6	14108205	14109346	CD83|chr6:14108436-14109577:.	-0.0285027134732754	chr6	14117256	14117257	CD83	ENSG00000112149	True	0.0256739057110282	0.05	0.1	0.15	0.25	0.9	True	K562	Gasperini et al., 2019	True	Gasperini2019	8857	False	High H3K27ac	1	13.575041	0.981849779454168	14.887544	0.973082498168612	10.413864	0.96988731121121	0	0.866552	0	0.490331	1	6.093904	0.998987628504635	0.342107320976201	0.0003466906798739	False
chr6	16224139	16225317	GMPR|chr6:16224370-16225548:.	-0.0705712755218759	chr6	16238580	16238581	GMPR	ENSG00000137198	True	0.0147854902486161	0.65	0.8	0.9	1.0	1.0	True	K562	Gasperini et al., 2019	True	Gasperini2019	13850	False	High H3K27ac	1	9.791453	0.96957558565439	10.503711	0.954784207983291	5.323425	0.91913059742203	0	0.649914	0	0.55514	1	8.040948	0.998129372128623	0.184987167100558	0.0003466906798739	False
chr6	28980674	28981495	TRIM27|chr6:28948451-28949272:.	-0.122580667204253	chr6	28923988	28923989	TRIM27	ENSG00000204713	True	0.0003029091084911	0.5	0.75	0.95	0.95	1.0	True	K562	Gasperini et al., 2019	True	Gasperini2019	57092	True	High H3K27ac	1	54.303103	0.999454480275565	78.521074	0.999703860721021	32.758158	0.99841799279914	1	8.557198	0	0.467206	1	0.992571	0.987025999775657	0.0263752666100166	0.0003466906798739	False
chr6	32131463	32131963	FKBPL|chr6:32099240-32099740:.	-0.094005047691278	chr6	32130290	32130291	FKBPL	ENSG00000204315	True	1.01400695287827e-09	0.5	0.7	0.75	0.95	1.0	True	K562	Gasperini et al., 2019	True	Gasperini2019	1422	False	High H3K27ac	1	4.932365	0.926736701008432	5.487759	0.907269439985037	10.084915	0.968297510871429	0	0.433276	0	0.367963	1	2.07567	0.999653429472898	1.0	0.0003466906798739	False
chr6	34223553	34224454	HMGA1|chr6:34191330-34192231:.	-0.109032042011457	chr6	34236873	34236874	HMGA1	ENSG00000137309	True	0.0011645103181991	0.65	0.8	0.85	0.95	1.0	True	K562	Gasperini et al., 2019	True	Gasperini2019	12795	False	High H3K27ac	1	12.237289	0.978475350301595	19.981674	0.984195514269237	18.952567	0.991372995215013	0	0.433276	0	0.196421	1	2.8267	0.998322162087586	0.206282732406175	0.0003466906798739	False
chr6	37050156	37051053	PIM1|chr6:37017932-37018829:.	-0.149941208845676	chr6	37170203	37170204	PIM1	ENSG00000137193	True	1.55935998704335e-12	0.75	0.9	0.9	0.95	1.0	True	K562	Gasperini et al., 2019	True	Gasperini2019	119540	False	High H3K27ac	1	28.411851	0.996415156096573	41.876841	0.997498402406521	23.409219	0.995183840147135	0	1.516465	0	0.677744	1	6.825229	0.964955556783281	0.00954619526869	0.0003466906798739	False
chr6	37109489	37110223	PIM1|chr6:37077265-37077999:.	-0.166619503305204	chr6	37170203	37170204	PIM1	ENSG00000137193	True	0.0002527058694108	0.6	0.7	0.85	1.0	1.0	True	K562	Gasperini et al., 2019	True	Gasperini2019	60288	False	High H3K27ac	1	15.903963	0.986852974641126	20.036328	0.984281238797363	18.334515	0.99054692248944	0	0.866552	0	0.684491	1	6.995032	0.986030914433672	0.0244717327042317	0.0003466906798739	False
chr6	37183271	37183514	PIM1|chr6:37151047-37151290:*	-0.888781235	chr6	37170203	37170204	PIM1	ENSG00000137193	True	3.92e-09	0.0	0.0	0.0	0.0	0.0	True	K562	Nasser et al., 2021 from Xie et al., 2017	True	Nasser2021	13246	False	High H3K27ac	1	5.114477	0.929417540797082	20.942223	0.985668417525211	25.910163	0.996446328652255	0	0.433276	0	0.022812	1	0.387272	0.987242122180196	0.196685861338172	0.0025417211557928	True
chr6	42197508	42198387	MRPS10|chr6:42165246-42166125:.	-0.130695791613672	chr6	42217864	42217865	MRPS10	ENSG00000048544	True	2.23932690481657e-06	0.4	0.75	1.0	1.0	1.0	True	K562	Gasperini et al., 2019	True	Gasperini2019	19947	True	High H3K27ac	1	27.125306	0.995861843233217	31.353256	0.994279836032357	23.249706	0.995059149924407	1	2.924612	0	0.705237	1	10.115443	0.99691443565734	0.112012230208834	0.0003466906798739	False
chr6	42199304	42199804	MRPS10|chr6:42167042-42167542:.	-0.122941574211182	chr6	42217864	42217865	MRPS10	ENSG00000048544	True	1.73779173281764e-10	0.8	0.85	1.0	1.0	1.0	True	K562	Gasperini et al., 2019	True	Gasperini2019	18340	True	High H3K27ac	1	5.92526	0.940639660842594	11.571844	0.960488785673093	34.057373	0.998651786966754	1	2.383017	0	0.269537	1	2.535321	0.997250115294145	0.125727933152794	0.0003466906798739	False
chr6	47420409	47421163	CD2AP|chr6:47388145-47388899:.	-0.168674711204589	chr6	47477789	47477790	CD2AP	ENSG00000198087	True	2.76149905060132e-16	0.3	0.5	0.7	0.85	1.0	True	K562	Gasperini et al., 2019	True	Gasperini2019	57001	False	High H3K27ac	1	7.018405	0.951472123942081	9.763265	0.950575912966224	20.623297	0.993009554388317	0	1.191509	0	0.233232	1	2.4655	0.987054062466678	0.026433191347331	0.0003466906798739	False
chr6	49645920	49646771	RHAG|chr6:49613633-49614484:.	-0.326951954116904	chr6	49636838	49636839	RHAG	ENSG00000112077	True	2.68151075728859e-103	0.55	0.8	0.95	1.0	1.0	True	K562	Gasperini et al., 2019	True	Gasperini2019	9470	False	High H3K27ac	1	20.513307	0.992300378746551	26.639066	0.991762652161037	18.347694	0.99054692248944	0	1.08319	0	0.271291	1	2.209017	0.998890144173381	0.312027828207038	0.0003466906798739	False
chr6	83974602	83975291	MRAP2|chr6:84684321-84685010:.	-0.087105789499504	chr6	84033756	84033757	MRAP2	ENSG00000135324	True	8.16260949726148e-30	0.05	0.05	0.25	0.5	1.0	True	K562	Gasperini et al., 2019	True	Gasperini2019	58711	False	High H3K27ac	1	4.278446	0.915187269128259	11.564746	0.960480992534173	19.487249	0.992004239467573	0	0.433276	0	0.231166	1	1.43472	0.986524209059569	0.0253802355841536	0.0003466906798739	False
chr6	109304426	109304926	CD164|chr6:109625629-109626129:*	-0.657494624	chr6	109382811	109382812	CD164	ENSG00000135535	True	0.001243625	0.0	0.0	0.0	0.228478415	0.0	True	K562	Nasser et al., 2021 from Ulirsch et al., 2016	True	Nasser2021	78135	False	High H3K27ac	1	8.026983	0.959382159946383	14.500776	0.971952493025141	21.072529	0.993484935862467	0	0.866552	0	0.235728	1	2.750245	0.870802252079975	0.0171313861290666	0.0025417211557928	True
chr6	109304426	109304926	FIG4|chr6:109625629-109626129:*	-0.486749816	chr6	109691312	109691313	FIG4	ENSG00000112367	True	0.034708806	0.0	0.0	0.0	0.085857834	0.0	True	K562	Nasser et al., 2021 from Ulirsch et al., 2016	True	Nasser2021	386543	False	High H3K27ac	1	8.026983	0.959382159946383	14.500776	0.971952493025141	21.072529	0.993484935862467	0	0.866552	0	0.235728	1	2.750245	0.427840154767375	0.001900605891397	0.0025417211557928	True
chr6	125306944	125307816	HDDC2|chr6:125628090-125628962:.	-0.258953581048541	chr6	125302077	125302078	HDDC2	ENSG00000111906	True	1.56615605844428e-70	0.75	1.0	1.0	1.0	1.0	True	K562	Gasperini et al., 2019	True	Gasperini2019	5243	False	High H3K27ac	1	11.635083	0.97667513521096	13.850777	0.970012001433938	9.289059	0.964011284465157	0	0.216638	0	0.310911	1	3.655182	0.999507490595139	0.703580333763572	0.0003466906798739	False
chr6	125306944	125307816	TPD52L1|chr6:125628090-125628962:.	-0.105229869340197	chr6	125119049	125119050	TPD52L1	ENSG00000111907	True	1.98309444169197e-07	0.65	0.95	1.0	1.0	1.0	True	K562	Gasperini et al., 2019	True	Gasperini2019	153651	False	High H3K27ac	1	11.635083	0.97667513521096	13.850777	0.970012001433938	9.289059	0.964011284465157	0	0.216638	0	0.310911	1	3.655182	0.95121117826893	0.0067592542389218	0.0003466906798739	False
chr6	139445368	139445868	CITED2|chr6:139766505-139767005:.	-0.149777617477806	chr6	139374619	139374620	CITED2	ENSG00000164442	True	1.16169556036779e-23	0.5	0.75	0.85	0.95	1.0	True	K562	Gasperini et al., 2019	True	Gasperini2019	70967	False	High H3K27ac	1	8.469148	0.962390311569694	14.047355	0.970619866269736	10.799397	0.971897941052697	0	0.0	0	0.175987	1	1.599875	0.982580026677985	0.0195552157964004	0.0003466906798739	False
chr6	139534045	139535314	CITED2|chr6:139855182-139856451:.	-0.0898116579563707	chr6	139374619	139374620	CITED2	ENSG00000164442	True	0.0023944057967098	0.5	0.55	0.7	0.9	1.0	True	K562	Gasperini et al., 2019	True	Gasperini2019	160028	False	High H3K27ac	1	14.721859	0.98455399865958	18.558883	0.981787434342804	14.652018	0.984304618214124	0	0.974871	0	0.381532	1	5.225799	0.948549352001618	0.0063916244504784	0.0003466906798739	False
chr6	144215306	144215806	PLAGL1|chr6:144536443-144536943:.	-0.0009749985894542	chr6	144064598	144064599	PLAGL1	ENSG00000118495	True	0.0300018819790388	0.0	0.1	0.25	0.3	0.75	True	K562	Gasperini et al., 2019	True	Gasperini2019	207139	False	High H3K27ac	1	4.606876	0.921289296903007	6.913255	0.926183388145077	2.031481	0.754165432753004	0	0.866552	0	0.237913	1	2.264848	0.92820529947731	0.0044822267381235	0.0003466906798739	False
chr6	150271333	150272533	PPP1R14C|chr6:150592469-150593669:.	-0.110379073059891	chr6	150143076	150143077	PPP1R14C	ENSG00000198729	True	4.20933424645081e-06	0.35	0.45	0.55	0.75	1.0	True	K562	Gasperini et al., 2019	True	Gasperini2019	128881	False	High H3K27ac	1	43.742507	0.998979098801415	49.224386	0.99842578593806	20.809263	0.993204382861329	0	1.624784	0	0.630323	1	11.0976	0.961283150078517	0.0086078260377054	0.0003466906798739	False
chr6	154513818	154514318	CNKSR3|chr6:154834952-154835452:.	-0.0860677409011185	chr6	154510658	154510659	CNKSR3	ENSG00000153721	True	4.49896690980899e-17	0.3	0.4	0.55	0.75	1.0	True	K562	Gasperini et al., 2019	True	Gasperini2019	3408	False	High H3K27ac	1	4.944871	0.926869184370081	8.303463	0.940016209728955	2.770019	0.82266712386415	0	0.433276	0	0.08887	1	2.238113	0.999653429472898	1.0	0.0003466906798739	False
chr7	5574162	5575313	FSCN1|chr7:5613793-5614944:.	-0.210408217032699	chr7	5592823	5592824	FSCN1	ENSG00000075618	True	1.11160664988014e-37	0.65	0.95	1.0	1.0	1.0	True	K562	Gasperini et al., 2019	True	Gasperini2019	18066	False	High H3K27ac	1	25.701298	0.995339702925544	29.591996	0.993516108418149	30.081592	0.997864679935785	0	0.649914	0	0.319724	1	3.205678	0.997306304084363	0.128357769931772	0.0003466906798739	False
chr7	7099480	7099980	KDELR2|chr7:7139111-7139611:.	-0.0760724049818066	chr7	6484241	6484242	KDELR2	ENSG00000136240	True	0.0032927412620487	0.55	0.75	0.85	1.0	1.0	True	K562	Gasperini et al., 2019	True	Gasperini2019	615511	True	High H3K27ac	1	4.570846	0.92070481148397	6.910314	0.926128836172634	9.5427	0.965445222026528	0	0.974871	0	0.378842	1	2.421758	0.743019172774292	0.0010024009376475	0.0003466906798739	False
chr7	7099480	7099980	C7orf26|chr7:7139111-7139611:.	-0.0323817111180266	chr7	6590017	6590018	C7orf26	ENSG00000146576	True	0.0309446156135748	0.15	0.4	0.45	0.7	1.0	True	K562	Gasperini et al., 2019	True	Gasperini2019	509709	True	High H3K27ac	1	4.570846	0.92070481148397	6.910314	0.926128836172634	9.5427	0.965445222026528	0	0.974871	0	0.378842	1	2.421758	0.789366016990251	0.0012992482845802	0.0003466906798739	False
chr7	7104842	7105517	C1GALT1|chr7:7144473-7145148:.	-0.0821310470426741	chr7	7156934	7156935	C1GALT1	ENSG00000106392	True	0.0035972366559815	0.35	0.55	0.65	0.8	1.0	True	K562	Gasperini et al., 2019	True	Gasperini2019	77434	False	High H3K27ac	1	10.042922	0.970736763353544	13.772835	0.969793793544164	3.49925	0.863269377639926	0	1.516465	0	0.352716	1	2.804105	0.980403790907065	0.0173450311337561	0.0003466906798739	False
chr7	12722683	12723183	ARL4A|chr7:12762308-12762808:.	-0.329877305564015	chr7	12686856	12686857	ARL4A	ENSG00000122644	True	1.76415836225313e-84	0.75	0.95	1.0	1.0	1.0	True	K562	Gasperini et al., 2019	True	Gasperini2019	35647	False	High H3K27ac	1	14.249071	0.983579856294518	27.208182	0.992160102245983	5.196864	0.916636792967472	0	0.541595	0	0.364025	1	1.996177	0.993169377168932	0.0504086633263615	0.0003466906798739	False
chr7	22680403	22680994	IL6|chr7:22720022-22720613:.	-0.0253572039709877	chr7	22725884	22725885	IL6	ENSG00000136244	True	3.4610006461013403e-09	0.0	0.05	0.2	0.3	0.75	True	K562	Gasperini et al., 2019	True	Gasperini2019	46442	False	High H3K27ac	1	3.930649	0.90779158029271	6.903453	0.926035318505588	7.180336	0.946445549338362	0	0.216638	0	0.286657	1	3.969072	0.990201514244457	0.0350353763581683	0.0003466906798739	False
chr7	22681797	22682926	IL6|chr7:22721416-22722545:.	-0.0196177351047809	chr7	22725884	22725885	IL6	ENSG00000136244	True	0.0164897084308853	0.0	0.0	0.05	0.1	0.6	True	K562	Gasperini et al., 2019	True	Gasperini2019	44779	False	High H3K27ac	1	21.869175	0.993422590751103	24.08683	0.989463676179492	6.387721	0.93694571299428	0	0.324957	0	0.659807	1	7.167726	0.990676303141078	0.0368371308363936	0.0003466906798739	False
chr7	22680403	22680994	STEAP1B|chr7:22720022-22720613:.	-0.0400581275819408	chr7	22632924	22632925	STEAP1B	ENSG00000105889	True	0.0174315452999508	0.35	0.5	0.85	0.9	1.0	True	K562	Gasperini et al., 2019	True	Gasperini2019	180415	False	High H3K27ac	1	3.930649	0.90779158029271	6.903453	0.926035318505588	7.180336	0.946445549338362	0	0.216638	0	0.286657	1	3.969072	0.939879709818116	0.005419926194813	0.0003466906798739	False
chr7	29793437	29793937	WIPF3|chr7:29833053-29833553:.	-0.138413602866901	chr7	29806486	29806487	WIPF3	ENSG00000122574	True	7.40413624173684e-16	0.05	0.1	0.35	0.5	1.0	True	K562	Gasperini et al., 2019	True	Gasperini2019	12865	False	H3K27ac	1	1.750004	0.819542075157032	3.97354	0.877008681556758	6.158033	0.933727146620116	0	0.758233	0	0.245165	1	2.038788	0.998309546824877	0.204740729058171	0.0003466906798739	False
chr7	43756575	43757509	COA1|chr7:43796174-43797108:.	-0.100729091971062	chr7	43729716	43729717	COA1	ENSG00000106603	True	3.71017512238187e-09	0.65	0.95	1.0	1.0	1.0	True	K562	Gasperini et al., 2019	True	Gasperini2019	27500	False	H3K27ac	1	2.773049	0.8742109446843	3.525257	0.863752552252996	5.063559	0.913652020760922	0	0.974871	0	0.324911	1	4.796918	0.995209560000856	0.0720246739412983	0.0003466906798739	False
chr7	43756575	43757509	BLVRA|chr7:43796174-43797108:.	-0.262021660662712	chr7	43758680	43758681	BLVRA	ENSG00000106605	True	2.3517614454642197e-62	0.65	0.75	0.95	1.0	1.0	True	K562	Gasperini et al., 2019	True	Gasperini2019	1629	False	H3K27ac	1	2.773049	0.8742109446843	3.525257	0.863752552252996	5.063559	0.913652020760922	0	0.974871	0	0.324911	1	4.796918	0.999653429472898	1.0	0.0003466906798739	False
chr7	44995065	44995565	CCM2|chr7:45034664-45035164:.	-0.0836917890775417	chr7	44999475	44999476	CCM2	ENSG00000136280	True	0.000319570378428	0.3	0.6	0.9	0.95	1.0	True	K562	Gasperini et al., 2019	True	Gasperini2019	4871	False	High H3K27ac	1	8.44586	0.962195483096682	18.195402	0.981039293006437	8.88182	0.961158995620256	0	0.541595	0	0.08887	1	1.584112	0.999554876941347	0.77851810442521	0.0003466906798739	False
chr7	44995065	44995565	SNHG15|chr7:45034664-45035164:.	-0.0723564567706482	chr7	44986960	44986961	SNHG15	ENSG00000232956	True	0.0377100614638804	0.7	0.85	1.0	1.0	1.0	True	K562	Gasperini et al., 2019	True	Gasperini2019	8654	False	High H3K27ac	1	8.44586	0.962195483096682	18.195402	0.981039293006437	8.88182	0.961158995620256	0	0.541595	0	0.08887	1	1.584112	0.99901936952428	0.353191862789339	0.0003466906798739	False
chr7	93004809	93005438	CDK6|chr7:92634123-92634752:.	-0.104995177464508	chr7	92836593	92836594	CDK6	ENSG00000105810	True	4.62441615550876e-10	0.6	0.75	0.8	1.0	1.0	True	K562	Gasperini et al., 2019	True	Gasperini2019	171205	False	High H3K27ac	1	6.452229	0.94608706494802	8.713755	0.943110085880391	10.884903	0.972310977415484	0	0.758233	0	0.233232	1	3.631421	0.943824759404875	0.0058249015768046	0.0003466906798739	False
chr7	100444358	100445290	PPP1R35|chr7:100041981-100042913:.	-0.125872955804367	chr7	100436564	100436565	PPP1R35	ENSG00000160813	True	0.0001535075807569	0.7	0.75	0.95	1.0	1.0	True	K562	Gasperini et al., 2019	True	Gasperini2019	8350	False	High H3K27ac	1	27.47459	0.995986533455945	32.435145	0.994739631228666	14.073613	0.982909646347356	0	1.08319	0	0.700556	1	7.857619	0.999066385073623	0.370995572686979	0.0003466906798739	False
chr7	103995900	103996555	RELN|chr7:103636347-103637002:.	-0.132072659329201	chr7	103989515	103989516	RELN	ENSG00000189056	True	1.34972379373612e-22	0.0	0.0	0.05	0.35	1.0	True	K562	Gasperini et al., 2019	True	Gasperini2019	6710	False	High H3K27ac	1	4.156632	0.912592153867735	6.615954	0.922481647157842	22.488155	0.99448245764429	0	0.324957	0	0.336414	1	3.083608	0.999308686658555	0.501149026369461	0.0003466906798739	False
chr7	106978516	106979016	PRKAR2B|chr7:106618961-106619461:.	-0.148649727024875	chr7	107044649	107044650	PRKAR2B	ENSG00000005249	True	3.44222218932632e-17	0.45	0.7	0.9	1.0	1.0	True	K562	Gasperini et al., 2019	True	Gasperini2019	65965	False	High H3K27ac	1	14.498579	0.984070824046509	27.626316	0.992409482691438	18.719266	0.991053476519273	0	4.441077	0	0.334348	1	3.214955	0.984219617891959	0.0216230358768277	0.0003466906798739	False
chr7	106979031	106979531	PRKAR2B|chr7:106619476-106619976:.	-0.117851349408608	chr7	107044649	107044650	PRKAR2B	ENSG00000005249	True	5.90010588002862e-06	0.25	0.5	0.65	0.8	1.0	True	K562	Gasperini et al., 2019	True	Gasperini2019	65450	False	High H3K27ac	1	32.65305	0.997506195545442	44.406769	0.997856886796864	4.338566	0.894792624573326	1	6.824095	0	0.242045	1	5.548288	0.984386157409065	0.0218573681771828	0.0003466906798739	False
chr7	106979629	106980464	PRKAR2B|chr7:106620074-106620909:.	-0.0659145495988001	chr7	107044649	107044650	PRKAR2B	ENSG00000005249	True	0.0254314201941234	0.45	0.7	0.95	1.0	1.0	True	K562	Gasperini et al., 2019	True	Gasperini2019	64685	False	High H3K27ac	1	17.804714	0.989533814429776	26.010868	0.991349615798251	6.048993	0.931997069779766	0	1.624784	0	0.439402	1	9.574569	0.984632737699373	0.0222136504590807	0.0003466906798739	False
chr7	107007135	107008276	PRKAR2B|chr7:106647580-106648721:.	-0.170540286370833	chr7	107044649	107044650	PRKAR2B	ENSG00000005249	True	4.2332096613877204e-21	0.45	0.8	0.95	1.0	1.0	True	K562	Gasperini et al., 2019	True	Gasperini2019	37026	False	High H3K27ac	1	53.745275	0.999454480275565	67.779144	0.999454480275565	30.831059	0.998012749575274	0	2.274698	0	0.887422	1	6.452816	0.992805997876592	0.0478449381140445	0.0003466906798739	False
chr7	107010101	107011094	PRKAR2B|chr7:106650546-106651539:.	-0.122999002087577	chr7	107044649	107044650	PRKAR2B	ENSG00000005249	True	4.38045294959543e-10	0.55	0.8	0.95	0.95	1.0	True	K562	Gasperini et al., 2019	True	Gasperini2019	34134	False	High H3K27ac	1	34.170446	0.997817921102262	42.618267	0.997654265184931	11.166785	0.97351891394816	0	1.733103	0	0.512831	1	5.363512	0.993562335059121	0.0535067923854637	0.0003466906798739	False
chr7	116949933	116950433	ST7|chr7:116589987-116590487:.	-0.0353751139462791	chr7	116953238	116953239	ST7	ENSG00000004866	True	0.040050509346488	0.3	0.45	0.6	0.9	1.0	True	K562	Gasperini et al., 2019	True	Gasperini2019	3142	False	High H3K27ac	1	3.660793	0.901666173101202	6.604428	0.922325784379432	8.512135	0.958439190137003	0	0.0	0	0.329903	1	1.345886	0.999653429472898	1.0	0.0003466906798739	False
chr7	134639833	134640333	BPGM|chr7:134324585-134325085:.	-0.082179652030566	chr7	134646808	134646809	BPGM	ENSG00000172331	True	0.0071751643875544	0.25	0.5	0.6	0.7	1.0	True	K562	Gasperini et al., 2019	True	Gasperini2019	6694	False	H3K27ac	0	1.311523	0.777007122928973	2.0228	0.793170093050079	4.697584	0.905336741532755	0	0.433276	0	0.239979	1	2.449949	0.999310951078072	0.50279709032207	0.0003466906798739	False
chr7	138352531	138353588	TRIM24|chr7:138037276-138038333:.	-0.0909025189824716	chr7	138460334	138460335	TRIM24	ENSG00000122779	True	0.0014275034847212	0.5	0.75	0.8	0.85	1.0	True	K562	Gasperini et al., 2019	True	Gasperini2019	107273	False	High H3K27ac	1	38.758192	0.998542683021867	46.152819	0.998043922130956	34.425226	0.998721925217039	0	1.733103	0	0.347411	1	6.049519	0.969656740164294	0.0110789333879122	0.0003466906798739	False
chr7	140507907	140508876	NDUFB2|chr7:140207707-140208676:.	-0.0839796613880057	chr7	140690777	140690778	NDUFB2	ENSG00000090266	True	0.0200052083728725	0.7	0.75	0.9	0.95	1.0	True	K562	Gasperini et al., 2019	True	Gasperini2019	188288	False	High H3K27ac	1	17.936329	0.989697470347106	20.314768	0.984779999688275	9.99486	0.967892267647563	0	0.866552	0	0.372095	1	5.122036	0.936473493615471	0.0051107270124416	0.0003466906798739	False
chr7	142838379	142839241	EPHB6|chr7:142536151-142537013:.	-0.056137501592715	chr7	142855061	142855062	EPHB6	ENSG00000106123	True	0.0320225875263342	0.1	0.1	0.15	0.2	1.0	True	K562	Gasperini et al., 2019	True	Gasperini2019	23944	False	H3K27ac	1	2.901723	0.879307657538303	3.218391	0.853831886407207	2.945789	0.834551660717904	0	1.733103	0	0.578383	1	4.102242	0.996036901039696	0.0871330021934271	0.0003466906798739	False
chr7	142964196	142964902	KEL|chr7:142661283-142661989:.	-0.0422614278980299	chr7	142962680	142962681	KEL	ENSG00000197993	True	0.0261150036994266	0.15	0.35	0.6	0.7	1.0	True	K562	Gasperini et al., 2019	True	Gasperini2019	2132	False	H3K27ac	0	1.034806	0.736662042737574	1.351474	0.725665923720756	5.430685	0.921149020402438	0	0.541595	0	0.402278	1	5.491297	0.999653429472898	1.0	0.0003466906798739	False
chr8	11879271	11880174	CTSB|chr8:11736780-11737683:.	-0.0725436028169439	chr8	11869447	11869448	CTSB	ENSG00000164733	True	0.0167847665357355	0.15	0.35	0.6	0.8	1.0	True	K562	Gasperini et al., 2019	True	Gasperini2019	11571	False	H3K27ac	1	2.788732	0.8754656400505	2.986527	0.845329571844948	15.17619	0.985309933134868	0	1.299828	0	0.362152	1	5.376455	0.998538535567978	0.236874737551646	0.0003466906798739	False
chr8	18122637	18123137	ASAH1|chr8:17980146-17980646:.	-0.14576548960763	chr8	18084997	18084998	ASAH1	ENSG00000104763	True	2.79667960516922e-12	0.65	0.8	0.95	1.0	1.0	True	K562	Gasperini et al., 2019	True	Gasperini2019	37888	False	High H3K27ac	1	4.136285	0.9123505665612	6.68433	0.923455789522904	22.271123	0.99431880172696	0	1.08319	0	0.070933	1	1.096708	0.992576384585052	0.0463543654087589	0.0003466906798739	False
chr8	23508429	23509665	SLC25A37|chr8:23365942-23367178:.	-0.231842423544966	chr8	23528805	23528806	SLC25A37	ENSG00000147454	True	1.61175193541457e-20	0.4	0.85	1.0	1.0	1.0	True	K562	Gasperini et al., 2019	True	Gasperini2019	19746	False	High H3K27ac	1	20.32359	0.992175688523824	23.743697	0.989112984928069	19.711917	0.992199067940585	1	2.274698	0	0.434527	1	6.956921	0.996956984151178	0.113583271271589	0.0003466906798739	False
chr8	30911759	30912634	TEX15|chr8:30769275-30770150:.	-0.0710698367631651	chr8	30890605	30890606	TEX15	ENSG00000133863	True	1.1785759811869502e-09	0.05	0.1	0.1	0.25	0.65	True	K562	Gasperini et al., 2019	True	Gasperini2019	63178	False	H3K27ac	1	2.302458	0.853052572515158	3.096578	0.848968967720819	5.201572	0.916761483190199	0	1.299828	0	0.365466	0	0.593725	0.985115640619782	0.0229455902317721	0.0003466906798739	False
chr8	30912766	30913266	TEX15|chr8:30770282-30770782:.	-0.0578204066173796	chr8	30890605	30890606	TEX15	ENSG00000133863	True	6.47552191959196e-07	0.05	0.1	0.1	0.15	0.6	True	K562	Gasperini et al., 2019	True	Gasperini2019	63998	False	H3K27ac	1	2.456381	0.860152122071728	3.21055	0.853060365654078	10.642508	0.971009523215761	1	7.040732	0	0.242163	0	0.604167	0.98485335080826	0.0225422450500819	0.0003466906798739	False
chr8	38090386	38090886	ASH2L|chr8:37947904-37948404:.	-0.0602010920299878	chr8	38105242	38105243	ASH2L	ENSG00000129691	True	0.0368227712710288	0.3	0.55	0.8	0.95	1.0	True	K562	Gasperini et al., 2019	True	Gasperini2019	14855	False	High H3K27ac	1	17.253477	0.988863604482613	23.925065	0.989315606540002	3.517084	0.864188968032544	0	0.324957	0	0.089182	1	1.476575	0.997940584419489	0.1679975149068	0.0003466906798739	False
chr8	55847774	55848651	LYN|chr8:56760333-56761210:.	-0.0638937156726623	chr8	55879813	55879814	LYN	ENSG00000254087	True	9.55704331051145e-05	0.35	0.85	1.0	1.0	1.0	True	K562	Gasperini et al., 2019	True	Gasperini2019	31613	False	High H3K27ac	1	17.952992	0.98975202231955	19.89393	0.984070824046509	13.997679	0.982769369846787	0	1.191509	0	0.171424	1	2.831378	0.994203265147677	0.0594612337303611	0.0003466906798739	False
chr8	55851611	55852111	LYN|chr8:56764170-56764670:.	-0.085665546732339	chr8	55879813	55879814	LYN	ENSG00000254087	True	4.41451754953242e-05	0.15	0.45	0.7	0.95	1.0	True	K562	Gasperini et al., 2019	True	Gasperini2019	27964	False	High H3K27ac	1	8.019141	0.959288642279337	12.264498	0.963707352047258	9.080602	0.962546174348104	0	1.624784	0	0.332282	1	2.577932	0.995098598338402	0.0703862758897178	0.0003466906798739	False
chr8	55853158	55854232	LYN|chr8:56765717-56766791:.	-0.0848980172169051	chr8	55879813	55879814	LYN	ENSG00000254087	True	1.57530552604083e-07	0.3	0.7	0.9	0.95	1.0	True	K562	Gasperini et al., 2019	True	Gasperini2019	26130	False	High H3K27ac	1	11.096115	0.974828161286803	12.566462	0.965094530775106	8.709137	0.960005611060023	0	0.974871	0	0.453831	1	4.484208	0.995533209936984	0.0772684815093123	0.0003466906798739	False
chr8	60284882	60285382	CA8|chr8:61197441-61197941:.	-0.140257624882205	chr8	60281411	60281412	CA8	ENSG00000178538	True	1.52735013321049e-06	0.2	0.25	0.35	0.65	1.0	True	K562	Gasperini et al., 2019	True	Gasperini2019	3708	False	H3K27ac	1	2.257606	0.850075593447529	4.87183	0.896803254414813	6.487399	0.938301719166446	0	0.216638	0	0.063874	1	1.357643	0.999653429472898	1.0	0.0003466906798739	False
chr8	60330001	60331008	CA8|chr8:61242560-61243567:.	-0.107428566135011	chr8	60281411	60281412	CA8	ENSG00000178538	True	1.20885802783306e-05	0.4	0.5	0.7	0.95	1.0	True	K562	Gasperini et al., 2019	True	Gasperini2019	49080	False	High H3K27ac	1	21.231919	0.992838105332066	23.809133	0.989167536900513	8.356078	0.957410495799498	0	1.841422	0	0.604315	1	5.864728	0.989436199963206	0.0324720562356687	0.0003466906798739	False
chr8	90167603	90168437	DECR1|chr8:90167603-90168437:.	-0.253906358904765	chr8	90001405	90001406	DECR1	ENSG00000104325	True	2.25823460627849e-08	0.2	0.65	0.9	0.95	1.0	True	K562	Schraivogel et al., 2020	True	Schraivogel2020	166668	False	High H3K27ac	1	10.607138	0.973113670724294	13.149302	0.967440265590174	15.683681	0.986260696083168	0	0.866552	0	0.19174	1	3.391719	0.703962012778483	0.0060440727811554	0.0025417211557928	True
chr8	90197307	90197807	LINC00534|chr8:91209535-91210035:.	-0.0193677250751442	chr8	90221488	90221489	LINC00534	ENSG00000253394	True	0.0056242541604418	0.0	0.05	0.05	0.05	0.55	True	K562	Gasperini et al., 2019	True	Gasperini2019	23929	False	High H3K27ac	1	10.689744	0.973464361975717	14.129217	0.970892626131953	5.285874	0.918366869807821	0	0.433276	0	0.16655	1	1.751055	0.99604030146786	0.0872081261982165	0.0003466906798739	False
chr8	109368701	109368875	ENY2|chr8:109368701-109368875:.	-0.0988071579685826	chr8	109334324	109334325	ENY2	ENSG00000120533	True	0.0344106463898296	0.65	0.85	1.0	1.0	1.0	True	K562	Schraivogel et al., 2020	True	Schraivogel2020	34465	False	H3K27ac	1	0.912993	0.709097710375785	1.508338	0.745390358328528	0.3085	0.0320609735189139	0	0.0	0	0.013687	1	1.026463	0.954073375478059	0.0528013653925905	0.0025417211557928	True
chr8	123166206	123166706	FAM83A|chr8:124178446-124178946:.	-0.164446531963694	chr8	123178960	123178961	FAM83A	ENSG00000147689	True	7.14278204591176e-07	0.4	0.6	0.75	0.9	1.0	True	K562	Gasperini et al., 2019	True	Gasperini2019	15894	False	High H3K27ac	1	4.374031	0.917127760719463	6.080164	0.915740581991615	3.254865	0.851680980065151	0	0.758233	0	0.261349	1	2.94051	0.99774038397602	0.153082332744764	0.0003466906798739	False
chr8	123168031	123168175	FAM83A|chr8:123168031-123168175:.	-0.560793973991958	chr8	123178960	123178961	FAM83A	ENSG00000147689	True	7.13207911181664e-16	0.05	0.25	0.6	0.7	1.0	True	K562	Schraivogel et al., 2020	True	Schraivogel2020	14247	False	High H3K27ac	1	5.365946	0.933134868062158	12.720622	0.965780327000109	0.83372	0.476503686154709	0	0.0	0	0.077991	1	1.127973	0.985916658385914	0.177935414558268	0.0025417211557928	True
chr8	123171804	123172060	FAM83A|chr8:123171804-123172060:.	-0.23615553866571	chr8	123178960	123178961	FAM83A	ENSG00000147689	True	0.0001385355586873	0.3	0.6	0.85	0.95	1.0	True	K562	Schraivogel et al., 2020	True	Schraivogel2020	10418	False	H3K27ac	1	1.513239	0.799731916021135	2.783831	0.836928568088655	0.791098	0.456444146573357	0	0.108319	0	0.091367	1	1.926949	0.990797587519627	0.273659890238386	0.0025417211557928	True
chr8	124637449	124637892	NSMCE2|chr8:124637449-124637892:.	-0.142877072411921	chr8	125091679	125091680	NSMCE2	ENSG00000156831	True	0.0372173551598607	0.3	0.7	0.85	0.95	1.0	True	K562	Schraivogel et al., 2020	True	Schraivogel2020	454169	True	H3K27ac	1	0.755149	0.669165666547172	1.58824	0.755303231035397	5.253241	0.917813556944466	0	0.433276	0	0.212916	1	3.342443	0.374632616403835	0.0015226436039692	0.0025417211557928	True
chr8	127898896	127898963	MYC|chr8:128911142-128911209:*	-0.35884	chr8	127735434	127735435	MYC	ENSG00000136997	True	2.44e-11	0.0	0.0	0.0	1.0	0.0	True	K562	Nasser et al., 2021 from Fulco et al., 2019	True	Nasser2021	162860	False	High H3K27ac	1	1.788975	0.822409950279774	10.145368	0.952859302669929	8.518407	0.958485948970526	0	0.324957	0	0.077991	1	0.383068	0.710542924767316	0.0062392739321651	0.0025417211557928	True
chr8	127957679	127960199	MYC|chr8:128969925-128972445:*	-0.08460528	chr8	127735434	127735435	MYC	ENSG00000136997	True	2.09028345242e-07	0.0	0.0	0.0	1.0	0.0	True	K562	Nasser et al., 2021 from Fulco et al., 2016	True	Nasser2021	222870	False	High H3K27ac	1	21.402268	0.992962795554794	25.577524	0.990975545130068	4.889881	0.909856762106641	0	1.841422	0	0.848856	1	10.510361	0.614581770029185	0.0040529880669269	0.0025417211557928	True
chr8	127960391	127960502	MYC|chr8:128972637-128972748:*	-0.63593	chr8	127735434	127735435	MYC	ENSG00000136997	True	3.73e-14	0.0	0.0	0.0	1.0	0.0	True	K562	Nasser et al., 2021 from Fulco et al., 2019	True	Nasser2021	224377	False	High H3K27ac	1	1.354415	0.783187082092925	6.919136	0.926237940117521	11.956939	0.97651147929363	0	0.758233	0	0.134925	1	0.719667	0.612384183536351	0.0040155993864436	0.0025417211557928	True
chr8	127961319	127963819	MYC|chr8:128973565-128976065:*	-0.11304734	chr8	127735434	127735435	MYC	ENSG00000136997	True	1.15216445293e-07	0.0	0.0	0.0	1.0	0.0	True	K562	Nasser et al., 2021 from Fulco et al., 2016	True	Nasser2021	226500	False	High H3K27ac	1	19.379468	0.991295063825808	23.435851	0.988754500537727	2.569304	0.807462709830265	0	1.733103	0	0.697124	1	9.805242	0.60930556881933	0.00396392866397	0.0025417211557928	True
chr8	129581780	129582461	MYC|chr8:130594026-130594707:*	-0.19013	chr8	127735434	127735435	MYC	ENSG00000136997	True	2.16e-08	0.0	0.0	0.0	1.0	0.0	True	K562	Nasser et al., 2021 from Fulco et al., 2019	True	Nasser2021	1846051	False	High H3K27ac	1	24.176297	0.994770803784348	35.408929	0.995783911844013	16.522265	0.98786608270079	0	0.758233	0	0.274412	1	3.325825	0.0801036788431843	0.0002213306113851	0.0025417211557928	True
chr8	129689360	129689694	MYC|chr8:130701606-130701940:*	-0.25125	chr8	127735434	127735435	MYC	ENSG00000136997	True	1.32e-09	0.0	0.0	0.0	1.0	0.0	True	K562	Nasser et al., 2021 from Fulco et al., 2019	True	Nasser2021	1953458	False	High H3K27ac	1	7.494877	0.955423245374772	13.597348	0.969185928708365	8.773931	0.960473199395252	0	0.541595	0	0.123304	1	2.089511	0.0745567498636983	0.0002047694101262	0.0025417211557928	True
chr8	129689879	129692379	MYC|chr8:130702125-130704625:*	-0.09262528	chr8	127735434	127735435	MYC	ENSG00000136997	True	6.634020796e-07	0.0	0.0	0.0	1.0	0.0	True	K562	Nasser et al., 2021 from Fulco et al., 2016	True	Nasser2021	1955060	False	High H3K27ac	1	85.072336	0.999898689194034	91.569417	0.999805171526988	9.63898	0.966037500584486	0	2.05806	0	1.751762	1	18.357884	0.0744790022339318	0.0002045386934464	0.0025417211557928	True
chr8	129692458	129693217	MYC|chr8:130704704-130705463:*	-0.22305	chr8	127735434	127735435	MYC	ENSG00000136997	True	3.12e-07	0.0	0.0	0.0	0.999635696	0.0	True	K562	Nasser et al., 2021 from Fulco et al., 2019	True	Nasser2021	1956768	False	High H3K27ac	1	14.676026	0.984437101575773	24.283408	0.989674090930345	21.32256	0.993679764335479	0	1.408146	0	0.310599	1	3.861847	0.0743962624060786	0.0002042932049529	0.0025417211557928	True
chr8	129696899	129699399	MYC|chr8:130709145-130711645:*	-0.04793205	chr8	127735434	127735435	MYC	ENSG00000136997	True	0.021899439663	0.0	0.0	0.0	1.0	0.0	True	K562	Nasser et al., 2021 from Fulco et al., 2016	True	Nasser2021	1962080	False	High H3K27ac	1	10.073071	0.970869246715192	11.299791	0.959156158917689	9.763079	0.966684331114886	1	11.806767	0	0.99041	1	7.927964	0.0741399348352066	0.0002035329613511	0.0025417211557928	True
chr8	129689337	129689837	CCDC26|chr8:130701583-130702083:.	-0.0685845584705713	chr8	129680238	129680239	CCDC26	ENSG00000229140	True	0.0113708369490246	0.2	0.35	0.5	0.65	1.0	True	K562	Gasperini et al., 2019	True	Gasperini2019	114568	False	High H3K27ac	1	11.65543	0.976768652878006	15.539266	0.974952851509531	10.751598	0.971547249801275	0	0.541595	0	0.253978	1	2.735747	0.966878448054972	0.010120532608737	0.0003466906798739	False
chr8	142961124	142961993	LY6E|chr8:144042541-144043410:.	-0.124807035310369	chr8	143017982	143017983	LY6E	ENSG00000160932	True	0.007675990344134	0.4	0.8	0.9	0.9	1.0	True	K562	Gasperini et al., 2019	True	Gasperini2019	56925	False	High H3K27ac	1	7.054435	0.951690331831855	7.729682	0.934849358624667	4.658572	0.904253495222806	0	0.758233	0	0.366403	0	1.778624	0.987077487782966	0.0264817366453426	0.0003466906798739	False
chr8	144074177	144074677	EXOSC4|chr8:145129080-145129580:.	-0.113542109938027	chr8	144078626	144078627	EXOSC4	ENSG00000178896	True	0.0409749629453934	0.6	0.65	0.7	0.85	1.0	True	K562	Gasperini et al., 2019	True	Gasperini2019	4190	True	High H3K27ac	1	10.062526	0.97083807415951	15.903963	0.976004925263798	6.760078	0.941816424819589	0	0.216638	0	0.244229	1	2.403204	0.999638115519208	0.957668085514856	0.0003466906798739	False
chr9	69020296	69021186	FXN|chr9:71635212-71636102:.	-0.0955675522954219	chr9	69035259	69035260	FXN	ENSG00000165060	True	0.0362573134455356	0.25	0.55	0.75	0.85	1.0	True	K562	Gasperini et al., 2019	True	Gasperini2019	14820	True	High H3K27ac	1	17.695643	0.98943250362381	20.668446	0.985247588023504	3.689977	0.871413207811843	0	0.758233	0	0.157737	1	3.539945	0.997947240723097	0.168543389990952	0.0003466906798739	False
chr9	73143858	73144497	ANXA1|chr9:75758774-75759413:.	-0.305308891077837	chr9	73151757	73151758	ANXA1	ENSG00000135046	True	4.30830396664741e-15	0.3	0.6	0.9	0.95	1.0	True	K562	Gasperini et al., 2019	True	Gasperini2019	7552	False	High H3K27ac	1	4.272565	0.915093751461214	6.767916	0.92450007013825	2.462826	0.798749980517153	0	0.108319	0	0.059312	1	1.09904	0.99918674641707	0.425954142357718	0.0003466906798739	False
chr9	73148376	73149938	ANXA1|chr9:75763292-75764854:.	-0.416600422048588	chr9	73151757	73151758	ANXA1	ENSG00000135046	True	5.72399632426281e-54	0.15	0.3	0.6	0.8	1.0	True	K562	Gasperini et al., 2019	True	Gasperini2019	2572	False	High H3K27ac	1	16.037066	0.987055596253059	17.85717	0.98029894480899	4.866713	0.909420346327094	0	0.649914	0	0.290047	1	3.234265	0.999653429472898	1.0	0.0003466906798739	False
chr9	87792713	87793213	CTSL|chr9:90407628-90408128:.	-0.102830377828782	chr9	87725519	87725520	CTSL	ENSG00000135047	True	0.0308090229092329	0.55	0.8	0.9	0.95	1.0	True	K562	Gasperini et al., 2019	True	Gasperini2019	66904	False	High H3K27ac	1	9.696105	0.969217101264047	15.529701	0.974921678953849	9.183732	0.963216384295266	1	6.824095	0	0.182421	1	1.720171	0.983914856278782	0.0212067803914852	0.0003466906798739	False
chr9	97960769	97961269	ANP32B|chr9:100723051-100723551:.	-0.213971635422309	chr9	97983361	97983362	ANP32B	ENSG00000136938	True	2.39330927754975e-11	0.7	0.75	0.9	0.95	1.0	True	K562	Gasperini et al., 2019	True	Gasperini2019	22186	False	High H3K27ac	1	10.503948	0.972762979472872	18.023329	0.980696394893935	19.054647	0.991606789382628	0	1.299828	0	0.050187	1	1.761024	0.99643005478908	0.0967670349911682	0.0003466906798739	False
chr9	97960769	97961269	HEMGN|chr9:100723051-100723551:.	-0.22320622631327	chr9	97944855	97944856	HEMGN	ENSG00000136929	True	5.901012545026439e-11	0.45	0.6	0.7	0.8	1.0	True	K562	Gasperini et al., 2019	True	Gasperini2019	16103	False	High H3K27ac	1	10.503948	0.972762979472872	18.023329	0.980696394893935	19.054647	0.991606789382628	0	1.299828	0	0.050187	1	1.761024	0.997699515072191	0.150356613516138	0.0003466906798739	False
chr9	99075179	99075797	TGFBR1|chr9:101837461-101838079:.	-0.0461377242799497	chr9	99104038	99104039	TGFBR1	ENSG00000106799	True	0.0048698404301777	0.05	0.1	0.15	0.35	0.9	True	K562	Gasperini et al., 2019	True	Gasperini2019	29599	False	High H3K27ac	1	21.207177	0.992830312193145	28.696173	0.993001761249396	15.783831	0.986502283389704	0	0.649914	0	0.466582	1	2.884072	0.994702327358368	0.0650953823446935	0.0003466906798739	False
chr9	120896697	120897631	PHF19|chr9:123658975-123659909:.	-0.21762782354017	chr9	120894895	120894896	PHF19	ENSG00000119403	True	1.82634941590044e-11	0.4	0.55	0.9	0.95	1.0	True	K562	Gasperini et al., 2019	True	Gasperini2019	19835	False	High H3K27ac	1	60.8183	0.999618136192896	63.671251	0.999290824358235	59.055524	0.99983634408267	0	6.065862	0	0.901109	1	11.997167	0.996938163772946	0.112882970923369	0.0003466906798739	False
chr9	123304618	123305485	STRBP|chr9:126066897-126067764:.	-0.0824746140808704	chr9	123268575	123268576	STRBP	ENSG00000165209	True	0.0434547018342497	0.15	0.4	0.6	0.9	1.0	True	K562	Gasperini et al., 2019	True	Gasperini2019	36486	False	High H3K27ac	1	16.532398	0.987733599339142	21.898344	0.986993251141695	28.282674	0.997420471017316	1	3.14125	0	0.453831	1	2.369904	0.992948877091827	0.0488214608881677	0.0003466906798739	False
chr9	127862350	127863418	AK1|chr9:130624629-130625697:.	-0.134010789530326	chr9	127877742	127877743	AK1	ENSG00000106992	True	2.83148518141719e-07	0.7	0.75	0.8	0.95	1.0	True	K562	Gasperini et al., 2019	True	Gasperini2019	14858	False	High H3K27ac	1	12.954447	0.980517152698764	16.449555	0.977329758880282	18.058858	0.990250783210462	0	1.299828	0	0.693928	1	4.690844	0.997940013609243	0.16795086770667	0.0003466906798739	False
chr9	133004122	133004622	GFI1B|chr9:135879509-135880009:.	-0.168587336778901	chr9	132944000	132944001	GFI1B	ENSG00000165702	True	3.03795721479353e-12	0.3	0.45	0.75	0.75	1.0	True	K562	Gasperini et al., 2019	True	Gasperini2019	58827	False	High H3K27ac	1	5.722565	0.937958821053944	10.702723	0.955922006265684	23.012645	0.994903287145997	1	1.841422	0	0.235416	1	2.610575	0.986488074414995	0.0253114346326774	0.0003466906798739	False
chrX	12946730	12947650	TMSB4X|chrX:12964849-12965769:.	-0.257726586402962	chrX	12975108	12975109	TMSB4X	ENSG00000205542	True	2.88989257044671e-23	0.5	0.8	0.95	1.0	1.0	True	K562	Gasperini et al., 2019	True	Gasperini2019	27915	False	High H3K27ac	1	7.459827	0.955134899234714	7.937279	0.936836609049393	11.4767	0.974633332813791	1	50.909912	0	0.497583	1	6.163146	0.995110347956374	0.0705562440853653	0.0003466906798739	False
chrX	12950092	12950592	TMSB4X|chrX:12968211-12968711:.	-0.132580217001993	chrX	12975108	12975109	TMSB4X	ENSG00000205542	True	0.0246459059767078	0.3	0.45	0.7	0.75	1.0	True	K562	Gasperini et al., 2019	True	Gasperini2019	24763	False	High H3K27ac	1	8.176985	0.960473199395252	13.267194	0.967868888230802	11.583172	0.975124300565782	0	1.08319	0	0.453207	1	5.603546	0.995850068262795	0.0831946063409358	0.0003466906798739	False
chrX	12950803	12951303	TMSB4X|chrX:12968922-12969422:.	-0.200903053956545	chrX	12975108	12975109	TMSB4X	ENSG00000205542	True	2.22771559967653e-07	0.3	0.6	0.8	0.95	1.0	True	K562	Gasperini et al., 2019	True	Gasperini2019	24052	False	High H3K27ac	1	8.508356	0.962678657709752	11.770619	0.961423962343553	6.40451	0.937132748328372	1	22.746982	0	0.555065	1	5.338225	0.996012395063015	0.0865953924383289	0.0003466906798739	False
chrX	12955709	12956663	TMSB4X|chrX:12973828-12974782:.	-0.604832748590562	chrX	12975108	12975109	TMSB4X	ENSG00000205542	True	1.05118349192003e-225	0.75	0.9	0.95	1.0	1.0	True	K562	Gasperini et al., 2019	True	Gasperini2019	18919	False	High H3K27ac	1	96.745342	0.999953241166477	127.263074	0.999953241166477	13.167776	0.980439221309559	0	1.08319	0	0.669556	1	8.50803	0.997130366219296	0.120466871735338	0.0003466906798739	False
chrX	12956805	12957305	TMSB4X|chrX:12974924-12975424:.	-0.63670174785588	chrX	12975108	12975109	TMSB4X	ENSG00000205542	True	8.28633271911567e-231	0.6	0.8	0.9	0.95	1.0	True	K562	Gasperini et al., 2019	True	Gasperini2019	18050	False	High H3K27ac	1	51.595727	0.99936875574744	90.496823	0.999797378388067	11.037506	0.972903255973441	0	1.733103	0	0.297224	1	4.462305	0.997309575551986	0.128514270321966	0.0003466906798739	False
chrX	12978156	12978656	TMSB4X|chrX:12996275-12996775:.	-0.214846923538403	chrX	12975108	12975109	TMSB4X	ENSG00000205542	True	4.25812905947115e-06	0.2	0.5	0.7	1.0	1.0	True	K562	Gasperini et al., 2019	True	Gasperini2019	3299	False	High H3K27ac	1	3.096578	0.885729204008791	6.021589	0.914891129849281	5.399568	0.920564534983401	0	0.866552	0	0.242239	0	1.491321	0.999653429472898	1.0	0.0003466906798739	False
chrX	48782818	48783318	GATA1|chrX:48641226-48641726:.	-0.308856393984121	chrX	48786554	48786555	GATA1	ENSG00000102145	True	1.12408514077868e-104	0.8	0.9	1.0	1.0	1.0	True	K562	Gasperini et al., 2019	True	Gasperini2019	3504	False	High H3K27ac	1	12.168169	0.978311694384264	20.354956	0.984826758521798	28.159357	0.997381505322714	0	1.949741	0	0.316098	1	2.010858	0.999653429472898	1.0	0.0003466906798739	False
chrX	48784617	48785277	GATA1|chrX:48643025-48643685:*	-0.18712737	chrX	48786554	48786555	GATA1	ENSG00000102145	True	5.539634706190001e-18	0.0	0.0	0.0	1.0	0.0	True	K562	Nasser et al., 2021 from Fulco et al., 2019	True	Nasser2021	1625	False	High H3K27ac	1	7.15002	0.952516404557428	11.213265	0.958579466637572	2.103911	0.762971679733163	0	1.299828	0	0.632432	1	6.085906	0.997464722811872	1.0	0.0025417211557928	True
chrX	48800621	48800667	GATA1|chrX:48659028-48659074:*	-0.33	chrX	48786554	48786555	GATA1	ENSG00000102145	True	0.0	0.0	0.0	0.0	1.0	0.0	True	K562	Nasser et al., 2021 from Fulco et al., 2016	True	Nasser2021	14070	False	High H3K27ac	1	1.434317	0.79177512118331	7.865218	0.936127433407628	9.79524	0.96690253900466	0	0.0	0	0.01825	1	0.091724	0.986153393226381	0.181021024385262	0.0025417211557928	True
chrX	48782964	48783085	HDAC6|chrX:48641372-48641493:*	-0.42	chrX	48801377	48801378	HDAC6	ENSG00000094631	True	0.0	0.0	0.0	0.0	1.0	0.0	True	K562	Nasser et al., 2021 from Fulco et al., 2016	True	Nasser2021	18990	True	High H3K27ac	1	0.715198	0.656314780467277	9.305416	0.94751320937047	19.576885	0.992058791440016	0	0.216638	0	0.105366	1	0.126995	0.979232542474411	0.119847895033916	0.0025417211557928	True
chrX	48800621	48800667	HDAC6|chrX:48659028-48659074:*	-0.22	chrX	48801377	48801378	HDAC6	ENSG00000094631	True	0.0	0.0	0.0	0.0	0.999947089	0.0	True	K562	Nasser et al., 2021 from Fulco et al., 2016	True	Nasser2021	1370	True	High H3K27ac	1	1.434317	0.79177512118331	7.865218	0.936127433407628	9.79524	0.96690253900466	0	0.0	0	0.01825	1	0.091724	0.997464722811872	1.0	0.0025417211557928	True
chrX	49148590	49149090	PLP2|chrX:49004925-49005425:*	-0.2328882	chrX	49171926	49171927	PLP2	ENSG00000102007	True	4.37768490296e-05	0.0	0.0	0.0	0.999013820333	0.0	True	K562	Nasser et al., 2021 from Fulco et al., 2019	True	Nasser2021	22995	False	High H3K27ac	1	27.80106	0.996157982512196	52.587405	0.998675166383516	8.516792	0.958478155831606	0	0.649914	0	0.113867	1	0.947549	0.973148375752259	0.0921162828570079	0.0025417211557928	True
chrX	49155148	49156608	PLP2|chrX:49011485-49012945:*	-0.11546216	chrX	49171926	49171927	PLP2	ENSG00000102007	True	1.57739731757e-19	0.0	0.0	0.0	1.0	0.0	True	K562	Nasser et al., 2021 from Fulco et al., 2019	True	Nasser2021	15957	False	High H3K27ac	1	37.706486	0.998394613382378	48.736421	0.998371233965617	47.760628	0.999625929331816	1	10.181982	0	0.74419	0	1.886393	0.983579922658228	0.152251773593887	0.0025417211557928	True
chrX	49163947	49164447	PLP2|chrX:49020285-49020785:*	-0.14164992	chrX	49171926	49171927	PLP2	ENSG00000102007	True	2.64835353488e-15	0.0	0.0	0.0	1.0	0.0	True	K562	Nasser et al., 2021 from Fulco et al., 2019	True	Nasser2021	7638	False	High H3K27ac	1	6.278939	0.944551816580682	8.890223	0.944450505774716	14.640465	0.984257859380601	1	2.599655	0	0.027375	1	0.874379	0.993975738455888	0.419372423371501	0.0025417211557928	True
chrX	49166366	49166866	PLP2|chrX:49022705-49023205:*	-0.2207606	chrX	49171926	49171927	PLP2	ENSG00000102007	True	8.91953673665e-31	0.0	0.0	0.0	1.0	0.0	True	K562	Nasser et al., 2021 from Fulco et al., 2019	True	Nasser2021	5219	False	High H3K27ac	1	8.254927	0.960925201452641	15.81818	0.975739958540501	5.073234	0.913862435511776	0	1.08319	0	0.183357	1	3.909236	0.99642301011497	0.708033717268121	0.0025417211557928	True
chrX	49167166	49167746	PLP2|chrX:49023505-49024085:*	-0.3785924	chrX	49171926	49171927	PLP2	ENSG00000102007	True	1.10346697994e-121	0.0	0.0	0.0	1.0	0.0	True	K562	Nasser et al., 2021 from Fulco et al., 2019	True	Nasser2021	4379	False	High H3K27ac	1	30.287827	0.996921710126405	43.309434	0.997708817157375	8.792394	0.96059788961798	0	1.733103	0	0.788415	1	5.55717	0.997187835545866	0.90128918818407	0.0025417211557928	True
chrX	49177416	49177916	PLP2|chrX:49033765-49034265:*	-0.05405489	chrX	49171926	49171927	PLP2	ENSG00000102007	True	0.0392584471389	0.0	0.0	0.0	1.0	0.0	True	K562	Nasser et al., 2021 from Fulco et al., 2019	True	Nasser2021	5829	False	H3K27ac	0	1.512259	0.799552673825964	2.227457	0.807922505026575	4.061391	0.88556554809146	1	8.665517	0	0.054749	1	2.471611	0.995838177850542	0.608181434355207	0.0025417211557928	True
chrX	49193388	49193908	PLP2|chrX:49049845-49050365:*	-0.08284968	chrX	49171926	49171927	PLP2	ENSG00000102007	True	0.00177605078995	0.0	0.0	0.0	1.0	0.0	True	K562	Nasser et al., 2021 from Fulco et al., 2019	True	Nasser2021	21811	False	H3K27ac	1	2.704909	0.87216134914821	4.534815	0.889914119609096	3.345652	0.856286725167163	0	3.249569	0	0.33934	1	3.851637	0.974984078572236	0.0990624177575952	0.0025417211557928	True
chrX	48940454	48940954	PQBP1|chrX:48797725-48798225:*	-0.17244917	chrX	48897912	48897913	PQBP1	ENSG00000102103	True	4.10381747461e-07	0.0	0.0	0.0	0.999999999999	0.0	True	K562	Nasser et al., 2021 from Fulco et al., 2019	True	Nasser2021	42792	True	High H3K27ac	1	16.697103	0.98801415234028	33.294701	0.995137081313611	23.451992	0.995199426424976	0	0.866552	0	0.332475	1	7.509017	0.93912261935408	0.0392097656661558	0.0025417211557928	True
chrX	48941708	48942244	PQBP1|chrX:48798965-48799505:*	-0.18613475	chrX	48897912	48897913	PQBP1	ENSG00000102103	True	2.53049107499e-11	0.0	0.0	0.0	1.0	0.0	True	K562	Nasser et al., 2021 from Fulco et al., 2019	True	Nasser2021	44064	True	High H3K27ac	1	30.426067	0.996952882682087	44.402578	0.997856886796864	15.044505	0.985083932106174	0	1.733103	0	0.356966	1	5.74289	0.936778410810148	0.037661652222883	0.0025417211557928	True
chrX	49047157	49047736	PQBP1|chrX:48904685-48905265:*	-0.11876985	chrX	48897912	48897913	PQBP1	ENSG00000102103	True	0.0174086420009	0.0	0.0	0.0	0.999999666617	0.0	True	K562	Nasser et al., 2021 from Fulco et al., 2019	True	Nasser2021	149534	True	H3K27ac	0	2.063732	0.8395314764881	2.223536	0.807150984273446	1.864391	0.732765473277327	0	0.0	0	0.292856	1	2.223303	0.734080018762288	0.0070164968613811	0.0025417211557928	True
chrX	47661953	47662656	UXT|chrX:47521352-47522055:.	-0.121542225090681	chrX	47659160	47659161	UXT	ENSG00000126756	True	3.96666581713989e-10	0.95	0.95	1.0	1.0	1.0	True	K562	Gasperini et al., 2019	True	Gasperini2019	3123	True	High H3K27ac	1	23.424088	0.994365560560482	30.558426	0.993968110475537	18.407731	0.990624853878645	0	0.433276	0	0.238107	1	6.074643	0.999653429472898	1.0	0.0003466906798739	False
chrX	48531561	48532505	EBP|chrX:48389949-48390893:.	-0.098142552898267	chrX	48521158	48521159	EBP	ENSG00000147155	True	0.0158749861555314	0.35	0.55	0.85	1.0	1.0	True	K562	Gasperini et al., 2019	True	Gasperini2019	10257	False	High H3K27ac	1	10.406402	0.972349943110086	12.470134	0.964658114995558	6.145952	0.933524525008183	0	1.949741	0	0.178365	1	7.452267	0.998761515138594	0.279584611411532	0.0003466906798739	False
chrX	47661953	47662656	ELK1|chrX:47521352-47522055:.	-0.0618994130575179	chrX	47650603	47650604	ELK1	ENSG00000126767	True	0.0047211488315589	0.25	0.6	0.8	0.9	1.0	True	K562	Gasperini et al., 2019	True	Gasperini2019	11699	True	High H3K27ac	1	23.424088	0.994365560560482	30.558426	0.993968110475537	18.407731	0.990624853878645	0	0.433276	0	0.238107	1	6.074643	0.998516289199466	0.233317902008343	0.0003466906798739	False
chrX	48782818	48783318	CCDC22|chrX:48641226-48641726:.	-0.0389986724724578	chrX	49235467	49235468	CCDC22	ENSG00000101997	True	0.0010461884689085	0.15	0.55	0.8	1.0	1.0	True	K562	Gasperini et al., 2019	True	Gasperini2019	452397	True	High H3K27ac	1	12.168169	0.978311694384264	20.354956	0.984826758521798	28.159357	0.997381505322714	0	1.949741	0	0.316098	1	2.010858	0.81534867365303	0.0015308516412815	0.0003466906798739	False
chrX	48782818	48783318	FTSJ1|chrX:48641226-48641726:.	-0.0442059642789004	chrX	48476021	48476022	FTSJ1	ENSG00000068438	True	0.022347138251278	0.55	0.75	0.95	1.0	1.0	True	K562	Gasperini et al., 2019	True	Gasperini2019	307047	True	High H3K27ac	1	12.168169	0.978311694384264	20.354956	0.984826758521798	28.159357	0.997381505322714	0	1.949741	0	0.316098	1	2.010858	0.882687847950144	0.0026085929272888	0.0003466906798739	False
chrX	48940129	48941279	PIM2|chrX:48797400-48798550:*	-0.504190564	chrX	48919023	48919024	PIM2	ENSG00000102096	True	0.0	0.0	0.0	0.0	1.0	0.0	True	K562	Nasser et al., 2021 from Fulco et al., 2019	True	Nasser2021	21567	False	High H3K27ac	1	49.500629	0.999290824358235	55.385938	0.998854408578687	26.3891	0.996633363986346	0	1.516465	0	0.817425	1	18.692229	0.975358670781015	0.100606982114425	0.0025417211557928	True
chrX	48941369	48942569	PIM2|chrX:48798640-48799830:*	-0.397882339	chrX	48919023	48919024	PIM2	ENSG00000102096	True	0.0	0.0	0.0	0.0	1.0	0.0	True	K562	Nasser et al., 2021 from Fulco et al., 2019	True	Nasser2021	22832	False	High H3K27ac	1	53.296722	0.999446687136645	59.793803	0.999119375301984	17.849616	0.99006374787637	0	4.982672	0	0.765173	1	11.208901	0.973402834161424	0.0930218878098811	0.0025417211557928	True
chrX	55028229	55028268	ALAS2|chrX:55054662-55054701:*	-0.93	chrX	55031063	55031064	ALAS2	ENSG00000158578	True	0.0	0.0	0.0	0.0	0.999983164	0.0	True	K562	Nasser et al., 2021 from Wakabayashi et al., 2016	True	Nasser2021	2815	False	H3K27ac	1	0.079902	0.144196449445908	1.278433	0.715464704873829	4.934123	0.910963387833351	0	0.216638	0	0.0	1	0.180819	0.997464722811872	1.0	0.0025417211557928	True
chrX	65998017	65998517	MSN|chrX:65217859-65218359:.	-0.0739704687042024	chrX	65588377	65588378	MSN	ENSG00000147065	True	0.0006305456701237	0.75	0.9	0.95	1.0	1.0	True	K562	Gasperini et al., 2019	True	Gasperini2019	330623	False	High H3K27ac	1	38.334413	0.998472544771583	79.221773	0.999703860721021	25.693131	0.996329431568447	0	1.516465	0	0.37584	1	4.663289	0.871735993644811	0.0023562552963641	0.0003466906798739	False
chrX	66009193	66009693	MSN|chrX:65229035-65229535:.	-0.0678582815656572	chrX	65588377	65588378	MSN	ENSG00000147065	True	0.0203126743644656	0.5	0.8	0.95	1.0	1.0	True	K562	Gasperini et al., 2019	True	Gasperini2019	341799	False	High H3K27ac	1	8.169144	0.960371888589286	15.691229	0.975303542760953	7.38372	0.948495144874452	0	0.0	0	0.027375	1	1.30078	0.866536632782581	0.0022509560534739	0.0003466906798739	False
chrX	103233173	103233673	BEX4|chrX:102488101-102488601:.	-0.293879526689202	chrX	103215092	103215093	BEX4	ENSG00000102409	True	5.96235091506541e-82	0.4	0.75	0.95	1.0	1.0	True	K562	Gasperini et al., 2019	True	Gasperini2019	18331	False	High H3K27ac	1	9.695125	0.969209308125127	18.345641	0.981374397980018	14.977042	0.984974828161287	0	0.649914	0	0.091249	1	4.032456	0.997251965844255	0.125812832901399	0.0003466906798739	False
chrX	103235544	103236044	BEX4|chrX:102490472-102490972:.	-0.215200129919835	chrX	103215092	103215093	BEX4	ENSG00000102409	True	2.56934499574927e-23	0.3	0.75	0.85	0.95	1.0	True	K562	Gasperini et al., 2019	True	Gasperini2019	20702	False	High H3K27ac	1	2.45344	0.859910534765193	5.534335	0.907916270515438	1.458463	0.665409373587494	0	0.216638	0	0.027375	1	0.968138	0.996753215499124	0.10643301083108	0.0003466906798739	False
chrX	103233173	103233673	TCEAL8|chrX:102488101-102488601:.	-0.0735821238217822	chrX	103255202	103255203	TCEAL8	ENSG00000180964	True	0.0001253402990149	0.5	0.75	0.85	0.95	1.0	True	K562	Gasperini et al., 2019	True	Gasperini2019	21769	False	High H3K27ac	1	9.695125	0.969209308125127	18.345641	0.981374397980018	14.977042	0.984974828161287	0	0.649914	0	0.091249	1	4.032456	0.996521685983839	0.0993253568302532	0.0003466906798739	False
chrX	134981877	134982377	SMIM10|chrX:134115907-134116407:.	-0.117948600005914	chrX	134990938	134990939	SMIM10	ENSG00000184785	True	6.72589035864699e-08	0.3	0.6	0.7	0.85	1.0	True	K562	Gasperini et al., 2019	True	Gasperini2019	8809	False	H3K27ac	1	1.825986	0.824529684066148	2.141673	0.801485372278246	5.348316	0.919535840645895	0	0.649914	0	0.476449	1	2.113025	0.998995158485084	0.344673568463207	0.0003466906798739	False
chrX	153985479	153985979	ABCD1|chrX:153250930-153251430:.	-0.0294911971315889	chrX	153724868	153724869	ABCD1	ENSG00000101986	True	0.0375419350482789	0.0	0.0	0.0	0.0	0.4	True	K562	Gasperini et al., 2019	True	Gasperini2019	260861	False	High H3K27ac	1	11.838759	0.977321965741361	17.876031	0.980369083059275	8.235536	0.956381801461993	0	0.433276	0	0.027375	1	1.315985	0.903985608007806	0.003264129247019	0.0003466906798739	False
chrX	153985479	153985979	IRAK1|chrX:153250930-153251430:.	-0.116955040391591	chrX	154019979	154019980	IRAK1	ENSG00000184216	True	0.028680328815973	0.3	0.45	0.55	0.65	1.0	True	K562	Gasperini et al., 2019	True	Gasperini2019	34161	False	High H3K27ac	1	11.838759	0.977321965741361	17.876031	0.980369083059275	8.235536	0.956381801461993	0	0.433276	0	0.027375	1	1.315985	0.993555376172823	0.0534486415491297	0.0003466906798739	False
chr10	79285232	79285732	PPIF|chr10:81044989-81045489:.	-0.2160176	chr10	79347469	79347470	PPIF	ENSG00000108179	True	2.42794606398006e-19	0.0	0.0	0.0	1.0	0.0	True	GM12878	Nasser et al., 2021 from	True	Nasser2021	61980	False	High H3K27ac	1	14.602468	0.980408453151799	28.079424	0.99136400383822	8.624118	0.981949785800095	0	0.26656	0	0.033107	1	4.100075	0.902613989263758	0.0235577271795212	0.0025417211557928	True
chr10	79286318	79286818	PPIF|chr10:81046075-81046575:.	-0.2633675	chr10	79347469	79347470	PPIF	ENSG00000108179	True	4.48421748951556e-41	0.0	0.0	0.0	1.0	0.0	True	GM12878	Nasser et al., 2021 from	True	Nasser2021	60894	False	High H3K27ac	1	14.479079	0.980076008855107	29.51766	0.992625781055208	15.876586	0.996751112555061	0	0.236558	0	0.132429	1	2.759166	0.904730092309348	0.0241374393200001	0.0025417211557928	True
chr10	79316579	79317079	PPIF|chr10:81076336-81076836:.	-0.1260415	chr10	79347469	79347470	PPIF	ENSG00000108179	True	2.7938612211623e-09	0.0	0.0	0.0	1.0	0.0	True	GM12878	Nasser et al., 2021 from	True	Nasser2021	30633	False	H3K27ac	1	1.88611	0.773779211653684	3.068434	0.789487204672354	3.710883	0.920712035239095	1	1.358234	0	0.111615	1	4.629316	0.960675545872143	0.062092899010298	0.0025417211557928	True
chr10	79317427	79318156	PPIF|chr10:81077184-81077913:.	-0.2023058	chr10	79347469	79347470	PPIF	ENSG00000108179	True	1.30208598455031e-27	0.0	0.0	0.0	1.0	0.0	True	GM12878	Nasser et al., 2021 from	True	Nasser2021	29671	False	H3K27ac	1	4.338231	0.884188495916224	5.94165	0.877252498998889	6.643429	0.969316902525821	0	0.556208	0	0.111615	1	4.862623	0.962300172597943	0.064878246810803	0.0025417211557928	True
chr10	79322747	79323659	PPIF|chr10:81082504-81083416:.	-0.137497	chr10	79347469	79347470	PPIF	ENSG00000108179	True	1.4060306285325099e-11	0.0	0.0	0.0	1.0	0.0	True	GM12878	Nasser et al., 2021 from	True	Nasser2021	24259	False	H3K27ac	1	2.984215	0.838175183033252	3.206839	0.796249423889145	2.847492	0.887656494374891	0	0.552751	0	0.214709	1	6.282094	0.971156976708242	0.085580842490967	0.0025417211557928	True
chr10	79331716	79332216	PPIF|chr10:81091473-81091973:.	-0.2825232	chr10	79347469	79347470	PPIF	ENSG00000108179	True	1.27086182998995e-44	0.0	0.0	0.0	1.0	0.0	True	GM12878	Nasser et al., 2021 from	True	Nasser2021	15496	False	H3K27ac	1	2.207971	0.796589423738034	4.479263	0.842224959011129	5.485876	0.956759574773522	0	0.203099	0	0.157015	1	2.728459	0.984218509313273	0.158515380878971	0.0025417211557928	True
chr11	128552905	128553405	ETS1|chr11:128422800-128423300:.	-0.292727	chr11	128587557	128587558	ETS1	ENSG00000134954	True	9.14498706670505e-52	0.0	0.0	0.0	1.0	0.0	True	GM12878	Nasser et al., 2021 from	True	Nasser2021	30844	False	High H3K27ac	1	13.850376	0.978360898506267	26.344109	0.989686671250368	9.110146	0.984020007102219	0	0.346195	0	0.157015	1	1.577909	0.960317359739234	0.0615094896278272	0.0025417211557928	True
chr11	128610420	128612069	ETS1|chr11:128480315-128481964:.	-0.132277	chr11	128587557	128587558	ETS1	ENSG00000134954	True	4.4709656108316297e-29	0.0	0.0	0.0	1.0	0.0	True	GM12878	Nasser et al., 2021 from	True	Nasser2021	88933	False	High H3K27ac	1	30.09606	0.997159112373728	31.194164	0.993887558272196	8.597222	0.98184400806933	0	1.018953	0	0.656419	1	10.834062	0.849419155850279	0.0143377243682718	0.0025417211557928	True
chr16	30458649	30460051	ITGAL|chr16:30469970-30471372:.	-0.2598838	chr16	30472658	30472659	ITGAL	ENSG00000005844	True	1.22182907128504e-81	0.0	0.0	0.0	1.0	0.0	True	GM12878	Nasser et al., 2021 from	True	Nasser2021	13310	False	High H3K27ac	1	35.13745	0.99813377860721	36.220537	0.996335557184197	19.682086	0.998511556217086	0	0.845856	0	0.22323	1	6.822414	0.987158363102323	0.195386407169704	0.0025417211557928	True
chr21	44196186	44196686	ICOSLG|chr21:45616069-45616569:.	-0.20509	chr21	44240965	44240966	ICOSLG	ENSG00000160223	True	3.1007866068837997e-41	0.0	0.0	0.0	1.0	0.0	True	GM12878	Nasser et al., 2021 from	True	Nasser2021	44567	False	H3K27ac	1	0.475282	0.521869545835757	1.609301	0.685673917478259	0.0	0.0	0	0.0	0	0.0	0	0.314347	0.935847603405333	0.0370783287677073	0.0025417211557928	True
chr21	44206678	44207743	ICOSLG|chr21:45626561-45627626:.	-0.2144	chr21	44240965	44240966	ICOSLG	ENSG00000160223	True	3.30004010524933e-45	0.0	0.0	0.0	1.0	0.0	True	GM12878	Nasser et al., 2021 from	True	Nasser2021	33793	False	H3K27ac	1	0.0	0.0961368461614017	0.153422	0.203168798591645	0.0	0.0	0	0.0	0	0.0	0	0.0	0.955245437471421	0.054250726634749	0.0025417211557928	True
chr21	44207876	44208376	ICOSLG|chr21:45627759-45628259:.	-0.27979	chr21	44240965	44240966	ICOSLG	ENSG00000160223	True	4.882852417836971e-19	0.0	0.0	0.0	0.999999999985167	0.0	True	GM12878	Nasser et al., 2021 from	True	Nasser2021	32877	False	H3K27ac	1	1.356643	0.719877902276488	1.356643	0.654801931199142	0.0	0.0	0	0.030002	0	0.0	0	0.502228	0.956833595644151	0.0563402078286051	0.0025417211557928	True
chr5	40490507	40490507	PTGER4|chr5:40490609-40490609:.	-0.59262683	chr5	40679498	40679499	PTGER4	ENSG00000171522	True	0.0	0.0	0.0	0.0	0.0	0.0	True	GM12878	Nasser et al., 2021 from Tewhey et al., 2016	True	Nasser2021	189421	False	H3K27ac	0	0.0	0.0961368461614017	1.083087	0.611614394838047	0.0	0.0	0	0.0	0	0.0	1	0.0	0.666022462311726	0.0050687342460469	0.0025417211557928	True
chr6	14095336	14095836	CD83|chr6:14095567-14096067:.	-0.24885	chr6	14117256	14117257	CD83	ENSG00000112149	True	3.3522927608019296e-40	0.0	0.0	0.0	1.0	0.0	True	GM12878	Nasser et al., 2021 from	True	Nasser2021	22046	False	H3K27ac	1	2.638202	0.822074301300311	5.237235	0.861816505859331	3.994305	0.928698253911887	0	0.326564	0	0.033107	1	3.881489	0.974622087057259	0.0976131324575687	0.0025417211557928	True
chr8	11491746	11493006	BLK|chr8:11349255-11350515:.	-0.3597988	chr8	11486894	11486895	BLK	ENSG00000136573	True	1.8650130153914101e-183	0.0	0.0	0.0	0.999999999962956	0.0	True	GM12878	Nasser et al., 2021 from	True	Nasser2021	1634	False	High H3K27ac	1	40.264315	0.998972444901136	53.206551	0.999236889228049	24.316722	0.999425778032987	0	0.616211	0	0.111615	1	3.036635	0.997464722811872	1.0	0.0025417211557928	True
chr8	127210224	127211043	MYC|chr8:128222469-128223288:.	-0.47582935	chr8	127735434	127735435	MYC	ENSG00000136997	True	0.001	0.0	0.0	0.0	0.0	0.0	True	GM12878	Nasser et al., 2021 from Mumbach et al., 2017	True	Nasser2021	525434	False	High H3K27ac	1	44.315345	0.999289778093432	50.708125	0.999017778214321	18.542422	0.998171556368197	0	0.579296	0	0.144722	1	4.690729	0.328971225719899	0.0012460764070161	0.0025417211557928	True
chr11	69298418	69298918	CCND1|chr11:69065885-69066385	-0.190426867944672	chr11	69640854	69641354	CCND1	ENSG00000110092	True	1.35914597262781e-07	0.0	0.0	0.0	0.999808035840113	0.0	True	HCT116	Guckelberger et al., 2024	True	HCT116	342435	False	High H3K27ac	1	12.858728	0.982845152910252	19.701314	0.986319163163194	4.901241	0.92912865366731	0	0.205601	0	0.043583	1	5.26203	0.469028946104928	0.0022452086347247	0.0025417211557928	True
chr11	69352659	69353159	CCND1|chr11:69167427-69167927	-0.2194695572242	chr11	69640854	69641354	CCND1	ENSG00000110092	True	2.15519306721452e-06	0.0	0.0	0.0	0.973757050420802	0.0	True	HCT116	Guckelberger et al., 2024	True	HCT116	288194	False	High H3K27ac	1	3.947654	0.934316611456548	6.449328	0.942986265362119	3.354472	0.885203944385093	0	0.411202	0	0.171642	1	3.662123	0.528248446376953	0.002846117286439	0.0025417211557928	True
chr11	69636212	69636869	CCND1|chr11:69450980-69451637	-0.165929646625062	chr11	69640854	69641354	CCND1	ENSG00000110092	True	2.47813696248804e-09	0.0	0.0	0.0	1.0	0.0	True	HCT116	Guckelberger et al., 2024	True	HCT116	4563	False	High H3K27ac	1	2.822499	0.91395675933256	4.410453	0.921535020636543	6.978665	0.956498013204313	0	0.275827	0	0.112455	1	7.47601	0.997024549586292	0.851689001051195	0.0025417211557928	True
chr11	69637976	69639354	CCND1|chr11:69452744-69454122	-0.213593788941364	chr11	69640854	69641354	CCND1	ENSG00000110092	True	9.860825767055391e-20	0.0	0.0	0.0	1.0	0.0	True	HCT116	Guckelberger et al., 2024	True	HCT116	2438	False	High H3K27ac	1	24.516588	0.995350052648164	29.050886	0.994143372095704	19.082723	0.993928167920743	0	0.429534	0	0.362655	1	20.846577	0.997464722811872	1.0	0.0025417211557928	True
chr12	88925805	88926669	KITLG|chr12:89319582-89320446	-0.511141705059936	chr12	88580223	88580723	KITLG	ENSG00000049130	True	2.6300206196399504e-19	0.0	0.0	0.0	0.494842374648085	0.0	True	HCT116	Guckelberger et al., 2024	True	HCT116	345763	False	High H3K27ac	1	33.161141	0.997970932064653	45.256014	0.998432083868141	25.184922	0.997440607490642	0	0.522549	0	0.203926	1	27.155155	0.465717888069322	0.0022155430292425	0.0025417211557928	True
chr12	88931434	88932039	KITLG|chr12:89325211-89325816	-0.482491878926752	chr12	88580223	88580723	KITLG	ENSG00000049130	True	3.51615871535869e-07	0.0	0.0	0.0	0.0864200676511821	0.0	True	HCT116	Guckelberger et al., 2024	True	HCT116	351262	False	High H3K27ac	1	17.397636	0.990085236225011	24.485646	0.991084398465902	7.661117	0.962093321753299	0	0.375779	0	0.137744	1	8.339415	0.460322704619194	0.002167984398893	0.0025417211557928	True
chr12	88932398	88932898	KITLG|chr12:89326175-89326675	-0.345828331913685	chr12	88580223	88580723	KITLG	ENSG00000049130	True	0.0011396754736448	0.0	0.0	0.0	0.110119481639189	0.0	True	HCT116	Guckelberger et al., 2024	True	HCT116	352174	False	High H3K27ac	1	8.318571	0.96913357261988	14.793214	0.978126032787893	1.337971	0.706476877079987	0	0.175875	0	0.206616	0	1.446319	0.459436950045753	0.0021602671802726	0.0025417211557928	True
chr12	88934324	88935250	KITLG|chr12:89328101-89329027	-0.508971603965009	chr12	88580223	88580723	KITLG	ENSG00000049130	True	3.5572012713198e-17	0.0	0.0	0.0	0.408172610795881	0.0	True	HCT116	Guckelberger et al., 2024	True	HCT116	354313	False	High H3K27ac	1	41.541125	0.999016209485893	54.706146	0.999262157114419	23.594657	0.996779623238977	0	0.628198	0	0.385253	1	25.454699	0.45736947964343	0.002142352187746	0.0025417211557928	True
chr12	88960042	88961364	KITLG|chr12:89353819-89355141	-0.269396601654235	chr12	88580223	88580723	KITLG	ENSG00000049130	True	0.0005281581742525	0.0	0.0	0.0	0.396577519509113	0.0	True	HCT116	Guckelberger et al., 2024	True	HCT116	380229	False	High H3K27ac	1	32.996118	0.997955560337871	37.064336	0.997102429501418	13.66105	0.986173131758756	0	0.639592	0	0.47511	1	14.719374	0.43339340347389	0.0019441446484111	0.0025417211557928	True
chr2	181782539	181783039	SSFA2|chr2:182647266-182647766	-0.0635216495089276	chr2	181891465	181891965	SSFA2	ENSG00000138434	True	3.07154707203686e-17	0.0	0.0	0.0	1.0	0.0	True	HCT116	Guckelberger et al., 2024	True	HCT116	108925	False	High H3K27ac	1	10.894004	0.978095289334327	17.077827	0.982407058696939	3.450968	0.888977703310301	0	0.387793	0	0.231905	0	3.776651	0.810181005476522	0.0108485149592683	0.0025417211557928	True
chr2	181784494	181785367	SSFA2|chr2:182649221-182650094	-0.212571578311081	chr2	181891465	181891965	SSFA2	ENSG00000138434	True	1.21171213719491e-68	0.0	0.0	0.0	1.0	0.0	True	HCT116	Guckelberger et al., 2024	True	HCT116	106784	False	High H3K27ac	1	26.564371	0.996310785572097	39.407629	0.997555895441515	14.17122	0.987195351589821	0	0.334659	0	0.34705	1	15.306155	0.814343979958582	0.0111487649120753	0.0025417211557928	True
chr2	181785654	181786154	SSFA2|chr2:182650381-182650881	-0.117450892751617	chr2	181891465	181891965	SSFA2	ENSG00000138434	True	4.31946770740897e-48	0.0	0.0	0.0	1.0	0.0	True	HCT116	Guckelberger et al., 2024	True	HCT116	105810	False	High H3K27ac	1	16.41211	0.988970786033249	25.242157	0.991660838220261	4.571275	0.92246501010691	0	0.04112	0	0.094161	1	4.952258	0.816241618737482	0.0112901440267904	0.0025417211557928	True
chr2	181789724	181790410	SSFA2|chr2:182654451-182655137	-0.0601712677325884	chr2	181891465	181891965	SSFA2	ENSG00000138434	True	1.91733552042616e-16	0.0	0.0	0.0	1.0	0.0	True	HCT116	Guckelberger et al., 2024	True	HCT116	101647	False	High H3K27ac	1	23.847902	0.995034932249114	31.622335	0.995250136424075	2.753841	0.855621056191347	0	0.347293	0	0.279793	0	2.970537	0.824377159969799	0.0119308904666806	0.0025417211557928	True
chr2	181790595	181792502	SSFA2|chr2:182655322-182657229	-0.162373476621681	chr2	181891465	181891965	SSFA2	ENSG00000138434	True	1.9003470157537e-70	0.0	0.0	0.0	1.0	0.0	True	HCT116	Guckelberger et al., 2024	True	HCT116	100166	False	High H3K27ac	1	95.126101	0.999984628273217	102.874515	0.999976942409826	30.360337	0.998624230452928	0	0.946385	0	0.789876	1	32.81132	0.827280380545568	0.0121741586256784	0.0025417211557928	True
chr2	181810528	181811596	SSFA2|chr2:182675255-182676323	-0.0683858356452681	chr2	181891465	181891965	SSFA2	ENSG00000138434	True	1.00340094964832e-35	0.0	0.0	0.0	1.0	0.0	True	HCT116	Guckelberger et al., 2024	True	HCT116	80652	False	High H3K27ac	1	42.743713	0.999085382256416	49.577704	0.998916293261803	20.000719	0.994658324942933	0	0.399188	0	0.264189	1	21.582912	0.865816892140117	0.0164004631200923	0.0025417211557928	True
chr2	181947208	181947708	SSFA2|chr2:182811935-182812435	-0.0724358794384278	chr2	181891465	181891965	SSFA2	ENSG00000138434	True	3.71917608462084e-24	0.0	0.0	0.0	1.0	0.0	True	HCT116	Guckelberger et al., 2024	True	HCT116	55742	False	High H3K27ac	1	4.561646	0.942125448662275	6.901578	0.946598621156108	1.427262	0.721433567239776	0	0.27013	0	0.243205	0	1.557808	0.914705707547413	0.0272577071846881	0.0025417211557928	True
chr2	181947906	181948794	SSFA2|chr2:182812633-182813521	-0.0688679105077245	chr2	181891465	181891965	SSFA2	ENSG00000138434	True	7.44437682940056e-37	0.0	0.0	0.0	1.0	0.0	True	HCT116	Guckelberger et al., 2024	True	HCT116	56634	False	High H3K27ac	1	6.976354	0.962154808660431	9.375592	0.96141696577485	1.164972	0.673673612125218	0	0.376399	0	0.22491	0	1.253285	0.912986838797351	0.026669045591014	0.0025417211557928	True
chr2	181949009	181949704	SSFA2|chr2:182813736-182814431	-0.0978354604010615	chr2	181891465	181891965	SSFA2	ENSG00000138434	True	6.45579390524176e-51	0.0	0.0	0.0	1.0	0.0	True	HCT116	Guckelberger et al., 2024	True	HCT116	57640	False	High H3K27ac	1	9.147982	0.97269981323352	11.872968	0.970809090839219	2.732904	0.854360574595147	0	0.506077	0	0.192627	1	3.028215	0.911043882903366	0.0260310317784634	0.0025417211557928	True
chr2	181954097	181955405	SSFA2|chr2:182818824-182820132	-0.0887019763637208	chr2	181891465	181891965	SSFA2	ENSG00000138434	True	1.0024382015192401e-44	0.0	0.0	0.0	1.0	0.0	True	HCT116	Guckelberger et al., 2024	True	HCT116	63035	False	High H3K27ac	1	39.332696	0.998801005310932	49.609036	0.998916293261803	15.804036	0.989808545142919	1	7.200997	0	0.442826	1	17.006612	0.90055447118568	0.0230172072957686	0.0025417211557928	True
chr7	121301407	121302673	FAM3C|chr7:120941461-120942727	-0.266128048547455	chr7	121396118	121396618	FAM3C	ENSG00000196937	True	2.99540002902624e-53	0.0	0.0	0.0	1.0	0.0	True	HCT116	Guckelberger et al., 2024	True	HCT116	94327	False	High H3K27ac	1	37.426418	0.998570429409188	45.884617	0.99853200009223	21.600037	0.99569591650078	0	0.917279	0	0.268494	1	23.459829	0.838765697932118	0.0132224253266522	0.0025417211557928	True
chr7	121303504	121304004	FAM3C|chr7:120943558-120944058	-0.111051630458136	chr7	121396118	121396618	FAM3C	ENSG00000196937	True	1.22744109057087e-06	0.0	0.0	0.0	1.0	0.0	True	HCT116	Guckelberger et al., 2024	True	HCT116	92613	False	High H3K27ac	1	3.250683	0.923003020544313	5.286277	0.931972423122151	0.951043	0.62449177228324	1	2.561468	0	0.185632	0	1.065721	0.842147200571781	0.0135601228723119	0.0025417211557928	True
chr7	121397316	121397816	FAM3C|chr7:121037370-121037870	-0.300520557707127	chr7	121396118	121396618	FAM3C	ENSG00000196937	True	2.14495775359879e-27	0.0	0.0	0.0	1.0	0.0	True	HCT116	Guckelberger et al., 2024	True	HCT116	1197	False	High H3K27ac	1	6.941427	0.961978033802427	9.980988	0.964122389688646	1.714903	0.762714339515329	0	0.399188	0	0.203926	0	1.841282	0.997464722811872	1.0	0.0025417211557928	True
chr7	121398179	121398777	FAM3C|chr7:121038233-121038831	-0.305906032498322	chr7	121396118	121396618	FAM3C	ENSG00000196937	True	4.91729673116037e-32	0.0	0.0	0.0	1.0	0.0	True	HCT116	Guckelberger et al., 2024	True	HCT116	2109	False	High H3K27ac	1	5.728603	0.953316065760247	7.851787	0.952901029137108	2.221112	0.816953477468891	1	2.842992	0	0.123755	1	2.986338	0.997464722811872	1.0	0.0025417211557928	True
chr7	121530056	121532063	FAM3C|chr7:121170110-121172117	-0.344773220749991	chr7	121396118	121396618	FAM3C	ENSG00000196937	True	3.4993151922894796e-79	0.0	0.0	0.0	1.0	0.0	True	HCT116	Guckelberger et al., 2024	True	HCT116	134690	False	High H3K27ac	1	53.903146	0.999638764420601	62.287585	0.999561905786687	44.326681	0.999661822010776	0	1.304453	0	0.569271	1	48.073995	0.761187511027263	0.0081014456514633	0.0025417211557928	True
chr7	121544148	121545256	FAM3C|chr7:121184202-121185310	-0.502255564360782	chr7	121396118	121396618	FAM3C	ENSG00000196937	True	2.672058339724e-97	0.0	0.0	0.0	1.0	0.0	True	HCT116	Guckelberger et al., 2024	True	HCT116	148333	False	High H3K27ac	1	19.135454	0.991991330346094	21.93881	0.988932356716292	34.885738	0.999239099524245	1	1.374679	0	0.2389	1	38.069591	0.736239230500551	0.0070947428286595	0.0025417211557928	True
chr7	121546617	121547117	FAM3C|chr7:121186671-121187171	-0.333387161270348	chr7	121396118	121396618	FAM3C	ENSG00000196937	True	2.51489452587259e-47	0.0	0.0	0.0	1.0	0.0	True	HCT116	Guckelberger et al., 2024	True	HCT116	150498	False	High H3K27ac	1	2.830391	0.914048989693257	4.564615	0.923779292746851	0.955456	0.625452505207172	0	0.375159	0	0.10546	0	1.053787	0.732351356734256	0.0069547632081097	0.0025417211557928	True
chr7	121547140	121547951	FAM3C|chr7:121187194-121188005	-0.237537441045028	chr7	121396118	121396618	FAM3C	ENSG00000196937	True	1.81579360860114e-19	0.0	0.0	0.0	1.0	0.0	True	HCT116	Guckelberger et al., 2024	True	HCT116	151176	False	High H3K27ac	1	4.110724	0.936714600834685	5.020146	0.929320800252096	3.468396	0.889684802742316	1	4.96799	0	0.215226	1	3.787589	0.731137944989959	0.0069119042570529	0.0025417211557928	True
chr8	127214912	127216131	MYC|chr8:128227157-128228376	-0.205616656664682	chr8	127735818	127736318	MYC	ENSG00000136997	True	4.24931986801367e-22	0.0	0.0	0.0	1.0	0.0	True	HCT116	Guckelberger et al., 2024	True	HCT116	520546	False	High H3K27ac	1	50.275066	0.999461989562598	60.900595	0.999531162333121	33.997996	0.999123811573373	1	3.583776	0	0.601554	1	36.724983	0.331814822921514	0.001262196145854	0.0025417211557928	True
chr8	127216182	127216682	MYC|chr8:128228427-128228927	-0.142339563291842	chr8	127735818	127736318	MYC	ENSG00000136997	True	0.0005456708047447	0.0	0.0	0.0	0.9992283270865	0.0	True	HCT116	Guckelberger et al., 2024	True	HCT116	519635	False	High H3K27ac	1	16.848185	0.98944730956352	25.679561	0.991983644482703	3.878109	0.903988194513831	0	0.323884	0	0.286788	1	4.170619	0.332349124232082	0.0012652403087142	0.0025417211557928	True
chr8	127222542	127223400	MYC|chr8:128234787-128235645	-0.362564973567813	chr8	127735818	127736318	MYC	ENSG00000136997	True	3.0832082734059302e-53	0.0	0.0	0.0	1.0	0.0	True	HCT116	Guckelberger et al., 2024	True	HCT116	513096	False	High H3K27ac	1	50.161924	0.999461989562598	67.087073	0.999692565464341	26.56224	0.997755727889692	0	0.552274	0	0.35566	1	28.634403	0.336224742853644	0.0012874682097764	0.0025417211557928	True
chr8	127225050	127225884	MYC|chr8:128237295-128238129	-0.347355055475514	chr8	127735818	127736318	MYC	ENSG00000136997	True	1.0852984031012998e-43	0.0	0.0	0.0	1.0	0.0	True	HCT116	Guckelberger et al., 2024	True	HCT116	510600	False	High H3K27ac	1	30.121893	0.99732531953977	39.892617	0.997655811665603	9.837376	0.974721195305475	1	3.299772	0	0.261499	1	10.492679	0.337723078343869	0.0012961313688533	0.0025417211557928	True
chr8	127246766	127248045	MYC|chr8:128259011-128260290	-0.150433348190613	chr8	127735818	127736318	MYC	ENSG00000136997	True	1.3833828332130799e-18	0.0	0.0	0.0	1.0	0.0	True	HCT116	Guckelberger et al., 2024	True	HCT116	488662	False	High H3K27ac	1	32.924936	0.997947874474479	38.282316	0.997356062993336	9.118634	0.971377844730188	0	1.22729	0	0.541292	1	9.790762	0.35136074708118	0.0013768223864848	0.0025417211557928	True
chr8	127265431	127267142	MYC|chr8:128277676-128279387	-0.100570913478336	chr8	127735818	127736318	MYC	ENSG00000136997	True	1.5350545664543501e-09	0.0	0.0	0.0	1.0	0.0	True	HCT116	Guckelberger et al., 2024	True	HCT116	469781	False	High H3K27ac	1	47.659235	0.999362073338508	51.925371	0.999070010529633	15.296244	0.989124503301078	0	1.164	0	0.807095	1	16.36939	0.363808324721202	0.0014534916936664	0.0025417211557928	True
chr8	129710072	129711049	MYC|chr8:130722318-130723295	-0.127984199406044	chr8	127735818	127736318	MYC	ENSG00000136997	True	2.24776568698696e-10	0.0	0.0	0.0	1.0	0.0	True	HCT116	Guckelberger et al., 2024	True	HCT116	1974491	False	High H3K27ac	1	37.081994	0.998524314228839	48.394259	0.998854806354672	36.264982	0.99931595815816	0	1.275347	0	0.265803	1	39.049183	0.0735468833540397	0.0002017756387288	0.0025417211557928	True
chr10	6144647	6145147	PFKFB3|chr10:6186610-6187110:.	-0.690179	chr10	6144934	6144935	PFKFB3	ENSG00000170525	True	3.81983787442293e-41	0.0	0.0	0.0	0.999420127327117	0.0	True	Jurkat	Nasser et al., 2021	True	Nasser2021	57978	False	H3K27ac	1	0.565923	0.791098229054433	0.901667	0.812844287296842	6.224566	0.937591999635795	0	0.402333	0	1.503002	0	1.0908	0.910390073289785	0.0258225600026152	0.0025417211557928	True
chr10	6348010	6348510	PFKFB3|chr10:6389972-6390472:.	-0.161911	chr10	6144934	6144935	PFKFB3	ENSG00000170525	True	0.0403683731224766	0.0	0.0	0.0	0.951907195770381	0.0	True	Jurkat	Nasser et al., 2021	True	Nasser2021	145383	False	High H3K27ac	1	2.828847	0.96477836623822	5.154077	0.975188551830888	12.951961	0.980575746999105	1	0.287381	1	0.093106	1	2.009368	0.741568821239774	0.007293474303154	0.0025417211557928	True
chr10	79323113	79323613	PPIF|chr10:81082870-81083370:.	-0.09865696	chr10	79347469	79347470	PPIF	ENSG00000108179	True	5.09332135625074e-06	0.0	0.0	0.0	1.0	0.0	True	Jurkat	Nasser et al., 2021	True	Nasser2021	24099	False	High H3K27ac	1	2.849956	0.965150158580816	4.715598	0.971440278009621	19.724429	0.991934382445331	0	0.402333	0	0.385726	1	3.042758	0.971410799480937	0.0863632188091457	0.0025417211557928	True
chr16	30458642	30459142	ITGAL|chr16:30469963-30470463:.	-0.363672	chr16	30472658	30472659	ITGAL	ENSG00000005844	True	7.623768775224189e-78	0.0	0.0	0.0	1.0	0.0	True	Jurkat	Nasser et al., 2021	True	Nasser2021	13768	False	High H3K27ac	1	2.857941	0.965271560162071	5.190638	0.975492055784026	25.418111	0.995682656266598	1	0.632238	0	0.731549	1	5.454	0.986554994784111	0.186504033381306	0.0025417211557928	True
chr16	30458642	30459142	SEPHS2|chr16:30469963-30470463:.	-0.309346	chr16	30446180	30446181	SEPHS2	ENSG00000179918	True	4.89854670688296e-10	0.0	0.0	0.0	0.999073871460398	0.0	True	Jurkat	Nasser et al., 2021	True	Nasser2021	12916	False	High H3K27ac	1	2.857941	0.965271560162071	5.190638	0.975492055784026	25.418111	0.995682656266598	1	0.632238	0	0.731549	1	5.454	0.987671810089127	0.203629758531691	0.0025417211557928	True
chr16	30472349	30472911	SEPHS2|chr16:30483670-30484232:.	-0.161478	chr16	30446180	30446181	SEPHS2	ENSG00000179918	True	0.0075802365789017	0.0	0.0	0.0	0.999883113285862	0.0	True	Jurkat	Nasser et al., 2021	True	Nasser2021	26654	False	High H3K27ac	1	1.460124	0.922416801978846	2.162766	0.924988997981699	11.130147	0.974240101977328	1	0.632238	1	0.704948	0	0.746337	0.967300172800844	0.0751871653093474	0.0025417211557928	True
chr5	56148470	56148970	IL6ST|chr5:55444297-55444797:.	-0.130075	chr5	55994992	55994993	IL6ST	ENSG00000134352	True	0.0339004710024045	0.0	0.0	0.0	0.994916564830404	0.0	True	Jurkat	Nasser et al., 2021	True	Nasser2021	153726	False	High H3K27ac	1	1.586798	0.929086301349075	2.393715	0.932447607630089	10.964011	0.973511692489795	0	0.459809	0	0.199513	1	1.664905	0.726592010114824	0.0067547195109935	0.0025417211557928	True
chr1	11798254	11798873	AGTRAP|chr1:11798254-11798873:.	-0.119998494265205	chr1	11736084	11736085	AGTRAP	ENSG00000177674	True	0.0050892678596238	0.54	0.77	0.97	1.0	1.0	True	K562	Xie et al., 2019	True	Xie	62478	False	High H3K27ac	1	40.985649	0.9987453046338	53.377604	0.998768684050562	17.029651	0.988723327982045	0	0.974871	0	0.526324	1	3.277286	0.943405445099696	0.0232998797297135	0.0013977514433302	False
chr1	12038207	12039433	TNFRSF8|chr1:12038207-12039433:.	-0.462296509762565	chr1	12063377	12063378	TNFRSF8	ENSG00000120949	True	0.0146723669663943	0.03	0.05	0.07	0.13	0.75	True	K562	Morris et al., 2023	True	Morris	24555	False	H3K27ac	1	4.449032	0.918624043392198	5.005406	0.899258093174769	15.4678	0.985847659720382	0	1.408146	0	1.037519	1	10.91235	0.970686099947067	0.0841653069504389	0.0025417211557928	True
chr1	26275469	26276652	CD52|chr1:26275469-26276652:.	-0.214307822148728	chr1	26317957	26317958	CD52	ENSG00000169442	True	0.0011794498615319	0.23	0.46	0.69	0.91	1.0	True	K562	Xie et al., 2019	True	Xie	41858	False	High H3K27ac	1	11.571844	0.976417961626584	12.169149	0.963364453934756	17.813847	0.989970230209324	1	31.087542	0	0.694122	1	9.945081	0.966573556902408	0.0404179882466329	0.0013977514433302	False
chr1	26275469	26276652	SH3BGRL3|chr1:26275469-26276652:.	-0.159425650374828	chr1	26279176	26279177	SH3BGRL3	ENSG00000142669	True	2.686940451686e-09	0.54	0.85	0.98	1.0	1.0	True	K562	Xie et al., 2019	True	Xie	3660	False	High H3K27ac	1	11.571844	0.976417961626584	12.169149	0.963364453934756	17.813847	0.989970230209324	1	31.087542	0	0.694122	1	9.945081	0.998604199538779	1.0	0.0013977514433302	False
chr1	26284661	26285505	CD52|chr1:26284661-26285505:.	-0.278346441271721	chr1	26317957	26317958	CD52	ENSG00000169442	True	0.001492576932716	0.08	0.21	0.49	0.78	1.0	True	K562	Xie et al., 2019	True	Xie	32835	False	High H3K27ac	1	12.120376	0.978163624744775	14.741462	0.972607116694462	22.547674	0.994552595894574	1	16.789439	0	0.621123	1	6.747925	0.975832957425635	0.0564393396707026	0.0013977514433302	False
chr1	26284661	26285505	SH3BGRL3|chr1:26284661-26285505:.	-0.151621237435791	chr1	26279176	26279177	SH3BGRL3	ENSG00000142669	True	0.0001120790556195	0.39	0.65	0.89	0.99	1.0	True	K562	Xie et al., 2019	True	Xie	5361	False	High H3K27ac	1	12.120376	0.978163624744775	14.741462	0.972607116694462	22.547674	0.994552595894574	1	16.789439	0	0.621123	1	6.747925	0.997955813274563	0.682371214442811	0.0013977514433302	False
chr1	26286905	26287800	CD52|chr1:26286905-26287800:.	-0.424250100551153	chr1	26317957	26317958	CD52	ENSG00000169442	True	2.19723762789868e-09	0.05	0.16	0.46	0.68	1.0	True	K562	Xie et al., 2019	True	Xie	30566	False	High H3K27ac	1	10.052724	0.970783522187067	11.005668	0.957511806605465	16.082499	0.987047803114138	0	1.841422	0	0.400524	1	5.339786	0.978049663860194	0.062280154645566	0.0013977514433302	False
chr1	26286905	26287800	SH3BGRL3|chr1:26286905-26287800:.	-0.197506519960012	chr1	26279176	26279177	SH3BGRL3	ENSG00000142669	True	1.20970682484276e-06	0.32	0.72	0.88	0.96	1.0	True	K562	Xie et al., 2019	True	Xie	7630	False	High H3K27ac	1	10.052724	0.970783522187067	11.005668	0.957511806605465	16.082499	0.987047803114138	0	1.841422	0	0.400524	1	5.339786	0.996682879982604	0.419977247350796	0.0013977514433302	False
chr1	26321184	26321972	CD52|chr1:26321184-26321972:.	-0.666584958772551	chr1	26317957	26317958	CD52	ENSG00000169442	True	4.23605409796628e-43	0.26	0.48	0.69	0.88	1.0	True	K562	Morris et al., 2023	True	Morris	3658	False	H3K27ac	0	1.236522	0.768333359310463	1.791916	0.776118705092037	8.383431	0.957620910550352	1	18.197585	0	0.287475	1	3.650405	0.997464722811872	1.0	0.0025417211557928	True
chr1	26321184	26321972	SH3BGRL3|chr1:26321184-26321972:.	-0.0910812554265263	chr1	26279176	26279177	SH3BGRL3	ENSG00000142669	True	0.0279096439476461	0.68	0.77	0.95	0.95	1.0	True	K562	Morris et al., 2023	True	Morris	41856	False	H3K27ac	0	1.236522	0.768333359310463	1.791916	0.776118705092037	8.383431	0.957620910550352	1	18.197585	0	0.287475	1	3.650405	0.940838426106219	0.0404206442531512	0.0025417211557928	True
chr1	26377452	26379163	AUNIP|chr1:26377452-26379163:.	-0.232253443703243	chr1	25859458	25859459	AUNIP	ENSG00000127423	True	0.0673288114628404	0.03	0.13	0.32	0.44	1.0	True	K562	Xie et al., 2019	True	Xie	518848	False	High H3K27ac	1	45.076845	0.999072616468461	47.177587	0.998184198631525	36.108772	0.998916753690051	0	2.166379	0	0.816801	1	9.065644	0.475639714768185	0.0012678803420982	0.0013977514433302	False
chr1	30768019	30769461	LAPTM5|chr1:30768019-30769461:.	-0.474606087576457	chr1	30757820	30757821	LAPTM5	ENSG00000162511	True	1.0354401234133401e-31	0.27	0.68	0.91	1.0	1.0	True	K562	Xie et al., 2019	True	Xie	10903	False	High H3K27ac	1	80.857806	0.999890896055113	89.75489	0.999797378388067	44.146261	0.99953241166477	1	6.715776	0	0.468648	1	11.896498	0.994591949346504	0.257059783976897	0.0013977514433302	False
chr1	31928713	31929213	TMEM54|chr1:31928713-31929213:.	-0.113226762747761	chr1	32901438	32901439	TMEM54	ENSG00000121900	True	0.0681230798981799	0.4	0.79	0.97	1.0	1.0	True	K562	Xie et al., 2019	True	Xie	972476	False	H3K27ac	1	2.615205	0.867540017768357	3.329423	0.857323212643589	7.786876	0.952220265278449	0	0.108319	0	0.136873	1	2.391002	0.276579765766304	0.0005343916972481	0.0013977514433302	False
chr1	67700116	67701585	GADD45A|chr1:67700116-67701585:.	-0.0961529593696978	chr1	67685061	67685062	GADD45A	ENSG00000116717	True	0.0107889556581077	0.6	0.81	0.89	0.97	1.0	True	K562	Morris et al., 2023	True	Morris	15673	False	High H3K27ac	1	13.077241	0.980805498838822	13.355918	0.968227372621144	11.537675	0.974851540703565	1	8.882155	0	0.646819	1	6.883949	0.983974058702506	0.156058707275228	0.0025417211557928	True
chr1	109239375	109239875	SARS|chr1:109239375-109239875:.	-0.154133970540301	chr1	109213918	109213919	SARS	ENSG00000031698	True	0.0002315982256482	0.19	0.38	0.52	0.57	0.99	True	K562	Klann et al., 2021	True	Klann	25732	False	H3K27ac	0	1.035787	0.737277700712293	1.749024	0.771894823797129	2.373869	0.790567184650634	1	15.272974	0	0.338716	1	1.166677	0.994063080513993	0.0789168132840525	0.0004713209611581	False
chr1	156119466	156120399	CCT3|chr1:156119466-156120399:.	-0.0908864179891831	chr1	156367873	156367874	CCT3	ENSG00000163468	True	0.0433771919331573	0.25	0.39	0.48	0.72	0.99	True	K562	Klann et al., 2021	True	Klann	218482	True	High H3K27ac	1	4.536776	0.920190464315217	5.054179	0.900123131594944	4.507014	0.899889337427329	0	1.516465	0	0.359656	1	5.740277	0.898349343887251	0.0041653531064969	0.0004713209611581	False
chr1	159921814	159922623	DUSP23|chr1:159921814-159922623:.	-0.138639011681853	chr1	159780932	159780933	DUSP23	ENSG00000158716	True	0.0373696508083498	0.38	0.48	0.8	0.91	1.0	True	K562	Morris et al., 2023	True	Morris	141272	False	High H3K27ac	1	8.902965	0.964743839523683	12.838515	0.966232329057498	6.421609	0.937335369940305	0	0.758233	0	0.430083	1	2.890459	0.749056506979447	0.0075869381897782	0.0025417211557928	True
chr1	167627373	167628784	RCSD1|chr1:167627373-167628784:.	-0.648661868870512	chr1	167630093	167630094	RCSD1	ENSG00000198771	True	3.4181745641855296e-36	0.2	0.49	0.73	0.95	1.0	True	K562	Xie et al., 2019	True	Xie	2113	False	High H3K27ac	1	95.119889	0.999953241166477	105.99002	0.999890896055113	36.212897	0.998932339967892	0	1.408146	0	0.595072	1	6.40029	0.998604199538779	1.0	0.0013977514433302	False
chr1	182256842	182258273	GLUL|chr1:182256842-182258273:.	-0.0910783581196605	chr1	182392206	182392207	GLUL	ENSG00000135821	True	0.0360028184152666	0.47	0.77	0.97	1.0	1.0	True	K562	Xie et al., 2019	True	Xie	134648	False	High H3K27ac	1	17.586572	0.989268847706479	18.062063	0.98077432628314	14.470861	0.98393054754594	0	0.974871	0	0.723681	1	8.059685	0.852909649218827	0.0081049211378897	0.0013977514433302	False
chr1	182299456	182301359	GLUL|chr1:182299456-182301359:.	-0.235030470400461	chr1	182392206	182392207	GLUL	ENSG00000135821	True	8.198347132963849e-12	0.49	0.81	0.97	0.98	1.0	True	K562	Xie et al., 2019	True	Xie	91798	False	High H3K27ac	1	54.30726	0.999454480275565	63.844541	0.999290824358235	28.221487	0.997404884739476	0	1.516465	0	0.963465	1	12.057987	0.907578821731294	0.0137259622932168	0.0013977514433302	False
chr1	184031227	184031862	TSEN15|chr1:184031227-184031862:.	-0.212971151310523	chr1	184051651	184051652	TSEN15	ENSG00000198860	True	1.92122139324085e-05	0.24	0.57	0.88	0.98	1.0	True	K562	Xie et al., 2019	True	Xie	20105	True	High H3K27ac	1	21.698352	0.99322776227809	32.37559	0.994716251811905	10.569236	0.970666625103259	0	0.866552	0	0.480582	1	3.130868	0.987542453325084	0.110803429078411	0.0013977514433302	False
chr1	203311436	203312526	BTG2|chr1:203311436-203312526:.	-0.138442634158655	chr1	203305491	203305492	BTG2	ENSG00000159388	True	0.0041978432447717	0.47	0.66	0.84	0.92	1.0	True	K562	Morris et al., 2023	True	Morris	6445	False	High H3K27ac	1	7.201734	0.952983992892657	7.558352	0.933243972007045	11.74362	0.975630854595614	0	1.733103	0	0.666747	1	9.520285	0.99522453188389	0.529703724524926	0.0025417211557928	True
chr1	206671959	206673955	FCMR|chr1:206671959-206673955:.	-0.532709486359889	chr1	206923247	206923248	FCMR	ENSG00000162894	True	0.0778079196133932	0.0	0.0	0.01	0.04	0.38	True	K562	Morris et al., 2023	True	Morris	249075	False	High H3K27ac	1	38.175116	0.998441372215901	40.191055	0.997085366043735	27.933223	0.997272401377827	0	3.574526	0	1.226644	1	12.705057	0.577796397357933	0.0034784102213135	0.0025417211557928	True
chr1	206671959	206673955	MAPKAPK2|chr1:206671959-206673955:.	-0.376957006487472	chr1	206684944	206684945	MAPKAPK2	ENSG00000162889	True	7.812860722945299e-19	0.3	0.5	0.76	0.86	1.0	True	K562	Morris et al., 2023	True	Morris	12061	False	High H3K27ac	1	38.175116	0.998441372215901	40.191055	0.997085366043735	27.933223	0.997272401377827	0	3.574526	0	1.226644	1	12.705057	0.988767543302232	0.223741916002397	0.0025417211557928	True
chr1	234368637	234369136	COA6|chr1:234368637-234369136	-0.0674062020909491	chr1	234373456	234373457	COA6	ENSG00000168275	True	0.0108938646993209	0.59	0.88	1.0	1.0	1.0	True	K562	Ray et al., 2025	True	K562_DC_TAP	4795	False	H3K27ac	0	1.2277	0.763945822098225	1.942898	0.787075858414252	1.228249	0.612338097538927	1	1.191509	0	0.2601	1	2.09534	0.995074029560492	0.795538016571964	0.0039381961911606	False
chr10	17029282	17030231	VIM|chr10:17029282-17030231:.	-0.0947282815394197	chr10	17228259	17228260	VIM	ENSG00000026025	True	0.022996875647921	0.38	0.69	0.93	0.98	1.0	True	K562	Xie et al., 2019	True	Xie	198501	False	H3K27ac	1	3.336284	0.892859926121043	3.775746	0.871911968702754	6.547385	0.939166757586621	0	0.433276	0	0.168928	1	2.659129	0.772737685314451	0.0047526366897144	0.0013977514433302	False
chr10	17215948	17217110	VIM|chr10:17215948-17217110:.	-0.334039197296274	chr10	17228259	17228260	VIM	ENSG00000026025	True	1.3510310284311e-26	0.55	0.73	0.98	1.0	1.0	True	K562	Xie et al., 2019	True	Xie	11728	False	High H3K27ac	1	26.287585	0.99558129023208	29.375341	0.993344659361898	7.028099	0.944894714693184	0	0.433276	0	0.718924	1	5.514282	0.994024726970293	0.232524855336521	0.0013977514433302	False
chr10	17425572	17426534	VIM|chr10:17425572-17426534:.	-0.0751561632062852	chr10	17228259	17228260	VIM	ENSG00000026025	True	0.0545434115644763	0.5	0.84	0.97	0.99	1.0	True	K562	Xie et al., 2019	True	Xie	197794	False	High H3K27ac	1	34.70965	0.997895852491467	43.656487	0.997755575990898	21.249817	0.993617419224115	0	2.05806	0	0.207924	1	6.64267	0.773598257633464	0.0047760148392073	0.0013977514433302	False
chr10	61765101	61766128	ARID5B|chr10:61765101-61766128:.	-0.463125431508455	chr10	61901300	61901301	ARID5B	ENSG00000150347	True	0.0360028184152666	0.0	0.01	0.02	0.03	0.41	True	K562	Xie et al., 2019	True	Xie	135638	False	High H3K27ac	1	20.913054	0.99259651802553	23.367474	0.988723327982045	26.221798	0.9965398463193	0	1.299828	0	0.308609	1	4.693862	0.851641260957707	0.0080236783447176	0.0013977514433302	False
chr10	61781930	61782430	ARID5B|chr10:61781930-61782430:.	-0.49692487503053	chr10	61901300	61901301	ARID5B	ENSG00000150347	True	0.0594137948130577	0.0	0.0	0.0	0.06	0.46	True	K562	Xie et al., 2019	True	Xie	119072	False	High H3K27ac	1	5.205161	0.930828098941692	8.463504	0.941161801150267	9.376864	0.964502252217148	0	2.05806	0	0.331657	1	4.132765	0.872880656045953	0.0095978327050238	0.0013977514433302	False
chr10	92755668	92757563	EXOC6|chr10:92755668-92757563:.	-0.238124738186917	chr10	92834713	92834714	EXOC6	ENSG00000138190	True	2.55346016604587e-08	0.36	0.54	0.62	0.85	1.0	True	K562	Morris et al., 2023	True	Morris	91838	False	High H3K27ac	1	31.574102	0.997202263127543	34.237099	0.995378668620147	18.366679	0.990578095045122	1	4.874353	0	0.875413	1	5.679734	0.843677418035583	0.013717741321429	0.0025417211557928	True
chr11	324082	325336	IFITM1|chr11:324082-325336:.	-0.208294841689884	chr11	313506	313507	IFITM1	ENSG00000185885	True	0.0423802316995987	0.12	0.25	0.39	0.6	0.97	True	K562	Klann et al., 2021	True	Klann	10718	False	High H3K27ac	1	14.351517	0.98375909848969	14.747107	0.972646082389065	8.294527	0.956927321186427	0	0.541595	0	0.22867	1	2.940475	0.998212342083612	0.263181448865466	0.0004713209611581	False
chr11	324082	325336	IFITM3|chr11:324082-325336:.	-0.346581089837813	chr11	327537	327538	IFITM3	ENSG00000142089	True	0.0803818561120684	0.01	0.04	0.09	0.1	0.73	True	K562	Klann et al., 2021	True	Klann	3794	False	High H3K27ac	1	14.351517	0.98375909848969	14.747107	0.972646082389065	8.294527	0.956927321186427	0	0.541595	0	0.22867	1	2.940475	0.999528901077639	1.0	0.0004713209611581	False
chr11	5248847	5249047	HBG2|chr11:5248847-5249047:.	-0.607716336676886	chr11	5254810	5254811	HBG2	ENSG00000196565	True	0.0	0.0	0.0	0.0	0.0	0.0	True	K562	Reilly et al., 2021	True	Reilly	5833	False	H3K27ac	1	0.199755	0.311624246013809	2.662997	0.831107093315045	0.053029	0.0	0	0.0	0	0.013687	0	0.005878	0.995834266104073	0.607607947376264	0.0025417211557928	True
chr11	5253147	5253547	HBG1|chr11:5253147-5253547:.	-0.735613265391037	chr11	5249858	5249859	HBG1	ENSG00000213934	True	0.0	0.0	0.0	0.0	0.0	0.0	True	K562	Reilly et al., 2021	True	Reilly	3489	False	High H3K27ac	1	1.664221	0.811172243956421	5.226489	0.902944247884163	0.340611	0.0627893202824234	0	0.108319	0	0.080058	0	0.162265	0.997464722811872	1.0	0.0025417211557928	True
chr11	5275847	5276247	HBG1|chr11:5275847-5276247:.	-0.690832181711446	chr11	5249858	5249859	HBG1	ENSG00000213934	True	0.0	0.0	0.0	0.0	0.0	0.0	True	K562	Reilly et al., 2021	True	Reilly	26189	False	High H3K27ac	1	3.96962	0.908664411851806	8.656398	0.942673670100843	10.596536	0.970799108464908	0	0.324957	0	0.075495	1	0.706186	0.968057155968181	0.0770291884745775	0.0025417211557928	True
chr11	5284543	5285042	HBD|chr11:5284543-5285042	-0.346528635092788	chr11	5235369	5235370	HBD	ENSG00000223609	True	0.016027807486631	0.04	0.15	0.38	0.62	1.0	True	K562	Ray et al., 2025	True	K562_DC_TAP	50163	False	High H3K27ac	1	5.413738	0.933812871148241	11.139244	0.958197602830468	10.81174	0.971960286164061	0	0.433276	0	0.430513	1	2.058395	0.888908589389321	0.031511854983021	0.0039381961911606	False
chr11	5288040	5288539	HBD|chr11:5288040-5288539	-0.315419118692061	chr11	5235369	5235370	HBD	ENSG00000223609	True	0.016027807486631	0.08	0.31	0.47	0.81	1.0	True	K562	Ray et al., 2025	True	K562_DC_TAP	53660	False	High H3K27ac	1	9.085077	0.965803706416871	15.150538	0.9738384326439	8.939454	0.961634377094406	0	0.216638	0	0.128178	1	1.437758	0.879421514950475	0.0287226569414948	0.0039381961911606	False
chr11	57432648	57433148	SLC43A3|chr11:57432648-57433148:.	-0.340192095379207	chr11	57427580	57427581	SLC43A3	ENSG00000134802	True	0.0039089699525344	0.15	0.22	0.3	0.37	0.95	True	K562	Morris et al., 2023	True	Morris	5749	False	H3K27ac	1	3.887757	0.906716127121682	4.723789	0.893834068486105	8.226539	0.956327249489549	0	0.758233	0	0.212604	1	1.714095	0.995916207123411	0.619850557934575	0.0025417211557928	True
chr11	61833892	61835375	FADS3|chr11:61833892-61835375:.	-0.27190448780198	chr11	61892051	61892052	FADS3	ENSG00000221968	True	4.87547549619936e-23	0.55	0.76	0.88	0.98	1.0	True	K562	Xie et al., 2019	True	Xie	56911	False	High H3K27ac	1	75.396038	0.99983634408267	79.566393	0.999711653859942	27.991642	0.99731916021135	1	4.007802	0	0.844412	1	12.002769	0.949880629020215	0.0264906959973619	0.0013977514433302	False
chr11	61833892	61835375	FEN1|chr11:61833892-61835375:.	-0.0759397295165867	chr11	61792637	61792638	FEN1	ENSG00000168496	True	0.0001814663823346	0.77	0.93	0.95	1.0	1.0	True	K562	Xie et al., 2019	True	Xie	41996	True	High H3K27ac	1	75.396038	0.99983634408267	79.566393	0.999711653859942	27.991642	0.99731916021135	1	4.007802	0	0.844412	1	12.002769	0.966426999932229	0.0402354490603113	0.0013977514433302	False
chr11	61841500	61842900	FADS3|chr11:61841500-61842900:.	-0.590395975964632	chr11	61892050	61892051	FADS3	ENSG00000221968	True	0.0	0.0	0.0	0.0	0.0	0.0	True	K562	Reilly et al., 2021	True	Reilly	49344	False	High H3K27ac	1	35.437117	0.997997163297433	39.013108	0.996789226764756	12.471438	0.9782493492729	0	1.08319	0	0.793602	1	10.221907	0.926909727197743	0.0322333735092581	0.0025417211557928	True
chr11	78290169	78290887	NDUFC2|chr11:78290169-78290887:.	-0.215808081671411	chr11	78080219	78080220	NDUFC2	ENSG00000151366	True	0.0280593390705541	0.07	0.11	0.17	0.31	0.89	True	K562	Klann et al., 2021	True	Klann	210308	True	High H3K27ac	1	16.882899	0.988232360230053	21.526786	0.986525662806465	5.091591	0.91424429931888	0	0.541595	0	0.428211	1	5.215745	0.90303888531449	0.0043896066662399	0.0004713209611581	False
chr11	78291733	78292875	NDUFC2|chr11:78291733-78292875:.	-0.158673370831374	chr11	78080219	78080220	NDUFC2	ENSG00000151366	True	0.0290250745396593	0.15	0.29	0.33	0.54	0.97	True	K562	Klann et al., 2021	True	Klann	212084	True	High H3K27ac	1	19.238794	0.99117037360308	22.485374	0.987749185616983	12.560397	0.978436384606992	0	0.541595	0	0.588014	1	5.562921	0.902021544885465	0.00433913415989	0.0004713209611581	False
chr11	95152782	95153802	SRSF8|chr11:95152782-95153802:.	-0.104960766345461	chr11	95067197	95067198	SRSF8	ENSG00000263465	True	0.0561278971497455	0.52	0.7	0.81	0.9	1.0	True	K562	Morris et al., 2023	True	Morris	86415	True	High H3K27ac	1	6.166927	0.943289328075562	7.600264	0.93363362895307	14.806764	0.984655309465547	0	1.08319	0	0.471145	1	3.298256	0.854401985143909	0.0149153929285243	0.0025417211557928	True
chr11	114216234	114217571	RBM7|chr11:114216234-114217571:.	-0.190869048171567	chr11	114400030	114400031	RBM7	ENSG00000076053	True	0.0974271108999849	0.17	0.27	0.55	0.69	0.99	True	K562	Morris et al., 2023	True	Morris	183625	True	High H3K27ac	1	34.135633	0.997802334824421	43.664092	0.997755575990898	13.941825	0.98265247276298	0	0.324957	0	0.859036	1	8.904544	0.675460443532727	0.0052900549871846	0.0025417211557928	True
chr12	14257483	14258716	ATF7IP|chr12:14257483-14258716:.	-0.535136372535909	chr12	14365632	14365633	ATF7IP	ENSG00000171681	True	1.00778715133534e-05	0.02	0.03	0.12	0.21	0.72	True	K562	Klann et al., 2021	True	Klann	107531	False	High H3K27ac	1	40.759665	0.99873751149488	48.051846	0.998277716298571	22.983518	0.994895494007076	0	2.491336	0	0.371277	1	3.613312	0.959064387025898	0.0110423935508557	0.0004713209611581	False
chr12	54304142	54304642	PCBP2|chr12:54304142-54304642:.	-0.0546920926577917	chr12	53452102	53452103	PCBP2	ENSG00000197111	True	0.0254524751362357	0.56	0.79	0.83	0.92	1.0	True	K562	Morris et al., 2023	True	Morris	852290	False	High H3K27ac	1	7.105168	0.952157920167085	15.709853	0.975358094733397	30.181895	0.997872473074705	0	1.299828	0	0.162611	1	1.075017	0.201322668413331	0.000640691885458	0.0025417211557928	True
chr12	111994126	111994726	ERP29|chr12:111994126-111994726:.	-0.761381894030505	chr12	112013315	112013316	ERP29	ENSG00000089248	True	0.0	0.0	0.0	0.0	0.0	0.0	True	K562	Reilly et al., 2021	True	Reilly	18920	False	High H3K27ac	1	5.105656	0.929339609407877	7.28728	0.930337131189701	1.137828	0.587626054022039	0	0.108319	0	0.286033	1	1.236527	0.979335572906699	0.120458115438605	0.0025417211557928	True
chr12	111995026	111995626	ERP29|chr12:111995026-111995626:.	-0.667666077542697	chr12	112013315	112013316	ERP29	ENSG00000089248	True	0.0	0.0	0.0	0.0	0.0	0.0	True	K562	Reilly et al., 2021	True	Reilly	18020	False	H3K27ac	1	0.991915	0.725042472607117	1.270592	0.712253931638585	1.5561	0.684393459997818	0	0.0	0	0.118741	1	1.375278	0.980649295985534	0.12880859839293	0.0025417211557928	True
chr12	121811825	121813015	DENR|chr12:121811825-121813015:.	-0.0842749257997397	chr12	122752774	122752775	DENR	ENSG00000139726	True	0.0778079196133932	0.57	0.74	0.92	0.99	1.0	True	K562	Morris et al., 2023	True	Morris	940399	True	H3K27ac	1	2.825742	0.876899577611871	3.816677	0.873314733708443	5.445591	0.921523091070621	1	6.824095	0	0.345657	1	1.989627	0.180444248890419	0.0005596189938573	0.0025417211557928	True
chr14	35365425	35366523	NFKBIA|chr14:35365425-35366523:.	-0.398545694618401	chr14	35404749	35404750	NFKBIA	ENSG00000100906	True	1.26466814591922e-06	0.08	0.18	0.25	0.33	0.93	True	K562	Klann et al., 2021	True	Klann	38779	False	High H3K27ac	1	20.596623	0.992370516996836	26.604726	0.991747065883196	7.604465	0.950630464938668	0	1.408146	0	0.559627	1	5.984856	0.989611004259549	0.0448960054805072	0.0004713209611581	False
chr14	68719655	68720248	ZFP36L1|chr14:68719655-68720248:.	-0.30980954345846	chr14	68796253	68796254	ZFP36L1	ENSG00000185650	True	3.80466552515345e-09	0.23	0.43	0.69	0.88	1.0	True	K562	Morris et al., 2023	True	Morris	73962	False	H3K27ac	1	1.072797	0.742249723343568	2.186525	0.805233872099004	5.242677	0.917626521610374	0	0.216638	0	0.109616	1	0.945133	0.879059408549082	0.0184745573765013	0.0025417211557928	True
chr14	91264121	91265082	GPR68|chr14:91264121-91265082:.	-0.545936977145423	chr14	91253925	91253926	GPR68	ENSG00000119714	True	0.0655436119637898	0.0	0.01	0.0	0.0	0.29	True	K562	Klann et al., 2021	True	Klann	10720	False	High H3K27ac	1	7.814485	0.957613117411431	11.464496	0.95996664536542	2.000102	0.750198725042473	0	0.541595	0	0.022812	1	0.858715	0.998211884134865	0.26311392558124	0.0004713209611581	False
chr14	102551749	102552488	HSP90AA1|chr14:102551749-102552488:.	-0.0604194022075854	chr14	102139699	102139700	HSP90AA1	ENSG00000080824	True	0.096643681192876	0.51	0.72	0.89	0.99	1.0	True	K562	Morris et al., 2023	True	Morris	464942	False	High H3K27ac	1	23.378493	0.994365560560482	28.978264	0.993134244611044	7.574133	0.95034991193753	0	1.08319	0	0.111995	1	2.5933	0.367110355625929	0.0014743362696792	0.0025417211557928	True
chr15	66632242	66633128	SMAD6|chr15:66632242-66633128:.	-0.345506412232009	chr15	66702228	66702229	SMAD6	ENSG00000137834	True	0.0002315982256482	0.03	0.11	0.12	0.44	0.88	True	K562	Klann et al., 2021	True	Klann	69649	False	H3K27ac	0	1.153679	0.756035786093923	1.472308	0.742382206705217	1.46892	0.667318692623015	0	0.433276	0	0.313408	1	2.04112	0.977050431330387	0.0200659260757405	0.0004713209611581	False
chr15	78244070	78244570	WDR61|chr15:78244070-78244570:.	-0.0684652274965137	chr15	78299794	78299795	WDR61	ENSG00000140395	True	0.0655050795022723	0.69	0.81	0.94	0.99	1.0	True	K562	Morris et al., 2023	True	Morris	55405	True	H3K27ac	0	1.513239	0.799731916021135	1.832847	0.779610031328418	2.83811	0.82739755918889	0	0.324957	0	0.118741	1	3.522867	0.915354104873282	0.0274859742450042	0.0025417211557928	True
chr15	96272725	96274073	NR2F2|chr15:96272725-96274073:.	-0.393669036763742	chr15	96325938	96325939	NR2F2	ENSG00000185551	True	2.78336341854274e-08	0.14	0.23	0.35	0.49	0.98	True	K562	Klann et al., 2021	True	Klann	57481	False	High H3K27ac	1	26.31601	0.995604669648841	30.036122	0.993757695724684	40.204158	0.999298617497156	0	1.08319	0	0.950714	1	5.737649	0.98228211841625	0.0261301075973422	0.0004713209611581	False
chr16	142367	144053	HBA1|chr16:142367-144053:.	-0.139051440986216	chr16	176680	176681	HBA1	ENSG00000206172	True	0.0049492733749986	0.42	0.6	0.87	0.94	1.0	True	K562	Morris et al., 2023	True	Morris	33439	False	High H3K27ac	1	28.904243	0.996571018874982	30.612336	0.993999283031219	13.304898	0.98093018906155	1	3.466207	0	0.766927	1	13.856662	0.955860515686105	0.0550421223190791	0.0025417211557928	True
chr16	142367	144053	HBA2|chr16:142367-144053:.	-0.145083207109073	chr16	172876	172877	HBA2	ENSG00000188536	True	0.0710821013121893	0.29	0.52	0.73	0.96	1.0	True	K562	Morris et al., 2023	True	Morris	29635	False	High H3K27ac	1	28.904243	0.996571018874982	30.612336	0.993999283031219	13.304898	0.98093018906155	1	3.466207	0	0.766927	1	13.856662	0.962360696502029	0.0649866579474472	0.0025417211557928	True
chr16	1828755	1829254	GFER|chr16:1828755-1829254	-0.129834689795988	chr16	1984207	1984208	GFER	ENSG00000127554	True	0.0590171722798719	0.15	0.42	0.81	0.95	1.0	True	K562	Ray et al., 2025	True	K562_DC_TAP	155143	True	H3K27ac	1	1.427456	0.78908648825574	2.059811	0.795414517059181	2.067146	0.758560763104163	0	0.108319	0	0.210108	1	1.901089	0.628759837067202	0.0066700207648089	0.0039381961911606	False
chr16	2140522	2141021	ECI1|chr16:2140522-2141021	-0.0602513394517248	chr16	2252299	2252300	ECI1	ENSG00000167969	True	0.0891299994428472	0.46	0.84	0.97	0.99	1.0	True	K562	Ray et al., 2025	True	K562_DC_TAP	110829	False	H3K27ac	0	0.675247	0.641570161629701	1.19069	0.698592559110959	3.289069	0.853551333406069	1	10.940215	0	0.036499	0	0.904937	0.72898401811565	0.0105930361139554	0.0039381961911606	False
chr16	88496084	88496583	TRAPPC2L|chr16:88496084-88496583	-0.0669993115536598	chr16	88856220	88856221	TRAPPC2L	ENSG00000167515	True	0.0016272186292569	0.44	0.87	0.98	1.0	1.0	True	K562	Ray et al., 2025	True	K562_DC_TAP	360751	True	H3K27ac	0	0.316668	0.41298181081376	0.595345	0.513279508720522	0.729178	0.423619445440234	0	0.0	0	0.116675	1	0.894346	0.346698611156846	0.0020899498657982	0.0039381961911606	False
chr16	88769534	88771459	ZNF276|chr16:88769534-88771459:.	-0.298008806989487	chr16	89720400	89720401	ZNF276	ENSG00000158805	True	0.0935240743397604	0.03	0.07	0.11	0.26	0.99	True	K562	Xie et al., 2019	True	Xie	950487	False	High H3K27ac	1	34.503777	0.997864679935785	37.326579	0.996313845290606	40.93428	0.999353169469599	0	2.816293	0	0.640385	1	8.312267	0.282916994997008	0.0005514670342774	0.0013977514433302	False
chr16	88978412	88979814	CBFA2T3|chr16:88978412-88979814:.	-0.225030443835889	chr16	88977204	88977205	CBFA2T3	ENSG00000129993	True	0.0012867449084483	0.11	0.31	0.64	0.91	1.0	True	K562	Xie et al., 2019	True	Xie	2016	False	High H3K27ac	1	45.374889	0.999095995885223	51.565104	0.998612821272152	16.500981	0.987850496422949	0	2.491336	0	0.308845	1	6.402735	0.998604199538779	1.0	0.0013977514433302	False
chr16	88991726	88994106	CBFA2T3|chr16:88991726-88994106:.	-0.280940690449623	chr16	88977204	88977205	CBFA2T3	ENSG00000129993	True	1.97014279276158e-06	0.14	0.46	0.58	0.86	1.0	True	K562	Xie et al., 2019	True	Xie	15819	False	High H3K27ac	1	53.180789	0.999446687136645	55.843787	0.99889337427329	51.812383	0.999727240137783	1	4.332758	0	0.555765	1	8.031133	0.991010036305635	0.154081346231599	0.0013977514433302	False
chr17	27336191	27336690	TMEM97|chr17:27336191-27336690	-0.0737545593084095	chr17	28319095	28319096	TMEM97	ENSG00000109084	True	0.0454414669954729	0.44	0.83	1.0	1.0	1.0	True	K562	Ray et al., 2025	True	K562_DC_TAP	982653	False	H3K27ac	1	1.271572	0.771832478685765	1.58824	0.755303231035397	1.356167	0.643292445331131	0	0.216638	0	0.098307	1	2.089002	0.117983483086156	0.0005267952411316	0.0039381961911606	False
chr17	27570114	27570613	TMEM97|chr17:27570114-27570613	-0.0666929269701288	chr17	28319095	28319096	TMEM97	ENSG00000109084	True	0.0703193202649114	0.36	0.73	0.97	1.0	1.0	True	K562	Ray et al., 2025	True	K562_DC_TAP	748730	False	High H3K27ac	1	10.364491	0.972131735220312	15.442938	0.974680091647314	6.204734	0.934257080066709	0	1.191509	0	0.242475	1	5.582067	0.162768815567712	0.0007656374265886	0.0039381961911606	False
chr17	28864868	28866626	DHRS13|chr17:28864868-28866626:.	-0.196524564458	chr17	28903071	28903072	DHRS13	ENSG00000167536	True	0.0035971537005658	0.3	0.46	0.61	0.74	1.0	True	K562	Morris et al., 2023	True	Morris	37323	False	High H3K27ac	1	66.102621	0.999703860721021	68.560962	0.999477859692327	34.018669	0.998636200688913	0	2.816293	0	1.004409	1	13.028718	0.949026775646287	0.0473221277181848	0.0025417211557928	True
chr17	42312155	42313479	STAT5A|chr17:42312155-42313479:.	-0.159175067229984	chr17	42287547	42287548	STAT5A	ENSG00000126561	True	0.0307712956813058	0.23	0.45	0.68	0.92	1.0	True	K562	Xie et al., 2019	True	Xie	24761	False	High H3K27ac	1	21.812324	0.993368038778659	32.673634	0.994833148895712	47.784413	0.999625929331816	1	6.499138	0	0.33197	1	2.469591	0.983478427649424	0.0832038478276701	0.0013977514433302	False
chr17	42319595	42320668	STAT5A|chr17:42319595-42320668:.	-0.363769046897482	chr17	42287547	42287548	STAT5A	ENSG00000126561	True	1.9247167117900402e-17	0.37	0.53	0.88	0.98	1.0	True	K562	Xie et al., 2019	True	Xie	32075	False	High H3K27ac	1	87.69998	0.999922068610795	101.089968	0.999875309777272	25.169795	0.996103430539753	0	1.191509	0	0.493957	1	3.846331	0.976580932769653	0.0582865831026262	0.0013977514433302	False
chr17	42319595	42320668	STAT5B|chr17:42319595-42320668:.	-0.165687076794751	chr17	42276707	42276708	STAT5B	ENSG00000173757	True	0.0312749466443265	0.19	0.39	0.74	0.95	1.0	True	K562	Xie et al., 2019	True	Xie	43724	False	High H3K27ac	1	87.69998	0.999922068610795	101.089968	0.999875309777272	25.169795	0.996103430539753	0	1.191509	0	0.493957	1	3.846331	0.964580477802222	0.0380649899094595	0.0013977514433302	False
chr17	42456391	42457323	ATP6V0A1|chr17:42456391-42457323:.	-0.248808471353763	chr17	42458844	42458845	ATP6V0A1	ENSG00000033627	True	1.59407045302278e-05	0.19	0.44	0.75	0.9	1.0	True	K562	Xie et al., 2019	True	Xie	1985	False	High H3K27ac	1	15.377502	0.9858164871647	17.949815	0.980532738976605	4.60324	0.902624729188422	0	0.974871	0	0.328537	1	3.188042	0.998604199538779	1.0	0.0013977514433302	False
chr17	78257711	78258455	SOCS3|chr17:78257711-78258455:.	-0.501742470937407	chr17	78360077	78360078	SOCS3	ENSG00000184557	True	2.16040375877095e-06	0.06	0.12	0.18	0.32	0.97	True	K562	Morris et al., 2023	True	Morris	101995	False	High H3K27ac	1	9.679442	0.969154756152683	14.041711	0.970588693714054	2.463035	0.798765566794994	0	0.541595	0	0.08887	1	3.94671	0.823695623053984	0.0118749439311502	0.0025417211557928	True
chr18	9802941	9805250	VAPA|chr18:9802941-9805250:.	-0.0832182444709833	chr18	9914002	9914003	VAPA	ENSG00000101558	True	0.0861279011119036	0.45	0.93	0.97	0.99	1.0	True	K562	Xie et al., 2019	True	Xie	109861	True	High H3K27ac	1	85.654872	0.999906482332954	89.350715	0.999797378388067	22.47953	0.99448245764429	0	2.274698	0	0.994972	1	14.28666	0.884667879489756	0.0107216081691217	0.0013977514433302	False
chr18	9889157	9889957	VAPA|chr18:9889157-9889957:.	-0.0780906355755916	chr18	9914002	9914003	VAPA	ENSG00000101558	True	0.0403396460795299	0.69	0.94	0.99	1.0	1.0	True	K562	Xie et al., 2019	True	Xie	24399	True	H3K27ac	1	1.864957	0.827171558160196	2.617165	0.828410667248554	4.587186	0.902172727131034	0	0.866552	0	0.109498	1	2.848094	0.983804326047425	0.0849062484657381	0.0013977514433302	False
chr18	9898666	9899734	VAPA|chr18:9898666-9899734:.	-0.0656552936412801	chr18	9914002	9914003	VAPA	ENSG00000101558	True	0.0737365558291026	0.58	0.9	0.98	1.0	1.0	True	K562	Xie et al., 2019	True	Xie	14756	True	High H3K27ac	1	33.081966	0.997584126934647	34.513342	0.995472186287193	9.592851	0.965702395610904	0	0.541595	0	0.848974	1	4.700363	0.99182349371063	0.169549520394209	0.0013977514433302	False
chr19	10934951	10936375	MRPL4|chr19:10934951-10936375:.	-0.132936707066831	chr19	10251901	10251902	MRPL4	ENSG00000105364	True	0.0974105263157895	0.22	0.35	0.55	0.62	0.98	True	K562	Klann et al., 2021	True	Klann	683699	True	H3K27ac	1	2.823782	0.876813853083745	2.863733	0.840544584547764	4.394314	0.896413597468789	0	1.191509	0	0.517393	1	6.269487	0.647969221893	0.000867541974897	0.0004713209611581	False
chr19	14355708	14356714	ADGRE2|chr19:14355708-14356714:.	-0.395547076256915	chr19	14778541	14778542	ADGRE2	ENSG00000127507	True	6.45737665103253e-05	0.13	0.19	0.37	0.4	0.95	True	K562	Klann et al., 2021	True	Klann	422329	False	H3K27ac	1	3.181381	0.888503561464487	3.221332	0.85404230115806	5.746299	0.927001667731729	0	0.324957	0	0.191546	1	2.141054	0.781191418862269	0.0016827122979919	0.0004713209611581	False
chr19	14355708	14356714	DDX39A|chr19:14355708-14356714:.	-0.118423586210439	chr19	14419383	14419384	DDX39A	ENSG00000123136	True	0.0064641353518569	0.36	0.52	0.78	0.75	1.0	True	K562	Klann et al., 2021	True	Klann	63171	True	H3K27ac	1	3.181381	0.888503561464487	3.221332	0.85404230115806	5.746299	0.927001667731729	0	0.324957	0	0.191546	1	2.141054	0.979875629752348	0.0229490869998356	0.0004713209611581	False
chr19	32686989	32688162	PDCD5|chr19:32686989-32688162:.	-0.151377115857257	chr19	32581068	32581069	PDCD5	ENSG00000105185	True	0.0496549589765275	0.12	0.25	0.43	0.45	0.98	True	K562	Klann et al., 2021	True	Klann	106387	True	H3K27ac	1	1.789956	0.822573606197104	2.027701	0.794253339360027	4.430923	0.897660499696068	0	0.216638	0	0.326783	1	2.360953	0.959637987728407	0.0112060195536461	0.0004713209611581	False
chr19	38636860	38637359	EIF3K|chr19:38636860-38637359	-0.056451683144317	chr19	38619082	38619083	EIF3K	ENSG00000178982	True	2.38691324721831e-08	0.55	0.93	1.0	1.0	1.0	True	K562	Ray et al., 2025	True	K562_DC_TAP	18035	True	H3K27ac	1	1.989711	0.835728424694899	3.17942	0.852335603734472	13.997576	0.982769369846787	1	12.998275	0	0.256786	1	1.744045	0.970300064244965	0.128661288994358	0.0039381961911606	False
chr19	44909661	44910762	APOC1|chr19:44909661-44910762:.	-0.285894580172925	chr19	44914247	44914248	APOC1	ENSG00000130208	True	9.66414051387706e-05	0.25	0.42	0.68	0.79	1.0	True	K562	Morris et al., 2023	True	Morris	4034	False	H3K27ac	1	1.626231	0.808117333499587	2.024761	0.79366106080207	3.633234	0.869153197524899	0	0.541595	0	0.111995	1	2.299624	0.997464722811872	1.0	0.0025417211557928	True
chr19	44909661	44910762	APOE|chr19:44909661-44910762:.	-0.40668679026434	chr19	44905754	44905755	APOE	ENSG00000130203	True	0.0002723899749391	0.13	0.22	0.36	0.48	0.98	True	K562	Morris et al., 2023	True	Morris	4462	False	H3K27ac	1	1.626231	0.808117333499587	2.024761	0.79366106080207	3.633234	0.869153197524899	0	0.541595	0	0.111995	1	2.299624	0.997114485090087	0.878313597616093	0.0025417211557928	True
chr19	44909661	44910762	NECTIN2|chr19:44909661-44910762:.	-0.178432028008577	chr19	44846175	44846176	NECTIN2	ENSG00000130202	True	0.019742356434413	0.2	0.42	0.59	0.74	0.99	True	K562	Morris et al., 2023	True	Morris	64075	False	H3K27ac	1	1.626231	0.808117333499587	2.024761	0.79366106080207	3.633234	0.869153197524899	0	0.541595	0	0.111995	1	2.299624	0.898520798948678	0.0225049990534787	0.0025417211557928	True
chr2	38643254	38644249	GALM|chr2:38643254-38644249:.	-0.585814814632441	chr2	38665910	38665911	GALM	ENSG00000143891	True	3.98389186088632e-30	0.23	0.43	0.74	0.91	1.0	True	K562	Xie et al., 2019	True	Xie	22157	False	High H3K27ac	1	27.999092	0.996251500179242	30.384392	0.993905765364173	11.34088	0.974157951339641	0	0.433276	0	0.242045	1	3.181082	0.985786398639454	0.0969412555313645	0.0013977514433302	False
chr2	38652294	38652945	GALM|chr2:38652294-38652945:.	-0.162473420134833	chr2	38665910	38665911	GALM	ENSG00000143891	True	0.05440311982502	0.27	0.5	0.76	0.9	1.0	True	K562	Xie et al., 2019	True	Xie	13289	False	H3K27ac	1	3.258342	0.890825916862794	4.605896	0.891277918920183	4.162376	0.889119219439206	0	0.216638	0	0.111682	1	2.247064	0.992912330947409	0.195811152211592	0.0013977514433302	False
chr2	47336014	47337614	EPCAM|chr2:47336014-47337614:.	-0.236125753829854	chr2	47345158	47345159	EPCAM	ENSG00000119888	True	0.0071843268413198	0.19	0.12	0.3	0.49	0.92	True	K562	Klann et al., 2021	True	Klann	32332	False	High H3K27ac	1	18.917699	0.990889820601942	20.383145	0.98485793107748	8.693342	0.959818575725931	0	1.516465	0	0.402472	1	9.316969	0.991890791531186	0.0576503764857259	0.0004713209611581	False
chr2	62296004	62298086	B3GNT2|chr2:62296004-62298086:.	-0.431723403560339	chr2	62196113	62196114	B3GNT2	ENSG00000170340	True	3.28340695090155e-13	0.24	0.4	0.62	0.79	1.0	True	K562	Morris et al., 2023	True	Morris	100918	False	High H3K27ac	1	51.683977	0.99936875574744	54.175408	0.998799856606244	20.972223	0.993391418195421	1	14.189784	0	0.659377	1	5.647141	0.825805673793276	0.012049575880923	0.0025417211557928	True
chr3	14232088	14233010	XPC|chr3:14232088-14233010:.	-0.241034771762068	chr3	14178783	14178784	XPC	ENSG00000154767	True	0.0282243532114859	0.05	0.17	0.3	0.44	0.94	True	K562	Klann et al., 2021	True	Klann	53876	False	High H3K27ac	1	34.9501	0.997919231908228	42.687624	0.997654265184931	59.59235	0.99983634408267	1	8.773836	0	0.434527	1	6.511141	0.983767553320804	0.0285644104028728	0.0004713209611581	False
chr3	138877047	138877842	PIK3CB|chr3:138877047-138877842:.	-0.212587708853832	chr3	138834938	138834939	PIK3CB	ENSG00000051382	True	0.001766835860229	0.23	0.46	0.63	0.73	1.0	True	K562	Morris et al., 2023	True	Morris	118084	False	High H3K27ac	1	16.393921	0.987624495394255	18.450792	0.98156143331411	1.995447	0.749653205318038	0	1.191509	0	0.253666	1	4.184866	0.792515346992781	0.0097084434658018	0.0025417211557928	True
chr3	196194473	196194973	LINC00885|chr3:196194473-196194973:.	-0.504513571705543	chr3	196142636	196142637	LINC00885	ENSG00000224652	True	0.019742356434413	0.04	0.05	0.14	0.2	0.67	True	K562	Morris et al., 2023	True	Morris	52087	False	H3K27ac	1	2.861772	0.87799841019966	4.293149	0.885012235228105	0.873989	0.49448245764429	0	0.541595	0	0.311966	1	3.768646	0.921706446417113	0.0299222690385216	0.0025417211557928	True
chr3	196194473	196194973	TFRC|chr3:196194473-196194973:.	-0.102857443575085	chr3	196082189	196082190	TFRC	ENSG00000072274	True	0.0679738951247624	0.45	0.62	0.76	0.83	0.99	True	K562	Morris et al., 2023	True	Morris	112561	False	H3K27ac	1	2.861772	0.87799841019966	4.293149	0.885012235228105	0.873989	0.49448245764429	0	0.541595	0	0.311966	1	3.768646	0.80313897551326	0.0103695250516253	0.0025417211557928	True
chr4	5003097	5003889	STX18|chr4:5003097-5003889:.	-0.335485705353269	chr4	4542346	4542347	STX18	ENSG00000168818	True	0.079084727172223	0.06	0.07	0.21	0.24	0.83	True	K562	Klann et al., 2021	True	Klann	461426	True	High H3K27ac	1	4.654669	0.922201094156705	5.447808	0.906653782010318	13.741629	0.982060194205022	0	1.516465	0	0.189556	1	4.470416	0.759668562526585	0.0014898080784426	0.0004713209611581	False
chr4	55670441	55671441	NMU|chr4:55670441-55671441:.	-0.21208134961071	chr4	55636697	55636698	NMU	ENSG00000109255	True	0.0	0.0	0.0	0.0	0.0	0.0	True	K562	Reilly et al., 2021	True	Reilly	34642	False	H3K27ac	1	2.374518	0.856177621222276	2.493391	0.822300846334887	1.9124	0.739311709970542	0	0.324957	0	0.36297	1	3.403327	0.953763707430625	0.0524307044983446	0.0025417211557928	True
chr5	54325410	54326414	ARL15|chr5:54325410-54326414:.	-0.565012216729002	chr5	54310582	54310583	ARL15	ENSG00000185305	True	1.0888555074802599e-11	0.05	0.16	0.26	0.58	1.0	True	K562	Xie et al., 2019	True	Xie	15338	False	High H3K27ac	1	25.111598	0.995144874452532	31.130246	0.994217490920993	15.36446	0.985598279274926	0	0.758233	0	0.281665	1	4.814306	0.991380582208877	0.160765340914223	0.0013977514433302	False
chr5	89054814	89055614	MEF2C|chr5:89054814-89055614:.	-0.473972034338037	chr5	88904256	88904257	MEF2C	ENSG00000081189	True	0.0	0.0	0.0	0.0	0.0	0.0	True	K562	Reilly et al., 2021	True	Reilly	231286	False	H3K27ac	1	2.887021	0.878419239701367	4.152712	0.881513115852803	3.497733	0.86316806683396	0	0.758233	0	0.374903	1	2.532248	0.602438935293325	0.0038515637542075	0.0025417211557928	True
chr5	177390358	177390920	RGS14|chr5:177390358-177390920:.	-0.13041993710912	chr5	177357837	177357838	RGS14	ENSG00000169220	True	0.0940810228059697	0.33	0.55	0.7	0.83	1.0	True	K562	Morris et al., 2023	True	Morris	32796	False	H3K27ac	0	0.79608	0.682788073380196	0.954904	0.651381723530604	6.425116	0.937374335634907	1	20.039008	0	0.196733	1	1.483111	0.956973495091308	0.0565316607325753	0.0025417211557928	True
chr6	15299497	15299997	GMPR|chr6:15299497-15299997:.	-0.256643288883841	chr6	16238580	16238581	GMPR	ENSG00000137198	True	0.0423802316995987	0.03	0.1	0.27	0.34	0.87	True	K562	Klann et al., 2021	True	Klann	938831	False	High H3K27ac	1	12.445866	0.97903645630387	23.606437	0.98895712214966	16.664933	0.988092083729484	0	0.866552	0	0.283849	1	2.710148	0.543393516641698	0.0005609047700482	0.0004713209611581	False
chr6	16215105	16216155	GMPR|chr6:16215105-16216155:.	-0.449791504192218	chr6	16238580	16238581	GMPR	ENSG00000137198	True	1.5624538279611301e-10	0.12	0.19	0.22	0.35	0.9	True	K562	Klann et al., 2021	True	Klann	22948	False	High H3K27ac	1	24.506687	0.994903287145997	27.210616	0.992160102245983	17.180424	0.989019467261023	0	1.191509	0	0.246489	1	4.321237	0.994923690161914	0.0923758408928965	0.0004713209611581	False
chr6	42229413	42230186	MRPS10|chr6:42229413-42230186:.	-0.135722482581351	chr6	42217865	42217866	MRPS10	ENSG00000048544	True	3.75016247266111e-07	0.53	0.75	0.92	1.0	1.0	True	K562	Morris et al., 2023	True	Morris	11903	True	H3K27ac	0	0.951964	0.716602503156221	1.150739	0.691485216415468	1.102579	0.577198834146418	0	0.866552	0	0.600689	1	4.106609	0.988967178450265	0.227836441341912	0.0025417211557928	True
chr6	109239716	109240856	CD164|chr6:109239716-109240856:.	-0.0875269596622124	chr6	109382812	109382813	CD164	ENSG00000135535	True	0.0410251989019576	0.51	0.69	0.92	0.96	1.0	True	K562	Morris et al., 2023	True	Morris	142525	False	H3K27ac	1	4.084572	0.911158216306364	4.362269	0.886243551177543	2.314721	0.784924952072196	0	0.324957	0	0.427586	1	5.714121	0.746766931098213	0.0074953611526739	0.0025417211557928	True
chr6	119137438	119137937	MAN1A1|chr6:119137438-119137937	-0.182299656769624	chr6	119349760	119349761	MAN1A1	ENSG00000111885	True	0.0585895858458569	0.12	0.3	0.51	0.81	1.0	True	K562	Ray et al., 2025	True	K562_DC_TAP	212078	False	High H3K27ac	1	9.06767	0.965733568166586	13.279937	0.967915647064325	4.163108	0.88918156455057	0	0.433276	0	0.240291	1	3.832835	0.524228742651333	0.0043393029858746	0.0039381961911606	False
chr6	135306217	135307427	MYB|chr6:135306217-135307427:.	-0.176331241009437	chr6	135181315	135181316	MYB	ENSG00000118513	True	0.0019798182463854	0.29	0.62	0.87	0.94	1.0	True	K562	Xie et al., 2019	True	Xie	125507	False	High H3K27ac	1	5.982618	0.941216353122711	6.259335	0.918016178556399	6.963145	0.944255677301703	0	0.324957	0	0.365348	1	5.602114	0.864629925051992	0.0089276579491601	0.0013977514433302	False
chr6	135320956	135321739	MYB|chr6:135320956-135321739:.	-0.191964238967193	chr6	135181315	135181316	MYB	ENSG00000118513	True	0.0183918284358192	0.12	0.22	0.48	0.83	1.0	True	K562	Xie et al., 2019	True	Xie	140032	False	High H3K27ac	1	10.368412	0.972162907775994	15.810339	0.975716579123739	12.977991	0.979769011362397	0	0.541595	0	0.116245	1	2.599935	0.846015740776697	0.0076794844402629	0.0013977514433302	False
chr6	139517787	139519177	CITED2|chr6:139517787-139519177:.	-0.169939015153359	chr6	139374620	139374621	CITED2	ENSG00000164442	True	0.0655050795022723	0.22	0.46	0.73	0.88	1.0	True	K562	Morris et al., 2023	True	Morris	143831	False	High H3K27ac	1	8.424533	0.962070792873954	10.920865	0.957059804548076	11.5166	0.974765816175439	0	0.433276	0	0.759244	1	5.746368	0.744387383406584	0.0074019239962608	0.0025417211557928	True
chr6	146875908	146877348	STXBP5|chr6:146875908-146877348:.	-0.271377627038249	chr6	147204425	147204426	STXBP5	ENSG00000164506	True	7.28113267393469e-05	0.15	0.33	0.64	0.77	1.0	True	K562	Xie et al., 2019	True	Xie	327728	False	High H3K27ac	1	38.830759	0.998542683021867	42.90749	0.997677644601693	32.790786	0.99842578593806	0	0.541595	0	0.563523	1	7.34606	0.630486316999178	0.002384927000345	0.0013977514433302	False
chr6	147161822	147162440	STXBP5|chr6:147161822-147162440:.	-0.199895265478859	chr6	147204425	147204426	STXBP5	ENSG00000164506	True	0.0223626825542848	0.15	0.35	0.64	0.81	1.0	True	K562	Xie et al., 2019	True	Xie	42225	False	High H3K27ac	1	4.831879	0.924842968250752	9.074295	0.946032512975576	10.595804	0.970799108464908	0	0.216638	0	0.171424	1	2.039213	0.966183499809891	0.0399356637673632	0.0013977514433302	False
chr7	101138234	101138832	AP1S1|chr7:101138234-101138832	-0.0547894382938776	chr7	101154397	101154398	AP1S1	ENSG00000106367	True	7.0964511953508e-05	0.81	1.0	1.0	1.0	1.0	True	K562	Ray et al., 2025	True	K562_DC_TAP	15870	True	High H3K27ac	1	21.643935	0.993212176000249	26.769194	0.991840583550242	18.082394	0.990297542043984	1	16.464482	0	0.283849	1	1.704423	0.974969992442679	0.153400797100861	0.0039381961911606	False
chr7	150317641	150318432	LRRC61|chr7:150317641-150318432:.	-0.188601164564467	chr7	150322639	150322640	LRRC61	ENSG00000127399	True	0.030679599247566	0.12	0.26	0.43	0.8	1.0	True	K562	Xie et al., 2019	True	Xie	5169	False	High H3K27ac	1	12.527492	0.979309216166087	14.663284	0.972381115665768	7.870709	0.953124269393226	0	1.08319	0	0.460148	1	4.889476	0.998055619745416	0.717469579180237	0.0013977514433302	False
chr7	150320779	150321279	LRRC61|chr7:150320779-150321279:.	-0.326982314893233	chr7	150322639	150322640	LRRC61	ENSG00000127399	True	1.3060678207765e-06	0.07	0.21	0.44	0.7	1.0	True	K562	Xie et al., 2019	True	Xie	2176	False	High H3K27ac	1	13.578961	0.981857572593089	16.000292	0.976215340014651	8.154631	0.955758350348353	0	1.191509	0	0.473641	1	7.41222	0.998604199538779	1.0	0.0013977514433302	False
chr8	128044629	128045447	MYC|chr8:128044629-128045447:.	-0.142722267788483	chr8	127735434	127735435	MYC	ENSG00000136997	True	0.0002766432092707	0.37	0.77	0.94	0.99	1.0	True	K562	Xie et al., 2019	True	Xie	308969	False	High H3K27ac	1	8.363018	0.961657756511168	14.384607	0.971586215495877	19.182353	0.991676927632912	0	1.08319	0	0.427899	1	2.22107	0.649163538865449	0.0025863026621357	0.0013977514433302	False
chr8	129581954	129582453	CCDC26|chr8:129581954-129582453	-0.543775542970947	chr8	129680238	129680239	CCDC26	ENSG00000229140	True	0.0028422132517971	0.01	0.02	0.02	0.11	0.83	True	K562	Ray et al., 2025	True	K562_DC_TAP	7184	False	High H3K27ac	1	14.410092	0.983829236739974	26.912335	0.991941894356209	15.630861	0.986159385277202	0	0.758233	0	0.235728	1	2.054092	0.991442140444987	0.456246522411014	0.0039381961911606	False
chr9	4852343	4852926	JAK2|chr9:4852343-4852926:.	-0.253001659842444	chr9	4984390	4984391	JAK2	ENSG00000096968	True	0.0061744450434979	0.15	0.33	0.45	0.67	1.0	True	K562	Morris et al., 2023	True	Morris	132594	False	H3K27ac	1	1.785055	0.821147461774654	3.366433	0.858648046260073	16.055096	0.986993251141695	0	0.649914	0	0.18792	1	2.155602	0.765086281348119	0.0082780860924992	0.0025417211557928	True
chr9	129742911	129743411	DOLPP1|chr9:129742911-129743411:.	-0.464084995194933	chr9	129081100	129081101	DOLPP1	ENSG00000167130	True	0.0578755465495538	0.03	0.04	0.04	0.14	0.63	True	K562	Klann et al., 2021	True	Klann	662057	False	H3K27ac	0	1.272552	0.772487102355087	1.392405	0.731830296606867	2.379412	0.791050359263704	0	0.541595	0	0.504211	1	3.525333	0.657992458876964	0.0009067801169948	0.0004713209611581	False
chr9	132998625	132999653	GFI1B|chr9:132998625-132999653:.	-0.472626082250608	chr9	132944000	132944001	GFI1B	ENSG00000165702	True	0.0116938472137365	0.0	0.03	0.09	0.18	0.85	True	K562	Morris et al., 2023	True	Morris	53594	False	High H3K27ac	1	6.238988	0.944123193940055	8.419632	0.940966972677255	12.794478	0.979161146526598	1	2.166379	0	0.472081	1	4.576228	0.918828651435909	0.0287713123314604	0.0025417211557928	True
chr9	136644329	136647072	EGFL7|chr9:136644329-136647072:.	-0.118953237980856	chr9	136658856	136658857	EGFL7	ENSG00000172889	True	0.0020682752509263	0.38	0.71	0.84	0.91	1.0	True	K562	Morris et al., 2023	True	Morris	17225	False	High H3K27ac	1	27.229003	0.995885222649979	27.984152	0.992627690581212	21.423028	0.993781075141445	1	13.864827	0	0.758426	1	6.919581	0.981792341043485	0.137054542255293	0.0025417211557928	True
chrX	66005342	66006525	MSN|chrX:66005342-66006525:.	-0.118849280751535	chrX	65588377	65588378	MSN	ENSG00000147065	True	0.013935928477512	0.34	0.72	0.91	0.98	1.0	True	K562	Xie et al., 2019	True	Xie	338289	False	High H3K27ac	1	46.187396	0.999134961579825	52.366829	0.998659580105675	9.69159	0.966333639863464	0	1.516465	0	0.712683	1	10.084533	0.620267980104795	0.0022831376313282	0.0013977514433302	False
chr1	26275464	26275963	SH3BGRL3|chr1:26275464-26275963	-0.0603432530117338	chr1	26279176	26279177	SH3BGRL3	ENSG00000142669	True	7.07114190148995e-07	0.79	0.97	1.0	1.0	1.0	True	WTC11	Ray et al., 2025	True	WTC11_DC_TAP	4007	False	H3K27ac	1	1.307612	0.896807002542697	1.573472	0.88304343586628	6.29093	0.950188639619571	1	2.563198	0	0.194394	1	1.445072	0.99537350935269	1.0	0.004647994550627	False
chr12	6925492	6926215	ENO2|chr12:6925492-6926215	-0.0642335031482831	chr12	6913745	6913746	ENO2	ENSG00000111674	True	5.868714139570401e-10	0.96	1.0	1.0	1.0	1.0	True	WTC11	Ray et al., 2025	True	WTC11_DC_TAP	11403	False	High H3K27ac	1	2.835399	0.973380436983866	4.29139	0.980430983401214	4.519758	0.909460483187447	0	0.332818	0	0.090072	1	1.148759	0.981131435870319	0.241687366141482	0.004647994550627	False
chr12	7960577	7961076	SLC2A3|chr12:7960577-7961076	-0.068898209867982	chr12	7936274	7936275	SLC2A3	ENSG00000059804	True	9.38875509398838e-09	0.69	0.99	1.0	1.0	1.0	True	WTC11	Ray et al., 2025	True	WTC11_DC_TAP	24529	False	High H3K27ac	1	4.514374	0.990339251291975	7.006182	0.994127044845976	6.697072	0.956504129070003	0	0.445427	0	0.20351	1	0.918413	0.947737768923522	0.0842880201370243	0.004647994550627	False
chr12	7995135	7995634	SLC2A3|chr12:7995135-7995634	-0.11244342880495	chr12	7936274	7936275	SLC2A3	ENSG00000059804	True	3.3171613357119e-17	0.6	0.89	1.0	1.0	1.0	True	WTC11	Ray et al., 2025	True	WTC11_DC_TAP	59087	False	High H3K27ac	0	2.7086	0.97089024399391	3.607402	0.972187844557953	3.08067	0.846238083451467	1	2.595331	0	0.057004	0	2.168635	0.844060439288475	0.0251583902398589	0.004647994550627	False
chr16	31130796	31131295	PRSS8|chr16:31130796-31131295	-0.147263532990857	chr16	31135761	31135762	PRSS8	ENSG00000052344	True	3.0404007042318998e-27	0.8	0.98	1.0	1.0	1.0	True	WTC11	Ray et al., 2025	True	WTC11_DC_TAP	4716	False	High H3K27ac	1	1.470164	0.914380864517	2.254077	0.934002385184852	3.390897	0.863571926824329	0	0.252635	0	0.090072	1	1.105641	0.994321814943255	0.813922464879076	0.004647994550627	False
chr16	31142145	31142644	PRSS8|chr16:31142145-31142644	-0.0855404611233699	chr16	31135761	31135762	PRSS8	ENSG00000052344	True	6.217948914435919e-11	0.74	0.98	1.0	1.0	1.0	True	WTC11	Ray et al., 2025	True	WTC11_DC_TAP	6631	False	H3K27ac	1	0.491901	0.619428005670439	0.816106	0.700074255754821	26.913521	0.9992424412892	1	3.209379	0	0.098903	1	0.377271	0.990957671291297	0.509378281241942	0.004647994550627	False
chr17	7560303	7560802	GPS2|chr17:7560303-7560802	-0.0768208825595121	chr17	7315563	7315564	GPS2	ENSG00000132522	True	0.0185188018492098	0.55	0.91	0.98	1.0	1.0	True	WTC11	Ray et al., 2025	True	WTC11_DC_TAP	245212	True	High H3K27ac	1	2.918421	0.974813048011221	3.699564	0.973357935239981	6.296239	0.950286147176406	1	2.253079	0	0.104607	1	2.034276	0.433308714696929	0.0035539924415344	0.004647994550627	False
chr17	7656888	7657387	SAT2|chr17:7656888-7657387	-0.0639425688358021	chr17	7627875	7627876	SAT2	ENSG00000141504	True	0.0011792443128479	0.75	0.97	1.0	1.0	1.0	True	WTC11	Ray et al., 2025	True	WTC11_DC_TAP	29260	True	High H3K27ac	1	3.356615	0.981098535136473	4.836384	0.984811322877523	8.724692	0.976313164270231	0	0.37114	0	0.083231	1	1.444759	0.934334411718642	0.0661348107554297	0.004647994550627	False
chr17	7656888	7657387	TP53|chr17:7656888-7657387	-0.0547020159962278	chr17	7687549	7687550	TP53	ENSG00000141510	True	1.4829189192479e-06	0.74	0.99	1.0	1.0	1.0	True	WTC11	Ray et al., 2025	True	WTC11_DC_TAP	30412	True	High H3K27ac	1	3.356615	0.981098535136473	4.836384	0.984811322877523	8.724692	0.976313164270231	0	0.37114	0	0.083231	1	1.444759	0.931000036068273	0.0627142805257208	0.004647994550627	False
chr19	13163675	13164174	IER2|chr19:13163675-13164174	-0.0734529378227823	chr19	13150415	13150416	IER2	ENSG00000160888	True	2.2552703131959e-09	0.82	0.97	1.0	1.0	1.0	True	WTC11	Ray et al., 2025	True	WTC11_DC_TAP	13456	False	High H3K27ac	1	1.97789	0.948080976275661	3.376327	0.968130030077331	5.722922	0.939935344989237	0	0.17599	0	0.049594	1	0.369785	0.97642106520953	0.192476879491844	0.004647994550627	False
chr2	70086003	70086502	PCBP1|chr2:70086003-70086502	-0.0833123025391674	chr2	70087454	70087455	PCBP1	ENSG00000169564	True	8.268454187126e-30	0.87	0.98	1.0	1.0	1.0	True	WTC11	Ray et al., 2025	True	WTC11_DC_TAP	1199	False	High H3K27ac	1	4.261105	0.98883163445167	6.616907	0.993151969277619	2.807571	0.826781575572107	0	0.434521	0	0.068695	1	0.372209	0.99537350935269	1.0	0.004647994550627	False
chr2	70089350	70089849	PCBP1|chr2:70089350-70089849	-0.187218547476273	chr2	70087454	70087455	PCBP1	ENSG00000169564	True	3.86705882352941e-248	0.82	0.99	1.0	1.0	1.0	True	WTC11	Ray et al., 2025	True	WTC11_DC_TAP	2146	False	High H3K27ac	1	1.343871	0.901382357132678	2.334112	0.937932689783458	2.46137	0.798204360837965	0	0.294495	0	0.106313	1	0.409814	0.99537350935269	1.0	0.004647994550627	False
chr20	49888429	49888928	CEBPB|chr20:49888429-49888928	-0.153899068049603	chr20	50190734	50190735	CEBPB	ENSG00000172216	True	0.088305776634806	0.09	0.45	0.71	0.94	1.0	True	WTC11	Ray et al., 2025	True	WTC11_DC_TAP	301903	False	H3K27ac	1	0.952399	0.834244653960682	1.12416	0.805127397373297	5.799917	0.9412029432281	1	3.359132	0	0.075252	1	1.49294	0.364846465519798	0.0026699125353043	0.004647994550627	False
chr20	50192730	50193229	CEBPB|chr20:50192730-50193229	-0.295602214833543	chr20	50190734	50190735	CEBPB	ENSG00000172216	True	1.01777522076014e-06	0.1	0.4	0.77	0.93	1.0	True	WTC11	Ray et al., 2025	True	WTC11_DC_TAP	2396	False	H3K27ac	1	0.862474	0.809522738012196	1.014127	0.775432596026192	1.233687	0.569301620875618	0	0.330459	0	0.182418	1	1.470892	0.99537350935269	1.0	0.004647994550627	False
chr6	34235438	34235937	HMGA1|chr6:34235438-34235937	-0.232201554255803	chr6	34236873	34236874	HMGA1	ENSG00000137309	True	3.86705882352941e-248	0.76	1.0	1.0	1.0	1.0	True	WTC11	Ray et al., 2025	True	WTC11_DC_TAP	1111	False	H3K27ac	1	0.160861	0.18917966142376	0.930818	0.747387922563999	10.718156	0.985711392632929	0	0.258531	0	0.028502	0	0.006724	0.99537350935269	1.0	0.004647994550627	False
