locus_id	gene	chr	tss	locus_pos	distance_to_lead	within_1mb	abc_score	eqtl_score	distance_score
1p13_SORT1_LDL	AHCYL1	1	109984765	109274968	709797	True	1.055124	8.204635883364132	0.12348773828502699
1p13_SORT1_LDL	AKNAD1	1	108963484	109274968	311484	True	0.264005	13.624815745878903	0.2430228149818705
1p13_SORT1_LDL	ALX3	1	110070672	109274968	795704	True	0.584097	9.182283281721904	0.11164402525834428
1p13_SORT1_LDL	AMIGO1	1	109509738	109274968	234770	True	0.896218	157.66288831334327	0.29871254891417987
1p13_SORT1_LDL	AMPD2	1	109616104	109274968	341136	True	1.504646	7.270605159992678	0.22668746146313154
1p13_SORT1_LDL	ATXN7L2	1	109483479	109274968	208511	True	1.001406	49.40966316728469	0.3241375510111471
1p13_SORT1_LDL	C1orf194	1	109113857	109274968	161111	True	0.494646	79.25613839547914	0.3829788863739942
1p13_SORT1_LDL	CELSR2	1	109249539	109274968	25429	True	1.423372	75.65142257125738	0.7972637906704191
1p13_SORT1_LDL	CLCC1	1	108963504	109274968	311464	True	0.818357	25.49011363278209	0.24303462757373673
1p13_SORT1_LDL	CSF1	1	109910242	109274968	635274	True	0.647269	18.981108187672103	0.13600372106180825
1p13_SORT1_LDL	CYB561D1	1	109494052	109274968	219084	True	0.463564	8.630637546547753	0.3133970991964498
1p13_SORT1_LDL	ELAPOR1	1	109113679	109274968	161289	True	0.0	96.6346599250524	0.38271798659721606
1p13_SORT1_LDL	EPS8L3	1	109764027	109274968	489059	True	0.44459	46.146686984778135	0.16976228187668807
1p13_SORT1_LDL	FAM102B	1	108560089	109274968	714879	True	0.933951	17.720068545343125	0.1227176059267695
1p13_SORT1_LDL	FNDC7	1	108712908	109274968	562060	True	0.425744	8.131874792069924	0.15104371205026737
1p13_SORT1_LDL	GNAI3	1	109548615	109274968	273647	True	0.845372	5.760017701201074	0.26763228394714794
1p13_SORT1_LDL	GNAT2	1	109619929	109274968	344961	True	0.81883	0.0	0.22473879733279997
1p13_SORT1_LDL	GPR61	1	109539872	109274968	264904	True	0.343698	11.782045167450514	0.2740446802446671
1p13_SORT1_LDL	GPSM2	1	108875350	109274968	399618	True	0.542528	19.613099920937625	0.20015291682845696
1p13_SORT1_LDL	GSTM1	1	109687814	109274968	412846	True	0.931503	31.99950518628089	0.19499030898164363
1p13_SORT1_LDL	GSTM2	1	109668022	109274968	393054	True	0.267013	31.74238141469952	0.2028175412835105
1p13_SORT1_LDL	GSTM3	1	109741038	109274968	466070	True	0.352716	176.04847257961643	0.17665659724062394
1p13_SORT1_LDL	GSTM4	1	109656099	109274968	381131	True	0.464947	127.91675545355471	0.20784360184648254
1p13_SORT1_LDL	GSTM5	1	109711780	109274968	436812	True	0.110187	60.431935628608514	0.18628495637206322
1p13_SORT1_LDL	HENMT1	1	108661526	109274968	613442	True	1.634081	11.5108842224052	0.1401655635636814
1p13_SORT1_LDL	KCNC4	1	110210314	109274968	935346	True	0.59602	34.22527579022683	0.09658606881177886
1p13_SORT1_LDL	MYBPHL	1	109307011	109274968	32043	True	1.031716	62.69452609939746	0.75732905189976
1p13_SORT1_LDL	NBPF6	1	108450282	109274968	824686	True	0.0	7.285506781784169	0.1081448188898718
1p13_SORT1_LDL	PRPF38B	1	108692310	109274968	582658	True	1.415807	6.499055834219926	0.1464862346885263
1p13_SORT1_LDL	PSMA5	1	109426448	109274968	151480	True	1.815079	12.36526283551605	0.39764593605853343
1p13_SORT1_LDL	PSRC1	1	109283186	109274968	8218	True	1.02238	45.8304960261822	0.9240606923062707
1p13_SORT1_LDL	SARS1	1	109213918	109274968	61050	True	0.0	8.471497233086343	0.6209251785159888
1p13_SORT1_LDL	SLC6A17	1	110150494	109274968	875526	True	0.181442	7.0663902361073365	0.10250880038051267
1p13_SORT1_LDL	SORT1	1	109397918	109274968	122950	True	1.424958	53.51055623252102	0.4485310607759588
1p13_SORT1_LDL	STRIP1	1	110031577	109274968	756609	True	1.111873	22.21388203090444	0.11673937584125314
1p13_SORT1_LDL	STXBP3	1	108746674	109274968	528294	True	1.320622	22.584996586528845	0.1591611570379472
1p13_SORT1_LDL	SYPL2	1	109466546	109274968	191578	True	0.61159	123.0504187507078	0.3429614031236925
1p13_SORT1_LDL	TAF13	1	109076003	109274968	198965	True	0.892836	41.28503854151603	0.334487314568595
1p13_SORT1_LDL	TMEM167B	1	109090764	109274968	184204	True	1.374986	35.6397834918812	0.3518599315984293
1p13_SORT1_LDL	UBL4B	1	110112443	109274968	837475	True	0.323419	5.283573425536862	0.10666951118696498
1p13_SORT1_LDL	WDR47	1	109042113	109274968	232855	True	0.681185	10.947864190698224	0.30043111865527033
19q13_APOE_LDL	AC011530.4	19	45785973	44908684	877289	True	0.0	0.0	0.10232387758380582
19q13_APOE_LDL	AC084219.2	19	44025354	44908684	883330	True	0.0	0.0	0.10169525998393215
19q13_APOE_LDL	APOC1	19	44914247	44908684	5563	True	1.087901	38.5353718700572	0.9473016113600409
19q13_APOE_LDL	APOC2	19	44946035	44908684	37351	True	0.514647	53.45939651803072	0.728061681385647
19q13_APOE_LDL	APOC4	19	44942237	44908684	33553	True	0.514647	13.350596983825335	0.748766407343901
19q13_APOE_LDL	APOC4-APOC2	19	44942238	44908684	33554	True	0.514647	0.0	0.7487608008745527
19q13_APOE_LDL	APOE	19	44905791	44908684	2893	True	1.187639	37.69998091464559	0.9718834128657927
19q13_APOE_LDL	BCAM	19	44809071	44908684	99613	True	0.77551	24.151209447582467	0.5009693757420609
19q13_APOE_LDL	BCL3	19	44747705	44908684	160979	True	3.162468	5.947494588180746	0.3831725924308086
19q13_APOE_LDL	BLOC1S3	19	45178784	44908684	270100	True	2.771184	24.590968508290587	0.2701972439881113
19q13_APOE_LDL	CBLC	19	44777869	44908684	130815	True	0.564244	12.52977332181807	0.433247405931157
19q13_APOE_LDL	CEACAM16	19	44699151	44908684	209533	True	0.764681	11.054371415198942	0.32306733046234165
19q13_APOE_LDL	CEACAM19	19	44662278	44908684	246406	True	0.303486	52.1604741891444	0.2886786025646207
19q13_APOE_LDL	CEACAM20	19	44529788	44908684	378896	True	0.210042	5.241458247869973	0.20881360462396847
19q13_APOE_LDL	CKM	19	45322875	44908684	414191	True	2.243008	5.831049012837142	0.19448026122588688
19q13_APOE_LDL	CLASRP	19	45039045	44908684	130361	True	0.723166	5.230840614435895	0.4341012584595483
19q13_APOE_LDL	CLPTM1	19	44954585	44908684	45901	True	1.542021	38.78202676319236	0.6853962618487879
19q13_APOE_LDL	CTC-512J12.6	19	44401608	44908684	507076	True	0.0	0.0	0.16472402137458902
19q13_APOE_LDL	DMPK	19	45782552	44908684	873868	True	2.254408	30.355494449651985	0.10268332053214603
19q13_APOE_LDL	DMWD	19	45792845	44908684	884161	True	1.056528	28.18857782833619	0.10160939114636731
19q13_APOE_LDL	EML2	19	45645602	44908684	736918	True	1.470986	29.71621498346603	0.11948601894092373
19q13_APOE_LDL	ERCC1	19	45478828	44908684	570144	True	3.073173	29.26538736527697	0.14922165982236654
19q13_APOE_LDL	ERCC2	19	45370918	44908684	462234	True	0.926386	28.386845562240733	0.17786188668774922
19q13_APOE_LDL	EXOC3L2	19	45245407	44908684	336723	True	0.160184	24.383108770715264	0.22897809366577898
19q13_APOE_LDL	FBXO46	19	45730896	44908684	822212	True	1.219151	6.868051089520034	0.10843493686917975
19q13_APOE_LDL	FOSB	19	45467995	44908684	559311	True	3.498581	5.624263247864151	0.15167348944580022
19q13_APOE_LDL	FOXA3	19	45863989	44908684	955305	True	1.924016	6.548830916061549	0.09475933497898711
19q13_APOE_LDL	GEMIN7	19	45079195	44908684	170511	True	1.85651	55.67019344557825	0.3696707342769795
19q13_APOE_LDL	GIPR	19	45668221	44908684	759537	True	1.329941	13.912843507316396	0.11634170489461187
19q13_APOE_LDL	GPR4	19	45602212	44908684	693528	True	0.629363	5.0349112396340265	0.12601949773668983
19q13_APOE_LDL	IGSF23	19	44613563	44908684	295121	True	0.690349	12.939294606764554	0.25308702903667485
19q13_APOE_LDL	IRF2BP1	19	45886141	44908684	977457	True	2.98459	7.452884002251424	0.09281112842554273
19q13_APOE_LDL	KLC3	19	45333434	44908684	424750	True	0.17465	33.739790232525046	0.19056693663649357
19q13_APOE_LDL	MARK4	19	45079288	44908684	170604	True	0.535856	111.45638634121384	0.36954368745473093
19q13_APOE_LDL	MEIOSIN	19	45733439	44908684	824755	True	0.0	6.431427523268964	0.10813674973371325
19q13_APOE_LDL	MYPOP	19	45902613	44908684	993929	True	1.042484	10.372501007489213	0.09141361093818703
19q13_APOE_LDL	NECTIN2	19	44846175	44908684	62509	True	1.789921	107.61530258453868	0.6153505344319391
19q13_APOE_LDL	NKPD1	19	45160815	44908684	252131	True	0.471269	15.518900068985849	0.28398522140907784
19q13_APOE_LDL	OPA3	19	45602212	44908684	693528	True	2.891185	16.882364182610505	0.12601949773668983
19q13_APOE_LDL	POLR1G	19	45406644	44908684	497960	True	0.0	44.72937938417604	0.16723526657301493
19q13_APOE_LDL	PPM1N	19	45488777	44908684	580093	True	1.130672	66.83244342603594	0.14703871382296244
19q13_APOE_LDL	PPP1R13L	19	45406349	44908684	497665	True	3.787995	19.777751883141068	0.16731781181765704
19q13_APOE_LDL	PPP1R37	19	45091396	44908684	182712	True	2.424185	25.886634978324484	0.3537168567305244
19q13_APOE_LDL	PVR	19	44643798	44908684	264886	True	0.893642	59.26731680698944	0.27405819899913947
19q13_APOE_LDL	QPCTL	19	45692403	44908684	783719	True	2.654201	9.04824636029619	0.11315814189804678
19q13_APOE_LDL	RELB	19	45001449	44908684	92765	True	1.268987	5.997803689930005	0.5187663735636656
19q13_APOE_LDL	RSPH6A	19	45815308	44908684	906624	True	1.315167	13.291380270809434	0.09934195886448167
19q13_APOE_LDL	RTN2	19	45497055	44908684	588371	True	1.130672	18.573532658275635	0.1452705009362684
19q13_APOE_LDL	SIX5	19	45769252	44908684	860568	True	3.463651	7.816693136070398	0.10410507116622665
19q13_APOE_LDL	SNRPD2	19	45692569	44908684	783885	True	2.654201	47.81677002780474	0.11313688998003132
19q13_APOE_LDL	SYMPK	19	45863194	44908684	954510	True	1.924016	26.23594198785074	0.0948307744829352
19q13_APOE_LDL	TOMM40	19	44890569	44908684	18115	True	2.880936	5.9972854747698445	0.8466325191550608
19q13_APOE_LDL	TRAPPC6A	19	45178237	44908684	269553	True	2.771184	9.7944383835819	0.27059718091856916
19q13_APOE_LDL	VASP	19	45506579	44908684	597895	True	2.02244	8.722762214699108	0.14328803043437766
19q13_APOE_LDL	ZNF112	19	44367217	44908684	541467	True	0.337293	35.24227457901104	0.15589266478244398
19q13_APOE_LDL	ZNF155	19	43967862	44908684	940822	True	0.519605	79.01416367711097	0.09607790765375827
19q13_APOE_LDL	ZNF180	19	44500524	44908684	408160	True	0.753305	60.50809087989775	0.19678841309823678
19q13_APOE_LDL	ZNF221	19	43951223	44908684	957461	True	0.627954	8.138923422640518	0.09456613529955242
19q13_APOE_LDL	ZNF222	19	44025342	44908684	883342	True	0.413697	5.6069409925829445	0.10169401896796841
19q13_APOE_LDL	ZNF223	19	44051367	44908684	857317	True	1.355765	73.81142021616176	0.10445860671021198
19q13_APOE_LDL	ZNF224	19	44094339	44908684	814345	True	0.488484	7.219976638309721	0.1093679081747043
19q13_APOE_LDL	ZNF225	19	44112181	44908684	796503	True	0.900622	8.690305970434158	0.11154452355429934
19q13_APOE_LDL	ZNF226	19	44165073	44908684	743611	True	0.846229	14.858145909532665	0.11853804656411546
19q13_APOE_LDL	ZNF227	19	44207547	44908684	701137	True	0.627278	5.1782677418333085	0.1248225958855976
19q13_APOE_LDL	ZNF229	19	44448578	44908684	460106	True	0.540195	12.86214920312432	0.17853763394785985
19q13_APOE_LDL	ZNF230	19	44002957	44908684	905727	True	0.378029	6.317727633504686	0.09943056117614421
19q13_APOE_LDL	ZNF233	19	44259880	44908684	648804	True	0.146105	46.47936321389695	0.13354629515867972
19q13_APOE_LDL	ZNF234	19	44141554	44908684	767130	True	0.907746	41.06796277854653	0.11532296195495487
19q13_APOE_LDL	ZNF235	19	44305046	44908684	603638	True	0.556219	13.06406771652502	0.1421185325408804
19q13_APOE_LDL	ZNF284	19	44072159	44908684	836525	True	0.385794	39.3141141174624	0.10677771549077708
19q13_APOE_LDL	ZNF285	19	44401608	44908684	507076	True	0.359763	71.32242406942187	0.16472402137458902
19q13_APOE_LDL	ZNF296	19	45076587	44908684	167903	True	1.77242	8.982987540745548	0.3732694296069846
19q13_APOE_LDL	ZNF45	19	43935282	44908684	973402	True	0.662653	25.70221104737242	0.09316174182645459
10q25_TCF7L2_T2D	ACSL5	10	112374116	112998590	624474	True	1.468074	113.98221564690331	0.13803117848259563
10q25_TCF7L2_T2D	CASP7	10	113679162	112998590	680572	True	1.323213	113.83071948919846	0.1281111800064568
10q25_TCF7L2_T2D	DCLRE1A	10	113854383	112998590	855793	True	1.49859	23.828964287267738	0.10462516465385287
10q25_TCF7L2_T2D	GPAM	10	112215377	112998590	783213	True	0.624935	17.528558659189457	0.1132229711292746
10q25_TCF7L2_T2D	HABP2	10	113550837	112998590	552247	True	0.128217	4.652804685656871	0.1533161517032658
10q25_TCF7L2_T2D	NHLRC2	10	113854661	112998590	856071	True	1.49859	5.506062607527421	0.10459474244067647
10q25_TCF7L2_T2D	NRAP	10	113664070	112998590	665480	True	0.256777	21.009811264748745	0.13063698594346032
10q25_TCF7L2_T2D	PLEKHS1	10	113751262	112998590	752672	True	0.34246	9.156288951399928	0.11727839075283343
10q25_TCF7L2_T2D	TCF7L2	10	112950247	112998590	48343	True	0.771008	17.68147964361191	0.674113372386968
10q25_TCF7L2_T2D	TECTB	10	112283400	112998590	715190	True	0.241031	25.55509060074625	0.12267078840515706
10q25_TCF7L2_T2D	VTI1A	10	112446998	112998590	551592	True	0.68926	8.561337426032546	0.15347026973934608
10q25_TCF7L2_T2D	ZDHHC6	10	112447572	112998590	551018	True	0.68926	24.56924467412192	0.15360558387018486
1p32_PCSK9_LDL	ACOT11	1	54542257	55039974	497717	True	1.443451	30.79710591347513	0.16730325555404982
1p32_PCSK9_LDL	BSND	1	54998933	55039974	41041	True	0.111378	29.384777185189723	0.7090136910543743
1p32_PCSK9_LDL	CDCP2	1	54153770	55039974	886204	True	0.332089	6.0399475452827724	0.10139889921355014
1p32_PCSK9_LDL	CYB5RL	1	54200036	55039974	839938	True	0.641534	40.26825575460536	0.10638999593590215
1p32_PCSK9_LDL	DHCR24	1	54887195	55039974	152779	True	0.908613	19.56572658057822	0.39560248280118204
1p32_PCSK9_LDL	FAM151A	1	54623556	55039974	416418	True	0.141216	7.878561630817963	0.19364158491764424
1p32_PCSK9_LDL	LEXM	1	54806063	55039974	233911	True	0.324624	22.13511648723697	0.29948099942799133
1p32_PCSK9_LDL	MROH7	1	54641754	55039974	398220	True	0.183745	37.89025950866122	0.20071454377584197
1p32_PCSK9_LDL	MROH7-TTC4	1	54641786	55039974	398188	True	0.183745	0.0	0.2007274362288935
1p32_PCSK9_LDL	MRPL37	1	54184041	55039974	855933	True	0.641534	51.47831285483877	0.10460984190314594
1p32_PCSK9_LDL	PARS2	1	54764523	55039974	275451	True	0.717867	18.37023984452594	0.26634634080079694
1p32_PCSK9_LDL	PCSK9	1	55039447	55039974	527	True	0.610165	63.59422007417456	0.9947576273041072
1p32_PCSK9_LDL	RP11-446E24.4	1	54200073	55039974	839901	True	0.0	0.0	0.10639418406832209
1p32_PCSK9_LDL	SSBP3	1	54413479	55039974	626495	True	1.769416	34.427637308110214	0.13764719647072587
1p32_PCSK9_LDL	TCEANC2	1	54053584	55039974	986390	True	1.544729	57.21156858549378	0.09204797540478098
1p32_PCSK9_LDL	TMEM59	1	54053504	55039974	986470	True	1.544729	14.06839315219238	0.0920411976400637
1p32_PCSK9_LDL	TMEM61	1	54980628	55039974	59346	True	0.247184	40.66410701984488	0.627565172643179
1p32_PCSK9_LDL	TTC22	1	54801323	55039974	238651	True	0.532189	14.337013751734434	0.29528925058541095
1p32_PCSK9_LDL	TTC4	1	54715861	55039974	324113	True	0.677554	86.40037343381992	0.23578621735245087
1p32_PCSK9_LDL	USP24	1	55215364	55039974	175390	True	1.066732	28.538130965318533	0.3631213914811722
1p32_PSRC1_CAD	AHCYL1	1	109984765	109279544	705221	True	1.055124	8.204635883364132	0.12418950822196641
1p32_PSRC1_CAD	AKNAD1	1	108963484	109279544	316060	True	0.264005	13.624815745878903	0.24034994952651056
1p32_PSRC1_CAD	ALX3	1	110070672	109279544	791128	True	0.584097	9.182283281721904	0.11221732455943478
1p32_PSRC1_CAD	AMIGO1	1	109509738	109279544	230194	True	0.896218	157.66288831334327	0.30285226260925396
1p32_PSRC1_CAD	AMPD2	1	109616104	109279544	336560	True	1.504646	7.270605159992678	0.22906358805204322
1p32_PSRC1_CAD	ATXN7L2	1	109483479	109279544	203935	True	1.001406	49.40966316728469	0.32901771760409293
1p32_PSRC1_CAD	C1orf194	1	109113857	109279544	165687	True	0.494646	79.25613839547914	0.3763827360766616
1p32_PSRC1_CAD	CELSR2	1	109249539	109279544	30005	True	1.423372	75.65142257125738	0.7692011845698242
1p32_PSRC1_CAD	CLCC1	1	108963504	109279544	316040	True	0.818357	25.49011363278209	0.24036150370156714
1p32_PSRC1_CAD	CSF1	1	109910242	109279544	630698	True	0.647269	18.981108187672103	0.1368554450675929
1p32_PSRC1_CAD	CYB561D1	1	109494052	109279544	214508	True	0.463564	8.630637546547753	0.3179569359126
1p32_PSRC1_CAD	ELAPOR1	1	109113679	109279544	165865	True	0.0	96.6346599250524	0.3761307430462829
1p32_PSRC1_CAD	EPS8L3	1	109764027	109279544	484483	True	0.44459	46.146686984778135	0.1710913747705237
1p32_PSRC1_CAD	FAM102B	1	108560089	109279544	719455	True	0.933951	17.720068545343125	0.12203232636325363
1p32_PSRC1_CAD	FNDC7	1	108712908	109279544	566636	True	0.425744	8.131874792069924	0.1500069003174146
1p32_PSRC1_CAD	GNAI3	1	109548615	109279544	269071	True	0.845372	5.760017701201074	0.2709505759054491
1p32_PSRC1_CAD	GNAT2	1	109619929	109279544	340385	True	0.81883	0.0	0.22707403748992358
1p32_PSRC1_CAD	GPR61	1	109539872	109279544	260328	True	0.343698	11.782045167450514	0.2775249217379721
1p32_PSRC1_CAD	GPSM2	1	108875350	109279544	404194	True	0.542528	19.613099920937625	0.19833635465713592
1p32_PSRC1_CAD	GSTM1	1	109687814	109279544	408270	True	0.931503	31.99950518628089	0.1967458240698841
1p32_PSRC1_CAD	GSTM2	1	109668022	109279544	388478	True	0.267013	31.74238141469952	0.20471751030752663
1p32_PSRC1_CAD	GSTM3	1	109741038	109279544	461494	True	0.352716	176.04847257961643	0.17809629310375535
1p32_PSRC1_CAD	GSTM4	1	109656099	109279544	376555	True	0.464947	127.91675545355471	0.2098393679638237
1p32_PSRC1_CAD	GSTM5	1	109711780	109279544	432236	True	0.110187	60.431935628608514	0.18788657663141917
1p32_PSRC1_CAD	HENMT1	1	108661526	109279544	618018	True	1.634081	11.5108842224052	0.13927227451122395
1p32_PSRC1_CAD	KCNC4	1	110210314	109279544	930770	True	0.59602	34.22527579022683	0.09701485297399032
1p32_PSRC1_CAD	MYBPHL	1	109307011	109279544	27467	True	1.031716	62.69452609939746	0.7845167768912739
1p32_PSRC1_CAD	NBPF6	1	108450282	109279544	829262	True	0.0	7.285506781784169	0.10761227726948913
1p32_PSRC1_CAD	PRPF38B	1	108692310	109279544	587234	True	1.415807	6.499055834219926	0.14551084492327213
1p32_PSRC1_CAD	PSMA5	1	109426448	109279544	146904	True	1.815079	12.36526283551605	0.4050157146097269
1p32_PSRC1_CAD	PSRC1	1	109283186	109279544	3642	True	1.02238	45.8304960261822	0.9648598058702071
1p32_PSRC1_CAD	SARS1	1	109213918	109279544	65626	True	0.0	8.471497233086343	0.603769939502252
1p32_PSRC1_CAD	SLC6A17	1	110150494	109279544	870950	True	0.181442	7.0663902361073365	0.10299191513466192
1p32_PSRC1_CAD	SORT1	1	109397918	109279544	118374	True	1.424958	53.51055623252102	0.4579299733484755
1p32_PSRC1_CAD	STRIP1	1	110031577	109279544	752033	True	1.111873	22.21388203090444	0.11736634613917535
1p32_PSRC1_CAD	STXBP3	1	108746674	109279544	532870	True	1.320622	22.584996586528845	0.15801033387583546
1p32_PSRC1_CAD	SYPL2	1	109466546	109279544	187002	True	0.61159	123.0504187507078	0.3484296276680999
1p32_PSRC1_CAD	TAF13	1	109076003	109279544	203541	True	0.892836	41.28503854151603	0.3294447867009728
1p32_PSRC1_CAD	TMEM167B	1	109090764	109279544	188780	True	1.374986	35.6397834918812	0.3462843687235958
1p32_PSRC1_CAD	UBL4B	1	110112443	109279544	832899	True	0.323419	5.283573425536862	0.10719274005010189
1p32_PSRC1_CAD	WDR47	1	109042113	109279544	237431	True	0.681185	10.947864190698224	0.2963568848149696
6p21_CDKN1A_LDL	HDGFL1	6	22569566	21906144	663422	True	0.014986	4.608891915726264	0.13098915147847456
6p21_CDKN1A_LDL	PRL	6	22302826	21906144	396682	True	0.05911	4.898858061283712	0.20133606613487098
6p21_CDKN1A_LDL	SOX4	6	21593751	21906144	312393	True	0.898802	8.251915905894437	0.24248714211928915
11q23_ZPR1_TG	APOA1	11	116837622	116648917	188705	True	0.835614	34.550617264128974	0.3463743267349024
11q23_ZPR1_TG	APOA4	11	116823304	116648917	174387	True	0.619832	11.553059170203644	0.3644487530385914
11q23_ZPR1_TG	APOA5	11	116792420	116648917	143503	True	0.647855	4.798969039182549	0.4106725584489718
11q23_ZPR1_TG	APOC3	11	116829706	116648917	180789	True	0.790875	5.070560637379188	0.35613930745150274
11q23_ZPR1_TG	BACE1	11	117316259	116648917	667342	True	0.437863	81.93941169119638	0.13031998769779315
11q23_ZPR1_TG	BUD13	11	116772987	116648917	124070	True	0.849152	11.795945166402662	0.44628910608292055
11q23_ZPR1_TG	CEP164	11	117314557	116648917	665640	True	0.974715	32.300100731770456	0.13060968601431483
11q23_ZPR1_TG	PAFAH1B2	11	117144284	116648917	495367	True	0.705049	13.778760558472117	0.16796362579719737
11q23_ZPR1_TG	PCSK7	11	117232525	116648917	583608	True	0.758767	25.102174497953165	0.14628266491907643
11q23_ZPR1_TG	RNF214	11	117232625	116648917	583708	True	0.758767	16.913697129713807	0.14626126943080964
11q23_ZPR1_TG	SIDT2	11	117178736	116648917	529819	True	0.693171	69.96766737149649	0.15877577526241665
11q23_ZPR1_TG	SIK3	11	117098437	116648917	449520	True	1.516683	10.173553289373396	0.18197699810743923
11q23_ZPR1_TG	TAGLN	11	117199370	116648917	550453	True	1.715651	93.26829441805808	0.15373900958255246
11q23_ZPR1_TG	ZPR1	11	116788039	116648917	139122	True	0.647855	12.136407128361023	0.418196569115347
9p21_CDKN2B_CAD	CDKN2A	9	21995301	22124478	129177	True	1.197148	6.552899361363562	0.4363439612177487
9p21_CDKN2B_CAD	CDKN2B	9	22009305	22124478	115173	True	1.028094	24.55751082393674	0.4647423236186697
9p21_CDKN2B_CAD	DMRTA1	9	22446824	22124478	322346	True	0.579023	92.0597485554026	0.23677269347880647
9p21_CDKN2B_CAD	IFNA1	9	21440439	22124478	684039	True	0.0	5.09433577667133	0.12754467571128478
9p21_CDKN2B_CAD	IFNA10	9	21207143	22124478	917335	True	0.0	0.0	0.09829603817818124
9p21_CDKN2B_CAD	IFNA13	9	21368962	22124478	755516	True	0.0	0.0	0.11688852107967589
9p21_CDKN2B_CAD	IFNA14	9	21240005	22124478	884473	True	0.086086	0.0	0.10157718901381754
9p21_CDKN2B_CAD	IFNA16	9	21217311	22124478	907167	True	0.0	0.0	0.09928840003693529
9p21_CDKN2B_CAD	IFNA17	9	21228222	22124478	896256	True	0.0	0.0	0.10037580702148845
9p21_CDKN2B_CAD	IFNA2	9	21385398	22124478	739080	True	0.401115	5.057779070778233	0.11917814749487536
9p21_CDKN2B_CAD	IFNA21	9	21166660	22124478	957818	True	0.07216	0.0	0.09453422044245796
9p21_CDKN2B_CAD	IFNA4	9	21187671	22124478	936807	True	0.0	0.0	0.09644996609783692
9p21_CDKN2B_CAD	IFNA5	9	21305313	22124478	819165	True	0.101826	4.778126930573605	0.10879439491277411
9p21_CDKN2B_CAD	IFNA6	9	21351378	22124478	773100	True	0.264385	9.670484155022551	0.11453441759248655
9p21_CDKN2B_CAD	IFNA7	9	21202205	22124478	922273	True	0.0	0.0	0.09782122779335853
9p21_CDKN2B_CAD	IFNA8	9	21409117	22124478	715361	True	0.106987	0.0	0.12264506151263059
9p21_CDKN2B_CAD	IFNE	9	21482313	22124478	642165	True	0.238294	9.354174083376256	0.13474092688283604
9p21_CDKN2B_CAD	IFNW1	9	21141832	22124478	982646	True	0.116099	0.0	0.09236629516942749
9p21_CDKN2B_CAD	KLHL9	9	21335404	22124478	789074	True	0.889333	15.163095735458135	0.1124765767528912
9p21_CDKN2B_CAD	MTAP	9	21802636	22124478	321842	True	0.680256	72.15728407183353	0.23705558005129881
9p21_CDKN2B_CAD	RP11-145E5.5	9	21802636	22124478	321842	True	0.0	0.0	0.23705558005129881
2p21_GCKR_TG	ABHD1	2	27123789	27508073	384284	True	0.450196	8.359761120119519	0.20649040645571606
2p21_GCKR_TG	AGBL5	2	27042364	27508073	465709	True	2.175716	6.167477675465387	0.1767693284002906
2p21_GCKR_TG	ATRAID	2	27212027	27508073	296046	True	2.009986	34.648199829290256	0.25249592219085665
2p21_GCKR_TG	BABAM2	2	27889941	27508073	381868	True	0.0	8.761434560355958	0.20752571243577078
2p21_GCKR_TG	C2orf16	2	27537386	27508073	29313	True	0.383335	9.641389474757062	0.7733174545482665
2p21_GCKR_TG	CAD	2	27217369	27508073	290704	True	2.009986	24.73845403969391	0.25594823702854336
2p21_GCKR_TG	CCDC121	2	27629012	27508073	120939	True	1.541303	5.431611686771258	0.4526136173332911
2p21_GCKR_TG	CENPA	2	26764289	27508073	743784	True	0.813582	39.06472052140294	0.11851374285362132
2p21_GCKR_TG	CGREF1	2	27119128	27508073	388945	True	0.193988	29.61871159724708	0.20452198099990795
2p21_GCKR_TG	CIB4	2	26641366	27508073	866707	True	0.699363	18.02007758299527	0.10344395975202413
2p21_GCKR_TG	DNAJC5G	2	27275433	27508073	232640	True	0.251703	6.836168014897947	0.30062530062530063
2p21_GCKR_TG	DPYSL5	2	26847747	27508073	660326	True	0.971599	16.246925064064957	0.131522531124807
2p21_GCKR_TG	EIF2B4	2	27370457	27508073	137616	True	1.780164	4.5990132700948365	0.42084708100464613
2p21_GCKR_TG	EMILIN1	2	27078615	27508073	429458	True	1.530953	6.889285742477364	0.18887239403314332
2p21_GCKR_TG	FAM166C	2	26562585	27508073	945488	True	0.0	44.2281598053468	0.09564911314142296
2p21_GCKR_TG	FNDC4	2	27495200	27508073	12873	True	1.235058	30.5687279299108	0.885951467578606
2p21_GCKR_TG	FOSL2	2	28392448	27508073	884375	True	1.502205	6.062011459496564	0.10158730158730159
2p21_GCKR_TG	GCKR	2	27496839	27508073	11234	True	1.235058	25.35003071700481	0.899005699696136
2p21_GCKR_TG	GPN1	2	27628247	27508073	120174	True	1.541303	17.163470181257512	0.45418623452360407
2p21_GCKR_TG	GTF3C2	2	27357034	27508073	151039	True	2.421581	14.318381633085194	0.39834448033970815
2p21_GCKR_TG	IFT172	2	27489805	27508073	18268	True	0.92366	12.48992975613767	0.8455372543714277
2p21_GCKR_TG	KCNK3	2	26692690	27508073	815383	True	0.72781	8.19203765245801	0.10924389026232736
2p21_GCKR_TG	KHK	2	27086747	27508073	421326	True	1.296856	87.99035367316813	0.19181855499246153
2p21_GCKR_TG	KRTCAP3	2	27442366	27508073	65707	True	0.745062	17.579743817064145	0.6034748079441423
2p21_GCKR_TG	MAPRE3	2	26970637	27508073	537436	True	0.465285	32.74228063695679	0.15687849446846427
2p21_GCKR_TG	MPV17	2	27325680	27508073	182393	True	1.097943	9.562633180626383	0.35411642639867136
2p21_GCKR_TG	MRPL33	2	27771717	27508073	263644	True	0.835115	8.444249162176877	0.2749942251212725
2p21_GCKR_TG	NRBP1	2	27427790	27508073	80283	True	0.925113	42.518308046248094	0.5546834698779142
2p21_GCKR_TG	OST4	2	27071654	27508073	436419	True	1.392226	5.755485381355392	0.1864214354823375
2p21_GCKR_TG	OTOF	2	26558756	27508073	949317	True	0.399123	12.779193939235435	0.09530008567477703
2p21_GCKR_TG	PLB1	2	28457145	27508073	949072	True	0.313074	25.54633466886441	0.09532234203181479
2p21_GCKR_TG	PPM1G	2	27409591	27508073	98482	True	0.879442	14.221375626436398	0.5038240243447768
2p21_GCKR_TG	PREB	2	27134666	27508073	373407	True	0.686857	10.586125469676952	0.21123473036942841
2p21_GCKR_TG	PRR30	2	27139410	27508073	368663	True	0.558537	12.088953776765546	0.21337293535013432
2p21_GCKR_TG	RBKS	2	27890681	27508073	382608	True	1.967735	6.68235236682005	0.20720750588469317
2p21_GCKR_TG	SLC30A3	2	27275817	27508073	232256	True	0.251699	30.238283349163684	0.30097274390831164
2p21_GCKR_TG	SLC35F6	2	26764284	27508073	743789	True	0.891958	10.044596581987898	0.1185130405824205
2p21_GCKR_TG	SLC4A1AP	2	27663471	27508073	155398	True	1.007794	27.59585417583916	0.3915457442893053
2p21_GCKR_TG	SLC5A6	2	27212958	27508073	295115	True	2.009986	22.34226549466873	0.2530908722776913
2p21_GCKR_TG	SNX17	2	27370496	27508073	137577	True	1.780164	87.83100486570368	0.4209161661271924
2p21_GCKR_TG	SUPT7L	2	27663840	27508073	155767	True	1.007794	5.978727986048962	0.39098085366759594
2p21_GCKR_TG	TCF23	2	27149004	27508073	359069	True	0.979849	5.232920606174354	0.21783217773363045
2p21_GCKR_TG	TMEM214	2	27032910	27508073	475163	True	0.971875	4.831823789272447	0.17386375688283148
2p21_GCKR_TG	TRIM54	2	27282429	27508073	225644	True	1.694508	10.760025198883062	0.30708380931323775
2p21_GCKR_TG	UCN	2	27308445	27508073	199628	True	0.465601	5.008768163296466	0.3337471798363304
2p21_GCKR_TG	ZNF512	2	27582969	27508073	74896	True	0.567038	6.211134770715563	0.5717683651998903
2p21_GCKR_TG	ZNF513	2	27380790	27508073	127283	True	0.904472	5.056360084088121	0.439980112898897
8q24_TRIB1_TG	MTSS1	8	124728473	125478730	750257	True	0.81716	38.32973744361317	0.11761149864099912
8q24_TRIB1_TG	NDUFB9	8	124539101	125478730	939629	True	1.182462	11.11734342927346	0.09618815942995049
8q24_TRIB1_TG	NSMCE2	8	125091679	125478730	387051	True	0.512324	7.765126012654151	0.20531730763308156
8q24_TRIB1_TG	SQLE	8	124998497	125478730	480233	True	1.58473	6.136515350705412	0.1723445581344046
8q24_TRIB1_TG	TATDN1	8	124539458	125478730	939272	True	1.182462	11.069727630605112	0.09622120099454233
8q24_TRIB1_TG	TRIB1	8	125430358	125478730	48372	True	3.034971	7.978529534585822	0.6739816137815761
8q24_TRIB1_TG	WASHC5	8	125091819	125478730	386911	True	0.512324	7.539790962263373	0.20537634187767373
8q24_TRIB1_TG	ZNF572	8	124973295	125478730	505435	True	1.018002	6.679440395787172	0.16517049724578195
11q13_FADS1_HDL	AHNAK	11	62556235	61802711	753524	True	2.647652	6.332658203362574	0.11716132176716765
11q13_FADS1_HDL	ASRGL1	11	62337448	61802711	534737	True	0.557511	43.217705860237714	0.15754556611636
11q13_FADS1_HDL	B3GAT3	11	62622154	61802711	819443	True	1.930583	26.45170150451465	0.10876150016912413
11q13_FADS1_HDL	BEST1	11	61950063	61802711	147352	True	1.023134	17.23581415028591	0.40428215660273625
11q13_FADS1_HDL	BSCL2	11	62709845	61802711	907134	True	1.772646	68.64823074075458	0.09929165334503652
11q13_FADS1_HDL	C11orf98	11	62665210	61802711	862499	True	1.200062	9.044092993543025	0.10389621184022009
11q13_FADS1_HDL	CCDC86	11	60842113	61802711	960598	True	0.674655	24.06346313597669	0.09428643086258884
11q13_FADS1_HDL	CD5	11	61102489	61802711	700222	True	0.861914	85.43954098797686	0.12496532212311082
11q13_FADS1_HDL	CD6	11	60971680	61802711	831031	True	0.320238	43.30164017356176	0.10740780919217513
11q13_FADS1_HDL	CPSF7	11	61430031	61802711	372680	True	1.336249	35.24045679682851	0.21155961750021157
11q13_FADS1_HDL	CSKMT	11	62665309	61802711	862598	True	0.0	19.516820803488677	0.10388552646068244
11q13_FADS1_HDL	CYB561A3	11	61362283	61802711	440428	True	1.37096	7.706208887699547	0.18503852502090937
11q13_FADS1_HDL	DAGLA	11	61680391	61802711	122320	True	0.748078	28.739597052165983	0.449802087081684
11q13_FADS1_HDL	DDB1	11	61342596	61802711	460115	True	0.799408	6.85912757903898	0.1785347651821501
11q13_FADS1_HDL	EEF1G	11	62574086	61802711	771375	True	1.566171	24.288938880078536	0.11476115334959115
11q13_FADS1_HDL	EML3	11	62612775	61802711	810064	True	1.93644	96.46038952071709	0.10988238189841593
11q13_FADS1_HDL	FADS1	11	61829318	61802711	26607	True	2.918884	46.118319256487865	0.7898457431263674
11q13_FADS1_HDL	FADS2	11	61792980	61802711	9731	True	2.401166	147.4052307824341	0.9113194995033309
11q13_FADS1_HDL	FADS3	11	61892051	61802711	89340	True	1.091733	11.42851827159207	0.5281504172388296
11q13_FADS1_HDL	FEN1	11	61792911	61802711	9800	True	1.715093	7.3441923835426595	0.9107468123861566
11q13_FADS1_HDL	FTH1	11	61967634	61802711	164923	True	1.833501	14.854499041717498	0.377468169996565
11q13_FADS1_HDL	GANAB	11	62646726	61802711	844015	True	1.004312	34.0488106718275	0.10593052017181931
11q13_FADS1_HDL	GNG3	11	62707676	61802711	904965	True	1.772646	6.581756728994166	0.09950595294363486
11q13_FADS1_HDL	HNRNPUL2	11	62727457	61802711	924746	True	1.852241	7.435433349677132	0.0975851576878563
11q13_FADS1_HDL	HNRNPUL2-BSCL2	11	62727384	61802711	924673	True	1.852241	0.0	0.09759210987310099
11q13_FADS1_HDL	INCENP	11	62123998	61802711	321287	True	0.853153	121.95731425453808	0.2373678751065188
11q13_FADS1_HDL	INTS5	11	62653302	61802711	850591	True	0.778407	21.57856225546129	0.10519771384328276
11q13_FADS1_HDL	LBHD1	11	62672255	61802711	869544	True	1.291506	37.67345933148344	0.10314127053542697
11q13_FADS1_HDL	LRRC10B	11	61508749	61802711	293962	True	0.718891	8.367531572202093	0.25383158781811443
11q13_FADS1_HDL	LRRN4CL	11	62689530	61802711	886819	True	1.243381	6.167956926273132	0.10133570593999507
11q13_FADS1_HDL	MTA2	11	62601865	61802711	799154	True	1.434505	72.10955550645613	0.11121565382570726
11q13_FADS1_HDL	MYRF	11	61752636	61802711	50075	True	0.651389	52.07379908233621	0.6663334999167083
11q13_FADS1_HDL	PGA3	11	61203307	61802711	599404	True	0.554695	48.33073427061845	0.14297887915997048
11q13_FADS1_HDL	PGA4	11	61222347	61802711	580364	True	0.0	0.0	0.14698014592188888
11q13_FADS1_HDL	PGA5	11	61241175	61802711	561536	True	0.0	15.325074592106928	0.15116335316596527
11q13_FADS1_HDL	POLR2G	11	62761565	61802711	958854	True	1.221901	7.254658152570926	0.09444172662142278
11q13_FADS1_HDL	PPP1R32	11	61481120	61802711	321591	True	0.399725	22.696607366189948	0.2371967143511128
11q13_FADS1_HDL	PRPF19	11	60906585	61802711	896126	True	0.677532	20.41676154035937	0.1003889066242624
11q13_FADS1_HDL	PTGDR2	11	60855950	61802711	946761	True	0.512253	18.864123481215724	0.09553279115289927
11q13_FADS1_HDL	RAB3IL1	11	61920269	61802711	117558	True	1.450432	44.78939525590853	0.4596475422645915
11q13_FADS1_HDL	ROM1	11	62611722	61802711	809011	True	1.936465	45.418868754940334	0.11000966984997983
11q13_FADS1_HDL	RP11-286N22.8	11	61429220	61802711	373491	True	0.0	8.423572260280563	0.21119725612524842
11q13_FADS1_HDL	RP11-831H9.11	11	62665178	61802711	862467	True	0.0	0.0	0.10389966617037259
11q13_FADS1_HDL	RP11-864I4.1	11	62591531	61802711	788820	True	0.0	0.0	0.11250871942575548
11q13_FADS1_HDL	SCGB1A1	11	62405103	61802711	602392	True	0.726952	4.927614061918973	0.1423706420346473
11q13_FADS1_HDL	SCGB1D1	11	62190216	61802711	387505	True	0.171859	0.0	0.2051261012707562
11q13_FADS1_HDL	SCGB1D2	11	62242239	61802711	439528	True	0.154323	6.923749249215248	0.18534719236073013
11q13_FADS1_HDL	SCGB1D4	11	62299075	61802711	496364	True	0.079283	0.0	0.16768282458364356
11q13_FADS1_HDL	SCGB2A1	11	62208673	61802711	405962	True	0.144265	54.83713402184653	0.19764330127558988
11q13_FADS1_HDL	SCGB2A2	11	62270158	61802711	467447	True	0.14116	10.760310206756474	0.17622791203407542
11q13_FADS1_HDL	SDHAF2	11	61430042	61802711	372669	True	1.336249	30.565940732887544	0.21156454093668087
11q13_FADS1_HDL	SLC15A3	11	60952653	61802711	850058	True	1.698882	9.459816983487723	0.10525673169427552
11q13_FADS1_HDL	SYT7	11	61581148	61802711	221563	True	0.532806	10.335407848963174	0.31098105192450626
11q13_FADS1_HDL	TAF6L	11	62771357	61802711	968646	True	1.24257	5.437055587881438	0.09357635737185185
11q13_FADS1_HDL	TKFC	11	61333220	61802711	469491	True	0.799408	6.281244285799312	0.1755954001028989
11q13_FADS1_HDL	TMEM109	11	60914158	61802711	888553	True	1.132599	18.02468539787949	0.101157955112169
11q13_FADS1_HDL	TMEM132A	11	60924460	61802711	878251	True	0.616802	14.51540408700051	0.10222325354126906
11q13_FADS1_HDL	TMEM138	11	61362344	61802711	440367	True	1.37096	9.170543125141387	0.18505941332464787
11q13_FADS1_HDL	TMEM179B	11	62787402	61802711	984691	True	1.437277	11.339665861986086	0.09219215426328789
11q13_FADS1_HDL	TMEM216	11	61392360	61802711	410351	True	0.388799	28.989250713236245	0.19594357608782975
11q13_FADS1_HDL	TMEM223	11	62792006	61802711	989295	True	1.308869	12.658668372863763	0.09180249610986922
11q13_FADS1_HDL	TMEM258	11	61792802	61802711	9909	True	1.715093	14.322850392070286	0.9098435978855236
11q13_FADS1_HDL	TTC9C	11	62728069	61802711	925358	True	2.856213	34.20040170777959	0.0975269125515186
11q13_FADS1_HDL	TUT1	11	62591637	61802711	788926	True	1.676579	5.380541431005684	0.11249530332108634
11q13_FADS1_HDL	UBXN1	11	62679117	61802711	876406	True	1.436598	16.962613347417623	0.10241641284465683
11q13_FADS1_HDL	UQCC3	11	62670273	61802711	867562	True	1.291506	19.438188100320254	0.10335255001746657
11q13_FADS1_HDL	VPS37C	11	61161615	61802711	641096	True	1.339333	39.2381360331116	0.1349352850372961
11q13_FADS1_HDL	VWCE	11	61295316	61802711	507395	True	1.019815	18.516706610877392	0.16463750936375834
11q13_FADS1_HDL	ZBTB3	11	62754184	61802711	951473	True	1.396864	5.407753272403729	0.09510467696269899
11q13_FADS1_HDL	ZP1	11	60867562	61802711	935149	True	1.611596	10.20558864131992	0.09660445018060201
16q13_CETP_HDL	ADGRG1	16	57610652	56959412	651240	True	1.482495	13.46553093636718	0.13311325275544433
16q13_CETP_HDL	ADGRG3	16	57668277	56959412	708865	True	0.869758	33.63863863651425	0.12363002478781995
16q13_CETP_HDL	ADGRG5	16	57542643	56959412	583231	True	1.145584	15.773227442289308	0.14636338222358178
16q13_CETP_HDL	AMFR	16	56425545	56959412	533867	True	0.546893	15.365208458707087	0.15776180176598562
16q13_CETP_HDL	ARL2BP	16	57245259	56959412	285847	True	1.126905	5.705121720299309	0.25917008555204524
16q13_CETP_HDL	BBS2	16	56582667	56959412	376745	True	0.580922	100.69380665796128	0.20975573944142045
16q13_CETP_HDL	CCDC102A	16	57536571	56959412	577159	True	1.144608	39.96373050425719	0.14767580435318736
16q13_CETP_HDL	CCL17	16	57404767	56959412	445355	True	0.232547	8.266269225697538	0.1833667977739271
16q13_CETP_HDL	CCL22	16	57358783	56959412	399371	True	0.789166	5.276998563251095	0.20025191691147462
16q13_CETP_HDL	CETP	16	56961923	56959412	2511	True	0.578828	11.60665999357965	0.975505067748827
16q13_CETP_HDL	CIAPIN1	16	57447420	56959412	488008	True	1.003701	30.62821383610143	0.17006571339165452
16q13_CETP_HDL	COQ9	16	57447425	56959412	488013	True	1.003701	22.594822745309838	0.1700642672866076
16q13_CETP_HDL	CPNE2	16	57092583	56959412	133171	True	0.548151	34.868734303219966	0.4288697994175948
16q13_CETP_HDL	CX3CL1	16	57372477	56959412	413065	True	1.239236	8.446018722311386	0.1949070780505394
16q13_CETP_HDL	DOK4	16	57487327	56959412	527915	True	0.548433	25.01600676959054	0.15925722430583758
16q13_CETP_HDL	DRC7	16	57694793	56959412	735381	True	1.634706	82.6842919888802	0.11970585876384549
16q13_CETP_HDL	GNAO1	16	56191390	56959412	768022	True	0.418722	70.20699232957185	0.11520445334334843
16q13_CETP_HDL	HERPUD1	16	56932142	56959412	27270	True	2.283591	18.50413803602364	0.7857311228097745
16q13_CETP_HDL	KATNB1	16	57735739	56959412	776327	True	1.429472	9.976299069645153	0.11411265429457268
16q13_CETP_HDL	KIFC3	16	57863053	56959412	903641	True	0.537967	36.20845952075084	0.09963722087878037
16q13_CETP_HDL	MT1A	16	56638666	56959412	320746	True	0.672974	26.8342038798374	0.23767308542446036
16q13_CETP_HDL	MT1B	16	56651886	56959412	307526	True	0.619541	17.745005049488405	0.2453831166600413
16q13_CETP_HDL	MT1E	16	56625475	56959412	333937	True	1.345648	66.89313964237613	0.2304481987016548
16q13_CETP_HDL	MT1F	16	56657731	56959412	301681	True	1.086763	7.327352691448024	0.2489537717741193
16q13_CETP_HDL	MT1G	16	56668065	56959412	291347	True	0.494985	31.1972153319928	0.25552770303592465
16q13_CETP_HDL	MT1H	16	56669814	56959412	289598	True	0.448586	9.07767685281078	0.2566748289262265
16q13_CETP_HDL	MT1M	16	56632659	56959412	326753	True	0.83897	11.627424889910708	0.23432758527766648
16q13_CETP_HDL	MT1X	16	56682470	56959412	276942	True	0.86865	57.23369499624178	0.2652928036674077
16q13_CETP_HDL	MT2A	16	56608584	56959412	350828	True	2.552037	8.426300080567364	0.22181408430709715
16q13_CETP_HDL	MT3	16	56589074	56959412	370338	True	0.608121	19.78136210368162	0.21261305699305605
16q13_CETP_HDL	MT4	16	56565073	56959412	394339	True	0.220778	92.17430131653772	0.20229033112904302
16q13_CETP_HDL	NLRC5	16	56989485	56959412	30073	True	0.785848	62.16353979291635	0.7687990589899518
16q13_CETP_HDL	NUDT21	16	56452199	56959412	507213	True	0.97958	61.36201921505149	0.16468685617732165
16q13_CETP_HDL	NUP93	16	56730118	56959412	229294	True	0.400999	15.386401281993496	0.3036799941693441
16q13_CETP_HDL	OGFOD1	16	56451521	56959412	507891	True	0.97958	48.1383676300451	0.16450317573380754
16q13_CETP_HDL	PLLP	16	57284672	56959412	325260	True	0.63632	54.96234247104429	0.2351502610167897
16q13_CETP_HDL	POLR2C	16	57462660	56959412	503248	True	0.835754	27.547229461014677	0.16576930217754557
16q13_CETP_HDL	PSME3IP1	16	57186116	56959412	226704	True	0.0	60.15591691244656	0.30608746755472843
16q13_CETP_HDL	RP11-413H22.3	16	56501497	56959412	457915	True	0.0	0.0	0.1792387729313605
16q13_CETP_HDL	RSPRY1	16	57186137	56959412	226725	True	1.177378	25.3254796340503	0.30606779401637463
16q13_CETP_HDL	SLC12A3	16	56865207	56959412	94205	True	0.983394	12.68477930179221	0.5149198012409567
6p22_HLA_T1D	ABHD16A	6	31703356	32604372	901016	True	2.46168	15.136908626977764	0.09989850312082924
6p22_HLA_T1D	AGER	6	32184322	32604372	420050	True	3.736836	45.15445424710095	0.19228920296125374
6p22_HLA_T1D	AGPAT1	6	32178096	32604372	426276	True	2.959466	22.67922869668069	0.1900143650860005
6p22_HLA_T1D	AIF1	6	31615217	32604372	989155	True	3.433546	15.086799359252838	0.09181429640409308
6p22_HLA_T1D	APOM	6	31652416	32604372	951956	True	3.528185	16.56416996214904	0.09506101015631832
6p22_HLA_T1D	ATF6B	6	32128253	32604372	476119	True	0.962043	65.93476771041549	0.17357525094641907
6p22_HLA_T1D	B3GALT4	6	33277123	32604372	672751	True	1.563745	12.347816534686729	0.12940779112547252
6p22_HLA_T1D	BAG6	6	31652705	32604372	951667	True	3.528185	78.73414253179364	0.09508713309441107
6p22_HLA_T1D	BAK1	6	33580293	32604372	975921	True	0.683302	159.31007787777932	0.09294362690197515
6p22_HLA_T1D	BRD2	6	32968594	32604372	364222	True	6.545112	14.1588245491856	0.21541417683780606
6p22_HLA_T1D	BTNL2	6	32407128	32604372	197244	True	0.252324	12.509305670833005	0.3364239480023146
6p22_HLA_T1D	C2	6	31897785	32604372	706587	True	0.292527	9.14350251310011	0.1239791863741915
6p22_HLA_T1D	C4A	6	31982057	32604372	622315	True	2.154647	48.97928247680655	0.13844375376393955
6p22_HLA_T1D	C4B	6	32014795	32604372	589577	True	0.0	37.73206130438968	0.14501643761320346
6p22_HLA_T1D	C6orf47	6	31660778	32604372	943594	True	3.536939	5.805921558804989	0.09582270499830393
6p22_HLA_T1D	CFB	6	31945650	32604372	658722	True	0.817175	8.574038867947655	0.1318005804497563
6p22_HLA_T1D	CLIC1	6	31739763	32604372	864609	True	2.784744	9.29382692036646	0.10366894772907988
6p22_HLA_T1D	COL11A2	6	33192499	32604372	588127	True	2.145483	34.37355081596293	0.14532201177980228
6p22_HLA_T1D	CSNK2B	6	31665227	32604372	939145	True	2.205964	15.002222315220855	0.09623296075138695
6p22_HLA_T1D	CUTA	6	33418317	32604372	813945	True	2.37586	19.705498502622444	0.10941577447220566
6p22_HLA_T1D	CYP21A2	6	32038327	32604372	566045	True	0.655359	32.70516356886298	0.1501400055551802
6p22_HLA_T1D	DAXX	6	33323016	32604372	718644	True	1.937404	113.72775215819992	0.12215321922593947
6p22_HLA_T1D	DDAH2	6	31730617	32604372	873755	True	1.680627	15.716773422076011	0.1026952364814558
6p22_HLA_T1D	DXO	6	31972290	32604372	632082	True	2.464316	24.300875414342265	0.13659672003955842
6p22_HLA_T1D	EGFL8	6	32164595	32604372	439777	True	0.869371	8.538150457855888	0.18526169140219015
6p22_HLA_T1D	EHMT2	6	31897687	32604372	706685	True	0.214553	13.910172574196125	0.12396412478228802
6p22_HLA_T1D	FKBPL	6	32130288	32604372	474084	True	0.962043	12.89575536916774	0.17419053657652886
6p22_HLA_T1D	GPANK1	6	31666283	32604372	938089	True	2.205964	29.88540235835318	0.09633085409825168
6p22_HLA_T1D	GPSM3	6	32195523	32604372	408849	True	3.102106	8.888038874761131	0.1965219544501414
6p22_HLA_T1D	HLA-DMA	6	32969094	32604372	364722	True	2.549766	96.84060126388611	0.21518241012906641
6p22_HLA_T1D	HLA-DMB	6	32941028	32604372	336656	True	1.447156	52.85543513215709	0.22901322780403796
6p22_HLA_T1D	HLA-DOA	6	33009591	32604372	405219	True	0.615105	27.582870562705928	0.19793396527050644
6p22_HLA_T1D	HLA-DOB	6	32820466	32604372	216094	True	1.254734	98.3781769143187	0.3163615886413535
6p22_HLA_T1D	HLA-DPA1	6	33080775	32604372	476403	True	0.888421	57.2401177045567	0.17348972854062175
6p22_HLA_T1D	HLA-DPB1	6	33075990	32604372	471618	True	1.367794	35.79378958558971	0.17494200672477075
6p22_HLA_T1D	HLA-DQA1	6	32628179	32604372	23807	True	0.760905	88.24777325901383	0.8077087725249784
6p22_HLA_T1D	HLA-DQA2	6	32741391	32604372	137019	True	0.247674	137.00625436225644	0.4219071044937326
6p22_HLA_T1D	HLA-DQB1	6	32668383	32604372	64011	True	0.0	190.31120122565267	0.6097152020291322
6p22_HLA_T1D	HLA-DQB2	6	32763532	32604372	159160	True	0.249155	169.9103739152826	0.3858620157431703
6p22_HLA_T1D	HLA-DRA	6	32439878	32604372	164494	True	1.979966	20.690759595117218	0.3780804101416289
6p22_HLA_T1D	HLA-DRB1	6	32589848	32604372	14524	True	0.0	61.31531259234238	0.8731794209074081
6p22_HLA_T1D	HLA-DRB5	6	32530287	32604372	74085	True	1.093242	161.6972557573534	0.5744320303300112
6p22_HLA_T1D	HSD17B8	6	33204655	32604372	600283	True	2.234109	34.85512080374141	0.14279941109522865
6p22_HLA_T1D	HSPA1A	6	31815543	32604372	788829	True	2.328394	6.574733220295386	0.11250758019821586
6p22_HLA_T1D	HSPA1B	6	31827738	32604372	776634	True	1.792747	6.038633018125242	0.11407269168204748
6p22_HLA_T1D	HSPA1L	6	31815283	32604372	789089	True	2.328394	6.694371372598276	0.11247467913785911
6p22_HLA_T1D	KIFC1	6	33391823	32604372	787451	True	1.272273	8.502551997599998	0.11268227766941498
6p22_HLA_T1D	LSM2	6	31806966	32604372	797406	True	1.171706	14.608694311857093	0.11143228371550892
6p22_HLA_T1D	LY6G5B	6	31670167	32604372	934205	True	1.65039	48.42305198302368	0.09669262863745581
6p22_HLA_T1D	LY6G5C	6	31684040	32604372	920332	True	0.795849	118.89456135197727	0.09800731526601146
6p22_HLA_T1D	LY6G6C	6	31721746	32604372	882626	True	0.575743	52.31257806498591	0.10176811930480163
6p22_HLA_T1D	LY6G6D	6	31715356	32604372	889016	True	1.195017	7.960391582470817	0.10111059881741044
6p22_HLA_T1D	LY6G6E	6	31714065	32604372	890307	True	1.194387	11.425201577593356	0.1009787873861338
6p22_HLA_T1D	LY6G6F	6	31706866	32604372	897506	True	2.46168	8.309281308532979	0.10025002355875555
6p22_HLA_T1D	LY6G6F-LY6G6D	6	31706904	32604372	897468	True	0.0	0.0	0.10025384272979183
6p22_HLA_T1D	MPIG6B	6	31718594	32604372	885778	True	1.573237	20.58572542578424	0.10144271834023481
6p22_HLA_T1D	MSH5	6	31739677	32604372	864695	True	3.336589	10.359730295926674	0.1036597059174143
6p22_HLA_T1D	MSH5-SAPCD1	6	31740020	32604372	864352	True	3.336589	0.0	0.10369657552428987
6p22_HLA_T1D	NELFE	6	31959038	32604372	645334	True	1.814765	28.79548119247096	0.13416803741678227
6p22_HLA_T1D	NEU1	6	31862905	32604372	741467	True	2.136165	11.753796958162118	0.11884007334809325
6p22_HLA_T1D	NOTCH4	6	32224067	32604372	380305	True	0.217636	112.51657818006946	0.20820103892318423
6p22_HLA_T1D	PBX2	6	32190202	32604372	414170	True	3.105	13.749650759298108	0.19448820429040978
6p22_HLA_T1D	PFDN6	6	33289302	32604372	684930	True	1.303468	5.620380888000018	0.12739989553208567
6p22_HLA_T1D	PHF1	6	33410399	32604372	806027	True	2.307205	6.165208746270194	0.11037198670679793
6p22_HLA_T1D	PPT2	6	32153441	32604372	450931	True	1.661124	12.534697470711814	0.181510933311068
6p22_HLA_T1D	PPT2-EGFL8	6	32153845	32604372	450527	True	1.661124	0.0	0.1816441337118797
6p22_HLA_T1D	PRRC2A	6	31620715	32604372	983657	True	3.432625	23.484551390403883	0.09228012184667289
6p22_HLA_T1D	PRRT1	6	32153083	32604372	451289	True	1.035623	38.60770059930391	0.1813930624409339
6p22_HLA_T1D	PSMB8	6	32844679	32604372	240307	True	2.602259	12.182775192638708	0.2938523157031739
6p22_HLA_T1D	PSMB9	6	32844136	32604372	239764	True	1.691722	78.54827955769696	0.294321941112066
6p22_HLA_T1D	RGL2	6	33298942	32604372	694570	True	2.539305	17.038380552227906	0.12585423562429993
6p22_HLA_T1D	RING1	6	33208500	32604372	604128	True	1.543832	8.032871076709636	0.14201963279403743
6p22_HLA_T1D	RNF5	6	32178405	32604372	425967	True	3.731912	52.08913077326085	0.19012599649787915
6p22_HLA_T1D	RPS18	6	33272075	32604372	667703	True	1.563471	114.26125986131362	0.13025870681761045
6p22_HLA_T1D	RXRB	6	33200665	32604372	596293	True	2.234109	16.335372125142975	0.14361770116890446
6p22_HLA_T1D	SAPCD1	6	31762996	32604372	841376	True	0.815663	8.754277638323977	0.10622747977428786
6p22_HLA_T1D	SKIV2L	6	31959117	32604372	645255	True	1.814955	124.09664734429576	0.13418225976343667
6p22_HLA_T1D	SLC39A7	6	33200445	32604372	596073	True	2.234109	7.292216135472144	0.1436630928077946
6p22_HLA_T1D	SLC44A4	6	31879046	32604372	725326	True	1.44698	22.527367861505763	0.12116424297792629
6p22_HLA_T1D	SMIM40	6	33329279	32604372	724907	True	0.0	0.0	0.12122578666443612
6p22_HLA_T1D	STK19	6	31971091	32604372	633281	True	0.0	29.40309296172245	0.13637336846311304
6p22_HLA_T1D	SYNGAP1	6	33419661	32604372	815289	True	2.37586	7.062242459608917	0.10925510958833769
6p22_HLA_T1D	TAP1	6	32853816	32604372	249444	True	1.691722	20.525023657410564	0.28616888542942504
6p22_HLA_T1D	TAP2	6	32838770	32604372	234398	True	2.410658	45.37672175760169	0.299044850746715
6p22_HLA_T1D	TAPBP	6	33314387	32604372	710015	True	2.187835	45.3804663343339	0.1234545039289396
6p22_HLA_T1D	TNXB	6	32115334	32604372	489038	True	0.744611	16.68619603100585	0.16976833413124448
6p22_HLA_T1D	TSBP1	6	32371912	32604372	232460	True	0.0	10.55911294792376	0.3007880647295915
6p22_HLA_T1D	VARS1	6	31795752	32604372	808620	True	0.0	5.314728628607385	0.11005700953093703
6p22_HLA_T1D	VPS52	6	33272047	32604372	667675	True	1.563471	11.113011531560188	0.13026345784348844
6p22_HLA_T1D	VWA7	6	31777328	32604372	827044	True	1.255305	30.12374866458308	0.1078697451253662
6p22_HLA_T1D	WDR46	6	33289247	32604372	684875	True	1.303512	20.04512773782266	0.127408823060997
6p22_HLA_T1D	XXbac-BPG116M5.17	6	31927698	32604372	676674	True	0.0	0.0	0.1287541491024548
6p22_HLA_T1D	XXbac-BPG181M17.5	6	32953122	32604372	348750	True	0.0	0.0	0.22284122562674097
6p22_HLA_T1D	XXbac-BPG185D15.13	6	33329286	32604372	724914	True	0.0	0.0	0.1212247579747707
6p22_HLA_T1D	XXbac-BPG246D15.9	6	32838822	32604372	234450	True	0.0	0.0	0.2989983555090447
6p22_HLA_T1D	XXbac-BPG300A18.14	6	32154373	32604372	449999	True	0.0	0.0	0.18181851239729527
6p22_HLA_T1D	XXbac-BPG32J3.20	6	31714072	32604372	890300	True	0.0	0.0	0.10097950116126427
6p22_HLA_T1D	XXbac-BPG32J3.22	6	31666102	32604372	938270	True	0.0	0.0	0.0963140608897493
6p22_HLA_T1D	ZBTB12	6	31902086	32604372	702286	True	0.214599	63.9084526217187	0.12464383025504622
6p22_HLA_T1D	ZBTB22	6	33317942	32604372	713570	True	1.785278	12.23953604946537	0.1229150534065907
6p22_HLA_T1D	ZBTB9	6	33453970	32604372	849598	True	0.844785	0.0	0.10530771968769943
11p15_INS_T1D	ASCL2	11	2270588	2159842	110746	True	0.750152	11.301940361795426	0.47450485418465826
11p15_INS_T1D	BRSK2	11	1389899	2159842	769943	True	0.905706	19.90556730619903	0.11495005994645627
11p15_INS_T1D	C11orf21	11	2303049	2159842	143207	True	2.288665	45.83430469306376	0.41117237579510457
11p15_INS_T1D	CARS1	11	3057613	2159842	897771	True	0.0	12.329761570826626	0.10022339795403955
11p15_INS_T1D	CD81	11	2376177	2159842	216335	True	1.227378	25.076507809978978	0.316120568384782
11p15_INS_T1D	CDKN1C	11	2885775	2159842	725933	True	0.997018	11.490794788547303	0.12107519617208659
11p15_INS_T1D	CTSD	11	1764573	2159842	395269	True	1.797964	9.309200758311956	0.20191047693273753
11p15_INS_T1D	DUSP8	11	1572271	2159842	587571	True	2.648557	8.98446421493956	0.14543952551809194
11p15_INS_T1D	IFITM10	11	1750595	2159842	409247	True	2.106956	12.658658477819507	0.19636836348569556
11p15_INS_T1D	IGF2	11	2141238	2159842	18604	True	0.782355	8.253101257772004	0.8431418839162255
11p15_INS_T1D	INS	11	2161221	2159842	1379	True	0.142985	5.120813484610688	0.98639757740755
11p15_INS_T1D	INS-IGF2	11	2161209	2159842	1367	True	0.142985	0.0	0.9865143488512039
11p15_INS_T1D	KCNQ1	11	2444684	2159842	284842	True	0.634559	7.087989028918223	0.2598468982075761
11p15_INS_T1D	KRTAP5-1	11	1585283	2159842	574559	True	0.115585	5.4307700986821885	0.14824500154916026
11p15_INS_T1D	KRTAP5-2	11	1598294	2159842	561548	True	0.0	0.0	0.1511606111725831
11p15_INS_T1D	KRTAP5-3	11	1608463	2159842	551379	True	0.040482	4.770177425056711	0.15352045429772834
11p15_INS_T1D	KRTAP5-4	11	1622138	2159842	537704	True	0.120442	10.976541762356325	0.1568125650772145
11p15_INS_T1D	KRTAP5-5	11	1629775	2159842	530067	True	0.0	29.976628177245065	0.15871327969882568
11p15_INS_T1D	KRTAP5-6	11	1697195	2159842	462647	True	0.531977	0.0	0.1777313306566995
11p15_INS_T1D	LSP1	11	1850904	2159842	308938	True	1.655742	16.28347164454565	0.24453584650973983
11p15_INS_T1D	MOB2	11	1501247	2159842	658595	True	0.890794	32.592967897856234	0.13182264581232409
11p15_INS_T1D	MRPL23	11	1947278	2159842	212564	True	2.968177	143.1345542936544	0.3199344774190246
11p15_INS_T1D	MUC5B	11	1223066	2159842	936776	True	0.278693	21.61061062160118	0.09645284998881147
11p15_INS_T1D	NAP1L4	11	2992377	2159842	832535	True	1.626397	32.72573359068529	0.10723458100768335
11p15_INS_T1D	PHLDA2	11	2929420	2159842	769578	True	2.389301	17.742674282740683	0.11499830952484999
11p15_INS_T1D	PRR33	11	1891895	2159842	267947	True	0.0	10.44254693790004	0.2717782724142336
11p15_INS_T1D	RP11-295K3.1	11	1763954	2159842	395888	True	0.0	0.0	0.20165843900235533
11p15_INS_T1D	RP11-889I17.2	11	2158391	2159842	1451	True	0.0	0.0	0.9856975288562951
11p15_INS_T1D	SLC22A18	11	2899721	2159842	739879	True	1.843195	93.26634219352448	0.11906477004425638
11p15_INS_T1D	SLC22A18AS	11	2903575	2159842	743733	True	2.553665	38.3969011169647	0.11852090649530125
11p15_INS_T1D	SYT8	11	1828307	2159842	331535	True	0.764562	11.591173454862869	0.2317309140625905
11p15_INS_T1D	TH	11	2171815	2159842	11973	True	0.251903	33.935276273915164	0.8930724371053735
11p15_INS_T1D	TNNI2	11	1838981	2159842	320861	True	0.839572	22.25159953087622	0.2376081414053571
11p15_INS_T1D	TNNT3	11	1919703	2159842	240139	True	2.553616	38.51766390255387	0.2939974539820485
11p15_INS_T1D	TOLLIP	11	1309654	2159842	850188	True	0.980789	27.35415248752749	0.10524233099134066
11p15_INS_T1D	TRPM5	11	2423045	2159842	263203	True	0.382506	42.50055212007905	0.2753281222897388
11p15_INS_T1D	TSPAN32	11	2301997	2159842	142155	True	2.288665	41.24106238360363	0.41295864219198447
11p15_INS_T1D	TSSC4	11	2400488	2159842	240646	True	1.026214	43.85644189052429	0.2935598832805904
11p15_KCNJ11_T2D	ABCC8	11	17476894	17388025	88869	True	0.089215	94.45224621014752	0.5294675145206466
11p15_KCNJ11_T2D	C11orf58	11	16613132	17388025	774893	True	1.412186	6.126344649554941	0.11429969150513264
11p15_KCNJ11_T2D	GTF2H1	11	18322295	17388025	934270	True	1.38124	78.87053246678654	0.09668655186750075
11p15_KCNJ11_T2D	HPS5	11	18322198	17388025	934173	True	1.38124	25.439191028363464	0.09669562055864928
11p15_KCNJ11_T2D	KCNC1	11	17734774	17388025	346749	True	0.182408	9.60967792774129	0.22383933707741932
11p15_KCNJ11_T2D	KCNJ11	11	17389331	17388025	1306	True	0.492531	48.58969526610572	0.9871083647562828
11p15_KCNJ11_T2D	MRGPRX3	11	18120955	17388025	732930	True	0.040676	111.17418909515408	0.12005810812433218
11p15_KCNJ11_T2D	MRGPRX4	11	18172837	17388025	784812	True	0.13252	0.0	0.11301835870218759
11p15_KCNJ11_T2D	MYOD1	11	17719571	17388025	331546	True	1.37789	7.290739369669911	0.23172500729933773
11p15_KCNJ11_T2D	NCR3LG1	11	17351800	17388025	36225	True	1.103108	52.25407541681693	0.7340796476417691
11p15_KCNJ11_T2D	NUCB2	11	17208153	17388025	179872	True	1.605716	35.185189252473656	0.3573061971186828
11p15_KCNJ11_T2D	OTOG	11	17547259	17388025	159234	True	0.404432	20.617824405812843	0.3857518689678051
11p15_KCNJ11_T2D	PIK3C2A	11	17207983	17388025	180042	True	1.383371	11.80639126621032	0.35708929374879483
11p15_KCNJ11_T2D	PLEKHA7	11	17014414	17388025	373611	True	1.347722	14.2643348435143	0.2111437445498521
11p15_KCNJ11_T2D	RPS13	11	17077715	17388025	310310	True	1.243921	59.78615564888594	0.2437181643147864
11p15_KCNJ11_T2D	SAA1	11	18266260	17388025	878235	True	0.14837	25.416355820746237	0.10222492550358554
11p15_KCNJ11_T2D	SAA2	11	18248668	17388025	860643	True	0.157276	13.103960155941609	0.10409694340145091
11p15_KCNJ11_T2D	SAA2-SAA4	11	18248635	17388025	860610	True	0.157276	0.0	0.10410051946159211
11p15_KCNJ11_T2D	SAA4	11	18236802	17388025	848777	True	0.672453	13.363736831442548	0.10539884503945607
11p15_KCNJ11_T2D	SAAL1	11	18106087	17388025	718062	True	0.249199	39.28093567066467	0.12224012360921298
11p15_KCNJ11_T2D	SERGEF	11	18013047	17388025	625022	True	0.788021	98.032544695637	0.13792684911630268
11p15_KCNJ11_T2D	SOX6	11	16739591	17388025	648434	True	0.51944	25.55793120205456	0.13361231584882569
11p15_KCNJ11_T2D	TPH1	11	18046269	17388025	658244	True	0.067248	15.664518028228132	0.13188366805408286
11p15_KCNJ11_T2D	USH1C	11	17544416	17388025	156391	True	0.404432	85.73506417821731	0.3900292911997691
7p15_GCK_T2D	AEBP1	7	44104345	44184085	79740	True	1.427239	20.347773971685776	0.5563591854901524
7p15_GCK_T2D	BLVRA	7	43758680	44184085	425405	True	0.663818	38.462462973213725	0.19032936496607378
7p15_GCK_T2D	CAMK2B	7	44334577	44184085	150492	True	0.666021	11.451737141555276	0.3992143461667438
7p15_GCK_T2D	CCM2	7	44999475	44184085	815390	True	1.44194	44.93535485520806	0.10924305487278646
7p15_GCK_T2D	COA1	7	43729717	44184085	454368	True	0.67018	44.38022861383833	0.18038559224197645
7p15_GCK_T2D	DBNL	7	44044640	44184085	139445	True	1.675163	36.24974083671598	0.41763244168807034
7p15_GCK_T2D	DDX56	7	44575051	44184085	390966	True	0.630635	13.156953566106496	0.20368009190045744
7p15_GCK_T2D	GCK	7	44198170	44184085	14085	True	0.194718	22.437724983628705	0.8765394223605207
7p15_GCK_T2D	H2AZ2	7	44848087	44184085	664002	True	0.0	13.655010736266018	0.1308897097128018
7p15_GCK_T2D	MRPS24	7	43869893	44184085	314192	True	1.57135	6.34988586354659	0.2414339243635802
7p15_GCK_T2D	MYL7	7	44141332	44184085	42753	True	0.275244	9.23945689597279	0.7005106722800922
7p15_GCK_T2D	MYO1G	7	44979088	44184085	795003	True	1.610599	13.51225092961403	0.11173146905652831
7p15_GCK_T2D	NACAD	7	45088969	44184085	904884	True	0.898001	20.670815760627804	0.09951397375219428
7p15_GCK_T2D	NPC1L1	7	44541330	44184085	357245	True	0.853639	17.77241920809218	0.2187011339653796
7p15_GCK_T2D	NUDCD3	7	44490658	44184085	306573	True	1.202959	80.09442968763366	0.24595829039311512
7p15_GCK_T2D	OGDH	7	44606572	44184085	422487	True	2.012754	12.159012404739592	0.19139232172283713
7p15_GCK_T2D	PGAM2	7	44065567	44184085	118518	True	0.784244	0.0	0.4576282045415023
7p15_GCK_T2D	POLD2	7	44124358	44184085	59727	True	0.917094	27.375302376941477	0.6260682289155872
7p15_GCK_T2D	POLM	7	44082530	44184085	101555	True	1.354819	71.53837693529742	0.4961424921237379
7p15_GCK_T2D	PPIA	7	44796680	44184085	612595	True	2.064635	22.668214482383277	0.14033216623748412
7p15_GCK_T2D	PURB	7	44885530	44184085	701445	True	1.861546	5.9835182307294765	0.12477462583209079
7p15_GCK_T2D	RAMP3	7	45157791	44184085	973706	True	0.122702	13.159720724358865	0.0931353648019104
7p15_GCK_T2D	SPDYE1	7	43997897	44184085	186188	True	0.0	5.2603604202611365	0.3494206605448167
7p15_GCK_T2D	STK17A	7	43582758	44184085	601327	True	0.80413	73.23183121988207	0.14258683894959126
7p15_GCK_T2D	TBRG4	7	45112047	44184085	927962	True	1.128088	34.89681910019348	0.09727986053959194
7p15_GCK_T2D	TMED4	7	44582287	44184085	398202	True	1.344754	14.520619064622275	0.2007217955768945
7p15_GCK_T2D	UBE2D4	7	43926436	44184085	257649	True	0.755466	37.554078364109465	0.27960374557177564
7p15_GCK_T2D	URGCP	7	43926411	44184085	257674	True	0.929508	25.89103266233132	0.27958420237422904
7p15_GCK_T2D	URGCP-MRPS24	7	43906589	44184085	277496	True	0.929508	0.0	0.2649034691758323
7p15_GCK_T2D	YKT6	7	44200959	44184085	16874	True	0.637753	35.994647863513784	0.8556222940944949
7p15_GCK_T2D	ZMIZ2	7	44748581	44184085	564496	True	1.037729	28.249824203027323	0.15048999542510413
3q27_IGF2BP2_T2D	ADIPOQ	3	186842704	186999197	156493	True	1.680883	29.0498382208968	0.3898741875996616
3q27_IGF2BP2_T2D	AHSG	3	186613060	186999197	386137	True	0.42575	5.532504366834632	0.20570333054262482
3q27_IGF2BP2_T2D	BCL6	3	187745725	186999197	746528	True	1.033381	6.574782160215492	0.118129583427837
3q27_IGF2BP2_T2D	BCL6-AS1	3	187743686	186999197	744489	True	0.0	0.0	0.11841480469254187
3q27_IGF2BP2_T2D	CRYGS	3	186546702	186999197	452495	True	0.223684	8.634244407441303	0.18099711309604613
3q27_IGF2BP2_T2D	DGKG	3	186362234	186999197	636963	True	0.286091	12.49472382318362	0.13569202253030344
3q27_IGF2BP2_T2D	DNAJB11	3	186567403	186999197	431794	True	1.251497	8.381409112899131	0.188042738353573
3q27_IGF2BP2_T2D	EIF4A2	3	186783205	186999197	215992	True	1.717097	8.630683932348617	0.3164637079419732
3q27_IGF2BP2_T2D	ETV5	3	186110318	186999197	888879	True	1.028301	6.080366052611462	0.1011246067516855
3q27_IGF2BP2_T2D	FETUB	3	186635969	186999197	363228	True	0.383934	30.861915293401644	0.2158764150699008
3q27_IGF2BP2_T2D	HRG	3	186660216	186999197	338981	True	0.453176	11.69594269016552	0.22780029203997437
3q27_IGF2BP2_T2D	KNG1	3	186717348	186999197	281849	True	0.335185	20.676566379979903	0.26188362415509797
3q27_IGF2BP2_T2D	MASP1	3	187291980	186999197	292783	True	1.051013	27.33634523851632	0.2545935032829832
3q27_IGF2BP2_T2D	RFC4	3	186807058	186999197	192139	True	0.759214	59.79927532332076	0.34230280790993334
3q27_IGF2BP2_T2D	RP11-134F2.8	3	186581995	186999197	417202	True	0.0	0.0	0.19334805356514476
3q27_IGF2BP2_T2D	RPL39L	3	187180908	186999197	181711	True	0.790702	8.169141344386464	0.35497371419646373
3q27_IGF2BP2_T2D	RTP1	3	187197486	186999197	198289	True	0.411099	43.18453117098275	0.33524534930889166
3q27_IGF2BP2_T2D	RTP2	3	187702557	186999197	703360	True	0.17711	15.14268620276148	0.12447719577773352
3q27_IGF2BP2_T2D	RTP4	3	187368385	186999197	369188	True	0.915388	50.107730601122135	0.21313418075483603
3q27_IGF2BP2_T2D	SST	3	187670394	186999197	671197	True	0.089731	6.095919323798163	0.12966855420858742
3q27_IGF2BP2_T2D	ST6GAL1	3	186930325	186999197	68872	True	1.300458	28.033815074714468	0.5921644796058553
3q27_IGF2BP2_T2D	TBCCD1	3	186570543	186999197	428654	True	1.251497	6.392787391472536	0.18915963938606348
10q23_HHEX_T2D	BTAF1	10	91923770	92703125	779355	True	0.84532	23.562263702561115	0.11371971501839416
10q23_HHEX_T2D	CEP55	10	93496612	92703125	793487	True	0.937755	38.1117053462299	0.11192104641701558
10q23_HHEX_T2D	CPEB3	10	92291078	92703125	412047	True	0.535476	28.44038419837461	0.19529457256853375
10q23_HHEX_T2D	CYP26A1	10	93073475	92703125	370350	True	0.325182	5.386022944451965	0.21260763261401083
10q23_HHEX_T2D	CYP26C1	10	93060798	92703125	357673	True	0.110817	16.069680209553606	0.2184966122100277
10q23_HHEX_T2D	EXOC6	10	92826831	92703125	123706	True	0.61951	7.665311069693311	0.4470152789822356
10q23_HHEX_T2D	FFAR4	10	93566665	92703125	863540	True	0.819727	19.673514620014423	0.10378396330199056
10q23_HHEX_T2D	FGFBP3	10	91909486	92703125	793639	True	0.44511	13.342281731708184	0.11190200964819128
10q23_HHEX_T2D	FRA10AC1	10	93702592	92703125	999467	True	0.707923	65.2963647624161	0.09095316185024199
10q23_HHEX_T2D	HHEX	10	92689955	92703125	13170	True	1.582668	34.7647493884156	0.8836264027569144
10q23_HHEX_T2D	IDE	10	92574096	92703125	129029	True	1.226565	6.88054614924394	0.4366259294674474
10q23_HHEX_T2D	KIF11	10	92574105	92703125	129020	True	1.368217	7.643083509406381	0.4366430879399179
10q23_HHEX_T2D	MARCHF5	10	92291167	92703125	411958	True	0.0	16.342508158387513	0.19532852304290585
10q23_HHEX_T2D	MYOF	10	93482334	92703125	779209	True	1.415848	40.76651146052659	0.11373859912716999
10q23_HHEX_T2D	PDE6C	10	93612537	92703125	909412	True	0.256095	8.657393769848818	0.09906757597492401
10q23_HHEX_T2D	RBP4	10	93601744	92703125	898619	True	0.471703	14.293320614747	0.10013829097984316
10q23_HHEX_T2D	TNKS2	10	91798426	92703125	904699	True	1.135106	36.123608938180816	0.09953229773295286
19q13_ABCA7_AD	ABCA7	19	1039997	1046520	6523	True	1.458543	118.19277084458092	0.938764398298959
19q13_ABCA7_AD	ABHD17A	19	1885496	1046520	838976	True	0.926264	9.503546400325058	0.1064989946494905
19q13_ABCA7_AD	AC005943.2	19	1605445	1046520	558925	True	0.0	0.0	0.1517623401752855
19q13_ABCA7_AD	ADAMTSL5	19	1513604	1046520	467084	True	0.917827	24.324404943613253	0.1763407184826234
19q13_ABCA7_AD	ADAT3	19	1905399	1046520	858879	True	2.240726	11.29900829058992	0.10428844515314237
19q13_ABCA7_AD	APC2	19	1446302	1046520	399782	True	0.702972	41.70614265364578	0.2000872380357836
19q13_ABCA7_AD	ARHGAP45	19	1065923	1046520	19403	True	1.474029	25.548241188324795	0.8374998953125131
19q13_ABCA7_AD	ARID3A	19	925781	1046520	120739	True	5.847999	21.03859029741362	0.4530237067305732
19q13_ABCA7_AD	ATP5F1D	19	1241746	1046520	195226	True	0.0	36.67956289631714	0.3387235541585091
19q13_ABCA7_AD	ATP8B3	19	1812276	1046520	765756	True	1.807951	57.34229701418223	0.11550598552016965
19q13_ABCA7_AD	AZU1	19	825097	1046520	221423	True	2.235384	7.774078484586251	0.3111165037971769
19q13_ABCA7_AD	BSG	19	571277	1046520	475243	True	1.819778	45.46887888458727	0.17383957736121952
19q13_ABCA7_AD	BTBD2	19	2034881	1046520	988361	True	0.605923	32.932096335734954	0.09188127836260213
19q13_ABCA7_AD	C19orf25	19	1479219	1046520	432699	True	0.701471	11.801912266835114	0.18772327336826236
19q13_ABCA7_AD	C2CD4C	19	409147	1046520	637373	True	0.748349	31.610015731515254	0.13561657397273835
19q13_ABCA7_AD	CBARP	19	1238027	1046520	191507	True	1.706335	25.79239255808809	0.3430449354560954
19q13_ABCA7_AD	CDC34	19	531760	1046520	514760	True	3.171524	31.74689956443509	0.16266510508165788
19q13_ABCA7_AD	CFD	19	859664	1046520	186856	True	1.188892	142.41886647626777	0.34860696656161977
19q13_ABCA7_AD	CIRBP	19	1259384	1046520	212864	True	5.392044	5.390373580076248	0.3196276976577683
19q13_ABCA7_AD	CNN2	19	1026586	1046520	19934	True	3.012972	90.13160657289048	0.8337919188887221
19q13_ABCA7_AD	CSNK1G2	19	1941172	1046520	894652	True	1.955609	14.253726306104689	0.10053767548851257
19q13_ABCA7_AD	DAZAP1	19	1407569	1046520	361049	True	1.717747	10.07218735415735	0.2168966856017473
19q13_ABCA7_AD	EFNA2	19	1285873	1046520	239353	True	1.706929	0.0	0.29467840272518586
19q13_ABCA7_AD	ELANE	19	851014	1046520	195506	True	1.019357	21.17652707501929	0.33840260434644304
19q13_ABCA7_AD	FAM174C	19	1275530	1046520	229010	True	0.0	78.89604242242895	0.30394212941855875
19q13_ABCA7_AD	FGF22	19	639879	1046520	406641	True	1.108771	21.85604888357604	0.19737841982784654
19q13_ABCA7_AD	FSTL3	19	676392	1046520	370128	True	0.897612	9.58156114862851	0.21270802845182585
19q13_ABCA7_AD	GAMT	19	1401570	1046520	355050	True	1.295364	17.058453288583177	0.2197560707614548
19q13_ABCA7_AD	GPX4	19	1103926	1046520	57406	True	2.627528	54.21205661488671	0.6352997979746643
19q13_ABCA7_AD	GRIN3B	19	1000419	1046520	46101	True	0.320011	57.16542226653074	0.6844580119232586
19q13_ABCA7_AD	GZMM	19	544034	1046520	502486	True	0.343297	16.35195044972554	0.16597896050696612
19q13_ABCA7_AD	HCN2	19	589881	1046520	456639	True	0.508005	41.090053174636026	0.1796496472579176
19q13_ABCA7_AD	KISS1R	19	917287	1046520	129233	True	0.489788	20.08848710788753	0.43623736547530245
19q13_ABCA7_AD	KLF16	19	1863579	1046520	817059	True	2.596463	13.37482444541316	0.10904423815697789
19q13_ABCA7_AD	MADCAM1	19	489176	1046520	557344	True	1.104911	33.95536226002863	0.1521273488462662
19q13_ABCA7_AD	MBD3	19	1592865	1046520	546345	True	1.392469	7.382401080873297	0.15471613457209385
19q13_ABCA7_AD	MED16	19	893218	1046520	153302	True	1.460035	39.35742172730927	0.3947856708592905
19q13_ABCA7_AD	MEX3D	19	1568325	1046520	521805	True	0.874956	7.236390838601138	0.16082212269119742
19q13_ABCA7_AD	MIDN	19	1248553	1046520	202033	True	3.567804	6.071346105999419	0.3310896491442988
19q13_ABCA7_AD	MIER2	19	344815	1046520	701705	True	2.037713	29.68800681330621	0.12473416032081625
19q13_ABCA7_AD	MISP	19	751112	1046520	295408	True	1.811482	51.1001964539857	0.2529033302310525
19q13_ABCA7_AD	NDUFS7	19	1383527	1046520	337007	True	0.99829	8.199527624877126	0.2288292864874018
19q13_ABCA7_AD	ODF3L2	19	474983	1046520	571537	True	0.347462	25.235144925810356	0.14891212248915547
19q13_ABCA7_AD	ONECUT3	19	1753506	1046520	706986	True	3.492984	32.9650548604881	0.12391788705132431
19q13_ABCA7_AD	OR4F17	19	107104	1046520	939416	True	0.0	0.0	0.09620787057347588
19q13_ABCA7_AD	PALM	19	708935	1046520	337585	True	1.266385	16.66761810304901	0.22852702903435904
19q13_ABCA7_AD	PCSK4	19	1490752	1046520	444232	True	1.71372	45.65174772287532	0.18374516750209471
19q13_ABCA7_AD	PLK5	19	1508023	1046520	461503	True	0.254782	23.73709586661986	0.17809343850344522
19q13_ABCA7_AD	PLPP2	19	291403	1046520	755117	True	4.315372	83.49599970812892	0.11694306159274112
19q13_ABCA7_AD	PLPPR3	19	821955	1046520	224565	True	2.235384	6.845962711940339	0.3081046939750127
19q13_ABCA7_AD	POLR2E	19	1095380	1046520	48860	True	2.635631	64.9668417278246	0.6717721348918447
19q13_ABCA7_AD	POLRMT	19	633537	1046520	412983	True	1.107228	37.02708981019294	0.19493823382061393
19q13_ABCA7_AD	PRSS57	19	695498	1046520	351022	True	0.703165	12.06627740652138	0.2217186744770765
19q13_ABCA7_AD	PRTN3	19	840999	1046520	205521	True	0.799968	15.34790554353407	0.32730974302912075
19q13_ABCA7_AD	PTBP1	19	797075	1046520	249445	True	2.841688	8.578812471564794	0.2861680665054587
19q13_ABCA7_AD	PWWP3A	19	1354711	1046520	308191	True	0.0	21.151478974798845	0.24498335338113772
19q13_ABCA7_AD	R3HDM4	19	913245	1046520	133275	True	1.179114	13.212531023878366	0.42867859822098386
19q13_ABCA7_AD	REEP6	19	1491166	1046520	444646	True	1.71372	23.590168280213994	0.1836054978830286
19q13_ABCA7_AD	REXO1	19	1848483	1046520	801963	True	1.757916	16.77545916833135	0.1108692928645632
19q13_ABCA7_AD	RNF126	19	663233	1046520	383287	True	1.778933	17.11280989093036	0.2069163871571137
19q13_ABCA7_AD	RPS15	19	1438358	1046520	391838	True	0.752777	5.597551180381213	0.20331897901341497
19q13_ABCA7_AD	SBNO2	19	1174268	1046520	127748	True	2.623794	22.50571736366528	0.43908179215624293
19q13_ABCA7_AD	SCAMP4	19	1905372	1046520	858852	True	2.240726	16.482509831952598	0.10429138177737543
19q13_ABCA7_AD	SHC2	19	461033	1046520	585487	True	1.706998	54.82861292578429	0.14588168703418153
19q13_ABCA7_AD	STK11	19	1177558	1046520	131038	True	1.515745	22.93209633573495	0.43282923155498226
19q13_ABCA7_AD	TCF3	19	1652615	1046520	606095	True	2.089166	8.373050200088032	0.14162400243593284
19q13_ABCA7_AD	THEG	19	376026	1046520	670494	True	0.604626	37.18314912659574	0.12978686401191963
19q13_ABCA7_AD	TMEM259	19	1021179	1046520	25341	True	2.30388	22.540381376082625	0.79782353739
19q13_ABCA7_AD	TPGS1	19	507497	1046520	539023	True	2.509593	16.83481801727005	0.1564888900712494
19q13_ABCA7_AD	UQCR11	19	1605473	1046520	558953	True	1.631405	11.440171148156802	0.15175589154309943
19q13_ABCA7_AD	WDR18	19	984332	1046520	62188	True	1.803897	139.3235295379118	0.6165684267640023
2q14_BIN1_AD	AMMECR1L	2	127885967	127105089	780878	True	0.941089	18.391502849035938	0.11352309854486094
2q14_BIN1_AD	BIN1	2	127107288	127105089	2199	True	2.961261	34.50080521346441	0.9784831554124797
2q14_BIN1_AD	CYP27C1	2	127220313	127105089	115224	True	0.148157	15.592131719050572	0.4646321971527339
2q14_BIN1_AD	ERCC3	2	127294166	127105089	189077	True	0.597054	81.47383654405719	0.3459285934197463
2q14_BIN1_AD	GPR17	2	127645864	127105089	540775	True	0.919726	90.484355280576	0.15606101985876478
2q14_BIN1_AD	GYPC	2	126656133	127105089	448956	True	1.817612	31.6318582141504	0.1821639621390421
2q14_BIN1_AD	IWS1	2	127526886	127105089	421797	True	1.654214	17.826385477779954	0.19164540999660787
2q14_BIN1_AD	LIMS2	2	127681786	127105089	576697	True	0.935206	20.05243444122303	0.14777662676205156
2q14_BIN1_AD	MAP3K2	2	127388465	127105089	283376	True	0.202969	53.99120401409317	0.2608405325320312
2q14_BIN1_AD	MYO7B	2	127535802	127105089	430713	True	0.694074	42.06383473766054	0.1884257593087036
2q14_BIN1_AD	POLR2D	2	127858155	127105089	753066	True	0.6701	50.09544457286028	0.11722422415147243
2q14_BIN1_AD	PROC	2	127418427	127105089	313338	True	0.923669	25.18361219177577	0.24193275237215064
2q14_BIN1_AD	SAP130	2	128028120	127105089	923031	True	1.646421	10.218149162838326	0.09774874857164642
2q14_BIN1_AD	SFT2D3	2	127701497	127105089	596408	True	1.968712	0.0	0.14359398513515065
2q14_BIN1_AD	TEX51	2	126898864	127105089	206225	True	0.0	48.33906720208692	0.3265572699812229
2q14_BIN1_AD	UGGT1	2	128091200	127105089	986111	True	0.577077	20.460529951419502	0.09207162067228856
2q14_BIN1_AD	WDR33	2	127811187	127105089	706098	True	0.836761	5.373562106990238	0.12405439537128239
19q13_APOE_AD	AC011530.4	19	45785973	44908684	877289	True	0.0	0.0	0.10232387758380582
19q13_APOE_AD	AC084219.2	19	44025354	44908684	883330	True	0.0	0.0	0.10169525998393215
19q13_APOE_AD	APOC1	19	44914247	44908684	5563	True	1.087901	38.5353718700572	0.9473016113600409
19q13_APOE_AD	APOC2	19	44946035	44908684	37351	True	0.514647	53.45939651803072	0.728061681385647
19q13_APOE_AD	APOC4	19	44942237	44908684	33553	True	0.514647	13.350596983825335	0.748766407343901
19q13_APOE_AD	APOC4-APOC2	19	44942238	44908684	33554	True	0.514647	0.0	0.7487608008745527
19q13_APOE_AD	APOE	19	44905791	44908684	2893	True	1.187639	37.69998091464559	0.9718834128657927
19q13_APOE_AD	BCAM	19	44809071	44908684	99613	True	0.77551	24.151209447582467	0.5009693757420609
19q13_APOE_AD	BCL3	19	44747705	44908684	160979	True	3.162468	5.947494588180746	0.3831725924308086
19q13_APOE_AD	BLOC1S3	19	45178784	44908684	270100	True	2.771184	24.590968508290587	0.2701972439881113
19q13_APOE_AD	CBLC	19	44777869	44908684	130815	True	0.564244	12.52977332181807	0.433247405931157
19q13_APOE_AD	CEACAM16	19	44699151	44908684	209533	True	0.764681	11.054371415198942	0.32306733046234165
19q13_APOE_AD	CEACAM19	19	44662278	44908684	246406	True	0.303486	52.1604741891444	0.2886786025646207
19q13_APOE_AD	CEACAM20	19	44529788	44908684	378896	True	0.210042	5.241458247869973	0.20881360462396847
19q13_APOE_AD	CKM	19	45322875	44908684	414191	True	2.243008	5.831049012837142	0.19448026122588688
19q13_APOE_AD	CLASRP	19	45039045	44908684	130361	True	0.723166	5.230840614435895	0.4341012584595483
19q13_APOE_AD	CLPTM1	19	44954585	44908684	45901	True	1.542021	38.78202676319236	0.6853962618487879
19q13_APOE_AD	CTC-512J12.6	19	44401608	44908684	507076	True	0.0	0.0	0.16472402137458902
19q13_APOE_AD	DMPK	19	45782552	44908684	873868	True	2.254408	30.355494449651985	0.10268332053214603
19q13_APOE_AD	DMWD	19	45792845	44908684	884161	True	1.056528	28.18857782833619	0.10160939114636731
19q13_APOE_AD	EML2	19	45645602	44908684	736918	True	1.470986	29.71621498346603	0.11948601894092373
19q13_APOE_AD	ERCC1	19	45478828	44908684	570144	True	3.073173	29.26538736527697	0.14922165982236654
19q13_APOE_AD	ERCC2	19	45370918	44908684	462234	True	0.926386	28.386845562240733	0.17786188668774922
19q13_APOE_AD	EXOC3L2	19	45245407	44908684	336723	True	0.160184	24.383108770715264	0.22897809366577898
19q13_APOE_AD	FBXO46	19	45730896	44908684	822212	True	1.219151	6.868051089520034	0.10843493686917975
19q13_APOE_AD	FOSB	19	45467995	44908684	559311	True	3.498581	5.624263247864151	0.15167348944580022
19q13_APOE_AD	FOXA3	19	45863989	44908684	955305	True	1.924016	6.548830916061549	0.09475933497898711
19q13_APOE_AD	GEMIN7	19	45079195	44908684	170511	True	1.85651	55.67019344557825	0.3696707342769795
19q13_APOE_AD	GIPR	19	45668221	44908684	759537	True	1.329941	13.912843507316396	0.11634170489461187
19q13_APOE_AD	GPR4	19	45602212	44908684	693528	True	0.629363	5.0349112396340265	0.12601949773668983
19q13_APOE_AD	IGSF23	19	44613563	44908684	295121	True	0.690349	12.939294606764554	0.25308702903667485
19q13_APOE_AD	IRF2BP1	19	45886141	44908684	977457	True	2.98459	7.452884002251424	0.09281112842554273
19q13_APOE_AD	KLC3	19	45333434	44908684	424750	True	0.17465	33.739790232525046	0.19056693663649357
19q13_APOE_AD	MARK4	19	45079288	44908684	170604	True	0.535856	111.45638634121384	0.36954368745473093
19q13_APOE_AD	MEIOSIN	19	45733439	44908684	824755	True	0.0	6.431427523268964	0.10813674973371325
19q13_APOE_AD	MYPOP	19	45902613	44908684	993929	True	1.042484	10.372501007489213	0.09141361093818703
19q13_APOE_AD	NECTIN2	19	44846175	44908684	62509	True	1.789921	107.61530258453868	0.6153505344319391
19q13_APOE_AD	NKPD1	19	45160815	44908684	252131	True	0.471269	15.518900068985849	0.28398522140907784
19q13_APOE_AD	OPA3	19	45602212	44908684	693528	True	2.891185	16.882364182610505	0.12601949773668983
19q13_APOE_AD	POLR1G	19	45406644	44908684	497960	True	0.0	44.72937938417604	0.16723526657301493
19q13_APOE_AD	PPM1N	19	45488777	44908684	580093	True	1.130672	66.83244342603594	0.14703871382296244
19q13_APOE_AD	PPP1R13L	19	45406349	44908684	497665	True	3.787995	19.777751883141068	0.16731781181765704
19q13_APOE_AD	PPP1R37	19	45091396	44908684	182712	True	2.424185	25.886634978324484	0.3537168567305244
19q13_APOE_AD	PVR	19	44643798	44908684	264886	True	0.893642	59.26731680698944	0.27405819899913947
19q13_APOE_AD	QPCTL	19	45692403	44908684	783719	True	2.654201	9.04824636029619	0.11315814189804678
19q13_APOE_AD	RELB	19	45001449	44908684	92765	True	1.268987	5.997803689930005	0.5187663735636656
19q13_APOE_AD	RSPH6A	19	45815308	44908684	906624	True	1.315167	13.291380270809434	0.09934195886448167
19q13_APOE_AD	RTN2	19	45497055	44908684	588371	True	1.130672	18.573532658275635	0.1452705009362684
19q13_APOE_AD	SIX5	19	45769252	44908684	860568	True	3.463651	7.816693136070398	0.10410507116622665
19q13_APOE_AD	SNRPD2	19	45692569	44908684	783885	True	2.654201	47.81677002780474	0.11313688998003132
19q13_APOE_AD	SYMPK	19	45863194	44908684	954510	True	1.924016	26.23594198785074	0.0948307744829352
19q13_APOE_AD	TOMM40	19	44890569	44908684	18115	True	2.880936	5.9972854747698445	0.8466325191550608
19q13_APOE_AD	TRAPPC6A	19	45178237	44908684	269553	True	2.771184	9.7944383835819	0.27059718091856916
19q13_APOE_AD	VASP	19	45506579	44908684	597895	True	2.02244	8.722762214699108	0.14328803043437766
19q13_APOE_AD	ZNF112	19	44367217	44908684	541467	True	0.337293	35.24227457901104	0.15589266478244398
19q13_APOE_AD	ZNF155	19	43967862	44908684	940822	True	0.519605	79.01416367711097	0.09607790765375827
19q13_APOE_AD	ZNF180	19	44500524	44908684	408160	True	0.753305	60.50809087989775	0.19678841309823678
19q13_APOE_AD	ZNF221	19	43951223	44908684	957461	True	0.627954	8.138923422640518	0.09456613529955242
19q13_APOE_AD	ZNF222	19	44025342	44908684	883342	True	0.413697	5.6069409925829445	0.10169401896796841
19q13_APOE_AD	ZNF223	19	44051367	44908684	857317	True	1.355765	73.81142021616176	0.10445860671021198
19q13_APOE_AD	ZNF224	19	44094339	44908684	814345	True	0.488484	7.219976638309721	0.1093679081747043
19q13_APOE_AD	ZNF225	19	44112181	44908684	796503	True	0.900622	8.690305970434158	0.11154452355429934
19q13_APOE_AD	ZNF226	19	44165073	44908684	743611	True	0.846229	14.858145909532665	0.11853804656411546
19q13_APOE_AD	ZNF227	19	44207547	44908684	701137	True	0.627278	5.1782677418333085	0.1248225958855976
19q13_APOE_AD	ZNF229	19	44448578	44908684	460106	True	0.540195	12.86214920312432	0.17853763394785985
19q13_APOE_AD	ZNF230	19	44002957	44908684	905727	True	0.378029	6.317727633504686	0.09943056117614421
19q13_APOE_AD	ZNF233	19	44259880	44908684	648804	True	0.146105	46.47936321389695	0.13354629515867972
19q13_APOE_AD	ZNF234	19	44141554	44908684	767130	True	0.907746	41.06796277854653	0.11532296195495487
19q13_APOE_AD	ZNF235	19	44305046	44908684	603638	True	0.556219	13.06406771652502	0.1421185325408804
19q13_APOE_AD	ZNF284	19	44072159	44908684	836525	True	0.385794	39.3141141174624	0.10677771549077708
19q13_APOE_AD	ZNF285	19	44401608	44908684	507076	True	0.359763	71.32242406942187	0.16472402137458902
19q13_APOE_AD	ZNF296	19	45076587	44908684	167903	True	1.77242	8.982987540745548	0.3732694296069846
19q13_APOE_AD	ZNF45	19	43935282	44908684	973402	True	0.662653	25.70221104737242	0.09316174182645459
6p21_MS4A_AD	APOBEC2	6	41053202	41129252	76050	True	0.663187	24.385244058060195	0.5680204487361545
6p21_MS4A_AD	BYSL	6	41921499	41129252	792247	True	2.364274	7.960344012448562	0.11207658865762507
6p21_MS4A_AD	CCND3	6	42050357	41129252	921105	True	1.69976	12.75702151578431	0.09793312147134721
6p21_MS4A_AD	FOXP4	6	41546381	41129252	417129	True	0.705439	33.58586431140056	0.19337534735046769
6p21_MS4A_AD	FRS3	6	41786542	41129252	657290	True	1.288228	30.71749344249685	0.13204980918802572
6p21_MS4A_AD	LRFN2	6	40587364	41129252	541888	True	0.750097	75.08825715430281	0.15579041826611498
6p21_MS4A_AD	MDFI	6	41636882	41129252	507630	True	0.669217	9.56486624196173	0.16457383605154452
6p21_MS4A_AD	MED20	6	41921139	41129252	791887	True	2.364274	42.93219291908961	0.11212182709244557
6p21_MS4A_AD	NCR2	6	41335608	41129252	206356	True	0.778444	0.0	0.326417631774798
6p21_MS4A_AD	NFYA	6	41072974	41129252	56278	True	3.154616	69.56547580505195	0.6398853325484073
6p21_MS4A_AD	OARD1	6	41097787	41129252	31465	True	3.154616	7.071712222670243	0.760658730460579
6p21_MS4A_AD	PGC	6	41754109	41129252	624857	True	1.171535	16.68746511159075	0.1379582455573996
6p21_MS4A_AD	PRICKLE4	6	41780782	41129252	651530	True	1.28745	31.98365623276145	0.13306188708368263
6p21_MS4A_AD	RP11-298J23.10	6	41780349	41129252	651097	True	0.0	97.67278415089363	0.13313859594699484
6p21_MS4A_AD	RP5-973N23.5	6	41921139	41129252	791887	True	0.0	0.0	0.11212182709244557
6p21_MS4A_AD	TAF8	6	42050513	41129252	921261	True	0.946314	9.303344863514551	0.09791816195859825
6p21_MS4A_AD	TFEB	6	41736259	41129252	607007	True	2.877391	20.73651542838752	0.14144131529107914
6p21_MS4A_AD	TOMM6	6	41787662	41129252	658410	True	1.596447	18.295478860288604	0.13185480149259635
6p21_MS4A_AD	TREM1	6	41286682	41129252	157430	True	1.38144	38.08243567824847	0.38845511401157595
6p21_MS4A_AD	TREM2	6	41163186	41129252	33934	True	0.298941	7.740778943025199	0.7466364030044649
6p21_MS4A_AD	TREML1	6	41154337	41129252	25085	True	0.352226	5.85301662661357	0.7994563696686253
6p21_MS4A_AD	TREML2	6	41201149	41129252	71897	True	0.785451	8.941676487212343	0.5817437186221981
6p21_MS4A_AD	TREML4	6	41228339	41129252	99087	True	0.589074	166.57007016375937	0.5022929673961635
6p21_MS4A_AD	TSPO2	6	41042467	41129252	86785	True	1.501726	5.226262543859622	0.5353748962711139
6p21_MS4A_AD	UNC5CL	6	41039221	41129252	90031	True	1.501726	19.05528691679662	0.52622993090601
6p21_MS4A_AD	USP49	6	41895375	41129252	766123	True	1.349602	25.205617228485877	0.11545704247549136
8p21_CLU_AD	ADRA1A	8	26867278	27607002	739724	True	0.300782	46.58251169929467	0.1190867475503856
8p21_CLU_AD	CCDC25	8	27772653	27607002	165651	True	0.62872	58.17813812767776	0.37643374201489926
8p21_CLU_AD	CHRNA2	8	27479883	27607002	127119	True	0.323364	15.8456795151247	0.440297817443719
8p21_CLU_AD	CLU	8	27614700	27607002	7698	True	0.873543	47.71598684075804	0.9285223495329532
8p21_CLU_AD	ELP3	8	28089673	27607002	482671	True	0.635237	92.71059166947347	0.1716234375831301
8p21_CLU_AD	EPHX2	8	27490781	27607002	116221	True	0.772421	101.52894604220404	0.46248976741389597
8p21_CLU_AD	ESCO2	8	27771949	27607002	164947	True	0.62872	30.113656508691	0.37743397736151
8p21_CLU_AD	EXTL3	8	28600469	27607002	993467	True	1.019187	19.034116103427017	0.09145223404089926
8p21_CLU_AD	FBXO16	8	28490278	27607002	883276	True	1.198092	25.878472983544626	0.10170084493061968
8p21_CLU_AD	FZD3	8	28494205	27607002	887203	True	1.064998	53.59277570618943	0.10129628860528178
8p21_CLU_AD	NUGGC	8	28083936	27607002	476934	True	0.729427	12.035721036820052	0.17333005161768938
8p21_CLU_AD	PBK	8	27838082	27607002	231080	True	0.534817	6.1836546144154445	0.30204180258547786
8p21_CLU_AD	PNOC	8	28316986	27607002	709984	True	1.155248	14.582701062475516	0.12345922882427307
8p21_CLU_AD	PTK2B	8	27311482	27607002	295520	True	0.458962	24.085122370772197	0.25283171521035597
8p21_CLU_AD	SCARA3	8	27633868	27607002	26866	True	0.753125	52.72415906009533	0.788233253984519
8p21_CLU_AD	SCARA5	8	27992673	27607002	385671	True	0.360895	15.223695526890648	0.20590070232729565
8p21_CLU_AD	STMN4	8	27258420	27607002	348582	True	0.801738	49.87159103731713	0.2229246826667142
8p21_CLU_AD	TRIM35	8	27311272	27607002	295730	True	0.948528	31.2576402066466	0.25269754630682534
8p21_CLU_AD	ZNF395	8	28402701	27607002	795699	True	1.562327	10.260031512896385	0.111644648481242
1q32_CR1_AD	C1orf116	1	207032756	207518704	485948	True	1.378848	10.914028359965162	0.1706636083748046
1q32_CR1_AD	C4BPA	1	207104233	207518704	414471	True	0.186023	116.31083415299231	0.1943744156619129
1q32_CR1_AD	C4BPB	1	207088860	207518704	429844	True	1.226695	20.7394492437555	0.18873479741206844
1q32_CR1_AD	CD34	1	207911402	207518704	392698	True	0.38825	6.161574080422802	0.20296408753435166
1q32_CR1_AD	CD46	1	207752054	207518704	233350	True	1.291168	53.5345279191265	0.2999850007499625
1q32_CR1_AD	CD55	1	207321532	207518704	197172	True	2.241726	56.73627163884975	0.33650545811853066
1q32_CR1_AD	CR1	1	207496147	207518704	22557	True	0.302223	13.154944771123258	0.815946865540116
1q32_CR1_AD	CR1L	1	207645113	207518704	126409	True	0.408699	9.121613224431217	0.4416785551811103
1q32_CR1_AD	CR2	1	207454230	207518704	64474	True	0.376577	16.458218631526833	0.6079988326422413
1q32_CR1_AD	DYRK3	1	206635536	207518704	883168	True	0.713318	21.70999879719028	0.10171201666449681
1q32_CR1_AD	EIF2D	1	206612465	207518704	906239	True	0.799241	28.208756504498147	0.09937996837729406
1q32_CR1_AD	FCAMR	1	206970625	207518704	548079	True	0.439607	7.059044462150774	0.15430217612358987
1q32_CR1_AD	FCMR	1	206923247	207518704	595457	True	1.551119	11.939392804475444	0.14379034217787728
1q32_CR1_AD	IL10	1	206774541	207518704	744163	True	0.858151	8.36899582140282	0.11846053428070172
1q32_CR1_AD	IL19	1	206770764	207518704	747940	True	0.318612	29.92903539593887	0.11793287260891101
1q32_CR1_AD	IL20	1	206865623	207518704	653081	True	0.51292	15.762431129801802	0.13278784088298604
1q32_CR1_AD	IL24	1	206897443	207518704	621261	True	2.376033	9.450541825880077	0.1386460657099164
1q32_CR1_AD	MAPKAPK2	1	206684905	207518704	833799	True	1.545351	6.721029306074941	0.10708942716794514
1q32_CR1_AD	PFKFB2	1	207034366	207518704	484338	True	0.977019	42.267973937601006	0.17113383007779745
1q32_CR1_AD	PIGR	1	206946466	207518704	572238	True	0.472912	6.322351991968676	0.1487568390956774
1q32_CR1_AD	PLXNA2	1	208244384	207518704	725680	True	0.770932	9.12625054797314	0.1211122953202209
1q32_CR1_AD	YOD1	1	207052980	207518704	465724	True	1.09397	6.352422423488965	0.17676464141524842
6p21_HLA_MS	ABHD16A	6	31703356	32588921	885565	True	2.46168	15.136908626977764	0.10146464210884111
6p21_HLA_MS	AGER	6	32184322	32588921	404599	True	3.736836	45.15445424710095	0.19817716642323907
6p21_HLA_MS	AGPAT1	6	32178096	32588921	410825	True	2.959466	22.67922869668069	0.1957617579405863
6p21_HLA_MS	AIF1	6	31615217	32588921	973704	True	3.433546	15.086799359252838	0.09313553828615707
6p21_HLA_MS	APOM	6	31652416	32588921	936505	True	3.528185	16.56416996214904	0.0964780681231639
6p21_HLA_MS	ATF6B	6	32128253	32588921	460668	True	0.962043	65.93476771041549	0.17835867215535753
6p21_HLA_MS	B3GALT4	6	33277123	32588921	688202	True	1.563745	12.347816534686729	0.12687103052263252
6p21_HLA_MS	BAG6	6	31652705	32588921	936216	True	3.528185	78.73414253179364	0.09650497579655208
6p21_HLA_MS	BAK1	6	33580293	32588921	991372	True	0.683302	159.31007787777932	0.0916277859428316
6p21_HLA_MS	BRD2	6	32968594	32588921	379673	True	6.545112	14.1588245491856	0.20847535717040566
6p21_HLA_MS	BTNL2	6	32407128	32588921	181793	True	0.252324	12.509305670833005	0.35487041906647787
6p21_HLA_MS	C2	6	31897785	32588921	691136	True	0.292527	9.14350251310011	0.12640051773652064
6p21_HLA_MS	C4A	6	31982057	32588921	606864	True	2.154647	48.97928247680655	0.14146992915185946
6p21_HLA_MS	C4B	6	32014795	32588921	574126	True	0.0	37.73206130438968	0.14834022126427404
6p21_HLA_MS	C6orf47	6	31660778	32588921	928143	True	3.536939	5.805921558804989	0.09726273485303114
6p21_HLA_MS	CFB	6	31945650	32588921	643271	True	0.817175	8.574038867947655	0.13454043007193878
6p21_HLA_MS	CLIC1	6	31739763	32588921	849158	True	2.784744	9.29382692036646	0.10535653705705476
6p21_HLA_MS	COL11A2	6	33192499	32588921	603578	True	2.145483	34.37355081596293	0.1421306521807106
6p21_HLA_MS	CSNK2B	6	31665227	32588921	923694	True	2.205964	15.002222315220855	0.0976854411572208
6p21_HLA_MS	CUTA	6	33418317	32588921	829396	True	2.37586	19.705498502622444	0.10759676176785783
6p21_HLA_MS	CYP21A2	6	32038327	32588921	550594	True	0.655359	32.70516356886298	0.1537056904920734
6p21_HLA_MS	DAXX	6	33323016	32588921	734095	True	1.937404	113.72775215819992	0.11989042015597745
6p21_HLA_MS	DDAH2	6	31730617	32588921	858304	True	1.680627	15.716773422076011	0.10435102013557285
6p21_HLA_MS	DXO	6	31972290	32588921	616631	True	2.464316	24.300875414342265	0.1395418283607603
6p21_HLA_MS	EGFL8	6	32164595	32588921	424326	True	0.869371	8.538150457855888	0.1907210399636867
6p21_HLA_MS	EHMT2	6	31897687	32588921	691234	True	0.214553	13.910172574196125	0.1263848621267539
6p21_HLA_MS	FKBPL	6	32130288	32588921	458633	True	0.962043	12.89575536916774	0.17900840086425254
6p21_HLA_MS	GPANK1	6	31666283	32588921	922638	True	2.205964	29.88540235835318	0.09778631343642617
6p21_HLA_MS	GPSM3	6	32195523	32588921	393398	True	3.102106	8.888038874761131	0.20267613569572637
6p21_HLA_MS	HLA-DMA	6	32969094	32588921	380173	True	2.549766	96.84060126388611	0.20825827358056367
6p21_HLA_MS	HLA-DMB	6	32941028	32588921	352107	True	1.447156	52.85543513215709	0.22118657751373016
6p21_HLA_MS	HLA-DOA	6	33009591	32588921	420670	True	0.615105	27.582870562705928	0.19206023008815565
6p21_HLA_MS	HLA-DOB	6	32820466	32588921	231545	True	1.254734	98.3781769143187	0.3016181815439835
6p21_HLA_MS	HLA-DPA1	6	33080775	32588921	491854	True	0.888421	57.2401177045567	0.16896058825318405
6p21_HLA_MS	HLA-DPB1	6	33075990	32588921	487069	True	1.367794	35.79378958558971	0.17033772861452404
6p21_HLA_MS	HLA-DQA1	6	32628179	32588921	39258	True	0.760905	88.24777325901383	0.718091599764466
6p21_HLA_MS	HLA-DQA2	6	32741391	32588921	152470	True	0.247674	137.00625436225644	0.3960866637620311
6p21_HLA_MS	HLA-DQB1	6	32668383	32588921	79462	True	0.0	190.31120122565267	0.5572210272926859
6p21_HLA_MS	HLA-DQB2	6	32763532	32588921	174611	True	0.249155	169.9103739152826	0.3641514724464789
6p21_HLA_MS	HLA-DRA	6	32439878	32588921	149043	True	1.979966	20.690759595117218	0.4015370839573889
6p21_HLA_MS	HLA-DRB1	6	32589848	32588921	927	True	0.0	61.31531259234238	0.9908151436186552
6p21_HLA_MS	HLA-DRB5	6	32530287	32588921	58634	True	1.093242	161.6972557573534	0.6303818853461427
6p21_HLA_MS	HSD17B8	6	33204655	32588921	615734	True	2.234109	34.85512080374141	0.13971671039799702
6p21_HLA_MS	HSPA1A	6	31815543	32588921	773378	True	2.328394	6.574733220295386	0.11449796079131831
6p21_HLA_MS	HSPA1B	6	31827738	32588921	761183	True	1.792747	6.038633018125242	0.11611933816622017
6p21_HLA_MS	HSPA1L	6	31815283	32588921	773638	True	2.328394	6.694371372598276	0.11446388549948605
6p21_HLA_MS	KIFC1	6	33391823	32588921	802902	True	1.272273	8.502551997599998	0.11075399102006642
6p21_HLA_MS	LSM2	6	31806966	32588921	781955	True	1.171706	14.608694311857093	0.1133844697291812
6p21_HLA_MS	LY6G5B	6	31670167	32588921	918754	True	1.65039	48.42305198302368	0.09815912379239737
6p21_HLA_MS	LY6G5C	6	31684040	32588921	904881	True	0.795849	118.89456135197727	0.09951427084401039
6p21_HLA_MS	LY6G6C	6	31721746	32588921	867175	True	0.575743	52.31257806498591	0.10339390492930442
6p21_HLA_MS	LY6G6D	6	31715356	32588921	873565	True	1.195017	7.960391582470817	0.10271527838408324
6p21_HLA_MS	LY6G6E	6	31714065	32588921	874856	True	1.194387	11.425201577593356	0.10257925273065971
6p21_HLA_MS	LY6G6F	6	31706866	32588921	882055	True	2.46168	8.309281308532979	0.10182729073218913
6p21_HLA_MS	LY6G6F-LY6G6D	6	31706904	32588921	882017	True	0.0	0.0	0.10183123102756877
6p21_HLA_MS	MPIG6B	6	31718594	32588921	870327	True	1.573237	20.58572542578424	0.10305804125825624
6p21_HLA_MS	MSH5	6	31739677	32588921	849244	True	3.336589	10.359730295926674	0.10534699192199266
6p21_HLA_MS	MSH5-SAPCD1	6	31740020	32588921	848901	True	3.336589	0.0	0.10538507178304164
6p21_HLA_MS	NCR3	6	31593006	32588921	995915	True	1.076993	15.739947702301832	0.091247952624063
6p21_HLA_MS	NELFE	6	31959038	32588921	629883	True	1.814765	28.79548119247096	0.13700826022800916
6p21_HLA_MS	NEU1	6	31862905	32588921	726016	True	2.136165	11.753796958162118	0.12106303025607254
6p21_HLA_MS	NOTCH4	6	32224067	32588921	364854	True	0.217636	112.51657818006946	0.21512130690496367
6p21_HLA_MS	PBX2	6	32190202	32588921	398719	True	3.105	13.749650759298108	0.2005137161407526
6p21_HLA_MS	PFDN6	6	33289302	32588921	700381	True	1.303468	5.620380888000018	0.12494049708826171
6p21_HLA_MS	PHF1	6	33410399	32588921	821478	True	2.307205	6.165208746270194	0.10852131032970945
6p21_HLA_MS	PPT2	6	32153441	32588921	435480	True	1.661124	12.534697470711814	0.18674833793979234
6p21_HLA_MS	PPT2-EGFL8	6	32153845	32588921	435076	True	1.661124	0.0	0.18688933908454125
6p21_HLA_MS	PRRC2A	6	31620715	32588921	968206	True	3.432625	23.484551390403883	0.0936149019945591
6p21_HLA_MS	PRRT1	6	32153083	32588921	435838	True	1.035623	38.60770059930391	0.1866235690637842
6p21_HLA_MS	PSMB8	6	32844679	32588921	255758	True	2.602259	12.182775192638708	0.2810899544072094
6p21_HLA_MS	PSMB9	6	32844136	32588921	255215	True	1.691722	78.54827955769696	0.2815196430330926
6p21_HLA_MS	RGL2	6	33298942	32588921	710021	True	2.539305	17.038380552227906	0.12345358947484077
6p21_HLA_MS	RING1	6	33208500	32588921	619579	True	1.543832	8.032871076709636	0.13897014782254624
6p21_HLA_MS	RNF5	6	32178405	32588921	410516	True	3.731912	52.08913077326085	0.1958802466524066
6p21_HLA_MS	RPS18	6	33272075	32588921	683154	True	1.563471	114.26125986131362	0.1276888070545512
6p21_HLA_MS	RXRB	6	33200665	32588921	611744	True	2.234109	16.335372125142975	0.1404999550400144
6p21_HLA_MS	SAPCD1	6	31762996	32588921	825925	True	0.815663	8.754277638323977	0.10800010800010801
6p21_HLA_MS	SKIV2L	6	31959117	32588921	629804	True	1.814955	124.09664734429576	0.13702309113131744
6p21_HLA_MS	SLC39A7	6	33200445	32588921	611524	True	2.234109	7.292216135472144	0.1405433969901226
6p21_HLA_MS	SLC44A4	6	31879046	32588921	709875	True	1.44698	22.527367861505763	0.12347584503781449
6p21_HLA_MS	SMIM40	6	33329279	32588921	740358	True	0.0	0.0	0.11899690370056572
6p21_HLA_MS	STK19	6	31971091	32588921	617830	True	0.0	29.40309296172245	0.1393087499825864
6p21_HLA_MS	SYNGAP1	6	33419661	32588921	830740	True	2.37586	7.062242459608917	0.10744139072136151
6p21_HLA_MS	TAP1	6	32853816	32588921	264895	True	1.691722	20.525023657410564	0.27405143945518573
6p21_HLA_MS	TAP2	6	32838770	32588921	249849	True	2.410658	45.37672175760169	0.28583760422353643
6p21_HLA_MS	TAPBP	6	33314387	32588921	725466	True	2.187835	45.3804663343339	0.1211436933804663
6p21_HLA_MS	TNXB	6	32115334	32588921	473587	True	0.744611	16.68619603100585	0.1743414686874005
6p21_HLA_MS	TSBP1	6	32371912	32588921	217009	True	0.0	10.55911294792376	0.3154484572993196
6p21_HLA_MS	VARS1	6	31795752	32588921	793169	True	0.0	5.314728628607385	0.1119608942988393
6p21_HLA_MS	VPS52	6	33272047	32588921	683126	True	1.563471	11.113011531560188	0.12769337245858264
6p21_HLA_MS	VWA7	6	31777328	32588921	811593	True	1.255305	30.12374866458308	0.1096980779799757
6p21_HLA_MS	WDR46	6	33289247	32588921	700326	True	1.303512	20.04512773782266	0.12494908324857619
6p21_HLA_MS	XXbac-BPG116M5.17	6	31927698	32588921	661223	True	0.0	0.0	0.13136754932523056
6p21_HLA_MS	XXbac-BPG181M17.5	6	32953122	32588921	364201	True	0.0	0.0	0.2154239219648385
6p21_HLA_MS	XXbac-BPG185D15.13	6	33329286	32588921	740365	True	0.0	0.0	0.11899591249040598
6p21_HLA_MS	XXbac-BPG246D15.9	6	32838822	32588921	249901	True	0.0	0.0	0.28579512490675935
6p21_HLA_MS	XXbac-BPG300A18.14	6	32154373	32588921	434548	True	0.0	0.0	0.18707393910369133
6p21_HLA_MS	XXbac-BPG32J3.20	6	31714072	32588921	874849	True	0.0	0.0	0.1025799893111651
6p21_HLA_MS	XXbac-BPG32J3.22	6	31666102	32588921	922819	True	0.0	0.0	0.09776900898399424
6p21_HLA_MS	ZBTB12	6	31902086	32588921	686835	True	0.214599	63.9084526217187	0.12709144865187746
6p21_HLA_MS	ZBTB22	6	33317942	32588921	729021	True	1.785278	12.23953604946537	0.12062420614194333
6p21_HLA_MS	ZBTB9	6	33453970	32588921	865049	True	0.844785	0.0	0.10362168138612651
5p13_IL7R_MS	AGXT2	5	35048135	35876148	828013	True	0.151051	0.0	0.10775711116115831
5p13_IL7R_MS	BRIX1	5	34915677	35876148	960471	True	1.314393	5.537531622146681	0.09429772242711021
5p13_IL7R_MS	CAPSL	5	35938779	35876148	62631	True	0.150481	10.82081027178359	0.6148889203165447
5p13_IL7R_MS	DNAJC21	5	34929559	35876148	946589	True	1.359469	44.65884058273376	0.09554849133709603
5p13_IL7R_MS	IL7R	5	35852695	35876148	23453	True	1.434122	18.256473773157367	0.8100248677634404
5p13_IL7R_MS	LMBRD2	5	36151887	35876148	275739	True	1.251666	16.2423853604841	0.26614218912596244
5p13_IL7R_MS	NADK2	5	36242279	35876148	366131	True	1.363641	15.629165055940517	0.21453196633564384
5p13_IL7R_MS	PRLR	5	35230487	35876148	645661	True	0.363573	15.18414011833022	0.13410919975699412
5p13_IL7R_MS	RAD1	5	34918989	35876148	957159	True	1.314393	9.402275204096505	0.09459315013162636
5p13_IL7R_MS	RANBP3L	5	36302114	35876148	425966	True	0.627722	12.608757817581797	0.19012635797751185
5p13_IL7R_MS	SKP2	5	36151989	35876148	275841	True	1.251666	19.89809490459877	0.2660699604353969
5p13_IL7R_MS	SLC1A3	5	36596588	35876148	720440	True	0.875662	24.503367821019737	0.12188581736629127
5p13_IL7R_MS	SPEF2	5	35617844	35876148	258304	True	1.170892	29.788687193787037	0.27909261409306063
5p13_IL7R_MS	UGT3A1	5	36001028	35876148	124880	True	0.491042	5.994364832135034	0.4446816079686944
5p13_IL7R_MS	UGT3A2	5	36071358	35876148	195210	True	0.914249	12.584459099487145	0.3387419125368382
1p13_CD58_MS	ATP1A1	1	116372668	116556807	184139	True	1.636533	11.30871865457516	0.3519404235251057
1p13_CD58_MS	CASQ2	1	115768714	116556807	788093	True	0.375081	48.57378487551642	0.11260081995917096
1p13_CD58_MS	CD101	1	117001750	116556807	444943	True	0.659652	42.56779741044619	0.1835054308432258
1p13_CD58_MS	CD2	1	116754430	116556807	197623	True	0.472059	5.235454015211965	0.33599553797925563
1p13_CD58_MS	CD58	1	116571039	116556807	14232	True	1.210128	22.37913240556139	0.8754114433783878
1p13_CD58_MS	IGSF3	1	116667755	116556807	110948	True	0.394315	42.50378739111749	0.47405047689477975
1p13_CD58_MS	MAB21L3	1	116111399	116556807	445408	True	0.365569	15.089950054557782	0.18334897911288428
1p13_CD58_MS	MAN1A2	1	117367449	116556807	810642	True	0.791337	49.42056169043264	0.10981263767759449
1p13_CD58_MS	NHLH2	1	115843917	116556807	712890	True	0.804883	12.964766439108711	0.12301787449716445
1p13_CD58_MS	PTGFRN	1	116909916	116556807	353109	True	0.601288	22.87286603358234	0.22069744807540792
1p13_CD58_MS	SLC22A15	1	115976513	116556807	580294	True	1.145777	36.328617931459135	0.1469952696922213
1p13_CD58_MS	TRIM45	1	117122587	116556807	565780	True	1.396855	18.53256949576095	0.15019976568836552
1p13_CD58_MS	TTF2	1	117060326	116556807	503519	True	1.433527	66.0931668290943	0.16569486627595817
1p13_CD58_MS	VANGL1	1	115641970	116556807	914837	True	0.419796	35.833780127277215	0.0985379918154344
1p13_CD58_MS	VTCN1	1	117210960	116556807	654153	True	1.055873	11.202961788405071	0.13259908798347286
16p13_CLEC16A_MS	ATF7IP2	16	10326434	10934284	607850	True	0.423104	43.88719398273312	0.14127286854559581
16p13_CLEC16A_MS	CIITA	16	10866222	10934284	68062	True	1.264577	35.030800822977824	0.5950185050755078
16p13_CLEC16A_MS	CLEC16A	16	10944564	10934284	10280	True	0.512554	13.707431614835034	0.9067827348567283
16p13_CLEC16A_MS	CTD-3088G3.8	16	11527245	10934284	592961	True	0.0	20.74502436423457	0.14430826554452558
16p13_CLEC16A_MS	DEXI	16	10942468	10934284	8184	True	0.512554	5.968353244162577	0.9243511055239223
16p13_CLEC16A_MS	EMP2	16	10580632	10934284	353652	True	0.585801	43.87507863551842	0.22043328366236678
16p13_CLEC16A_MS	GRIN2A	16	10182928	10934284	751356	True	0.328379	51.085174678762	0.1174596760931972
16p13_CLEC16A_MS	GSPT1	16	11916082	10934284	981798	True	1.668651	35.752891275262144	0.09243869927657473
16p13_CLEC16A_MS	LITAF	16	11636381	10934284	702097	True	0.818388	59.03710906653696	0.1246732003735209
16p13_CLEC16A_MS	NUBP1	16	10743786	10934284	190498	True	1.08036	17.590268016793637	0.3442364491321799
16p13_CLEC16A_MS	PRM1	16	11281330	10934284	347046	True	0.99035	5.312579848979393	0.223690626915351
16p13_CLEC16A_MS	PRM2	16	11276480	10934284	342196	True	1.095872	5.956162419881327	0.22614406281377486
16p13_CLEC16A_MS	PRM3	16	11273629	10934284	339345	True	1.096955	5.182058008624418	0.2276115581149211
16p13_CLEC16A_MS	RMI2	16	11249619	10934284	315335	True	0.58944	111.99215837675033	0.2407694993198262
16p13_CLEC16A_MS	RSL1D1	16	11851580	10934284	917296	True	1.114177	12.610573417088077	0.09829980654598072
16p13_CLEC16A_MS	SNN	16	11668455	10934284	734171	True	1.684559	28.68112937752398	0.11987949712948545
16p13_CLEC16A_MS	SOCS1	16	11256204	10934284	321920	True	1.705239	5.820698172422013	0.23701175578308686
16p13_CLEC16A_MS	TEKT5	16	10694930	10934284	239354	True	0.108181	27.91651529697833	0.2946775343741344
16p13_CLEC16A_MS	TNP2	16	11269533	10934284	335249	True	0.592577	0.0	0.2297535433740227
16p13_CLEC16A_MS	TVP23A	16	10818794	10934284	115490	True	0.365398	11.12276633693545	0.4640586570142466
16p13_CLEC16A_MS	TXNDC11	16	11742857	10934284	808573	True	2.156581	22.874512228063768	0.11006270272174058
16p13_CLEC16A_MS	ZC3H7A	16	11797258	10934284	862974	True	1.332101	13.631038483479054	0.10384496362310924
9q34_ABO_VTE	ABO	9	133276024	133256042	19982	True	0.595729	85.76876750119244	0.8334583520861464
9q34_ABO_VTE	ADAMTS13	9	133414358	133256042	158316	True	0.601155	33.8051222793371	0.3871227488812153
9q34_ABO_VTE	ADAMTSL2	9	133532164	133256042	276122	True	0.613685	27.87163304606192	0.26587118009582
9q34_ABO_VTE	AK8	9	132878777	133256042	377265	True	0.647923	42.91072029901106	0.20952720186898263
9q34_ABO_VTE	BARHL1	9	132582606	133256042	673436	True	0.145605	5.0484060608482295	0.1292931800433391
9q34_ABO_VTE	BRD3	9	134068535	133256042	812493	True	1.225581	25.723800230262743	0.10958988178539451
9q34_ABO_VTE	BRD3OS	9	134025481	133256042	769439	True	0.0	31.662826368758537	0.11501669467323182
9q34_ABO_VTE	CACFD1	9	133459965	133256042	203923	True	0.900975	39.72172209764676	0.32903070843601834
9q34_ABO_VTE	CEL	9	133061981	133256042	194061	True	0.838902	13.387525555885924	0.34006549661464797
9q34_ABO_VTE	CFAP77	9	132410043	133256042	845999	True	0.733389	6.798758594067648	0.10570835698557822
9q34_ABO_VTE	DBH	9	133636363	133256042	380321	True	0.736948	30.127820410053136	0.20819410352659992
9q34_ABO_VTE	DDX31	9	132670401	133256042	585641	True	1.198343	106.01110898386808	0.14584892093675844
9q34_ABO_VTE	FAM163B	9	133609389	133256042	353347	True	0.0	47.01269535084506	0.22058158540808698
9q34_ABO_VTE	GBGT1	9	133163933	133256042	92109	True	0.660783	15.847185927114422	0.5205378196752886
9q34_ABO_VTE	GFI1B	9	132944000	133256042	312042	True	1.455301	25.33268249339013	0.24269370598142906
9q34_ABO_VTE	GTF3C4	9	132670035	133256042	586007	True	1.198343	7.47966715362538	0.1457711072919081
9q34_ABO_VTE	GTF3C5	9	133030675	133256042	225367	True	1.294131	20.16382975055412	0.3073452439860219
9q34_ABO_VTE	MED22	9	133348131	133256042	92089	True	0.895351	58.33099663136861	0.5205920172420077
9q34_ABO_VTE	MYMK	9	133528612	133256042	272570	True	0.0	29.21058076823656	0.26840593713932953
9q34_ABO_VTE	OBP2B	9	133209250	133256042	46792	True	0.0	52.42817125892431	0.6812360346612895
9q34_ABO_VTE	RALGDS	9	133149334	133256042	106708	True	2.755174	14.738002427015092	0.4837742128993557
9q34_ABO_VTE	REXO4	9	133418096	133256042	162054	True	0.566954	29.185761729709835	0.3816007387790303
9q34_ABO_VTE	RP11-326L24.9	9	133163914	133256042	92128	True	0.0	0.0	0.5204863424383744
9q34_ABO_VTE	RPL7A	9	133348218	133256042	92176	True	0.895351	6.839618516581094	0.5203563400216469
9q34_ABO_VTE	SARDH	9	133739955	133256042	483913	True	0.475785	57.73201912531663	0.17125838952035663
9q34_ABO_VTE	SETX	9	132354986	133256042	901056	True	1.187511	44.38478771854574	0.09989451139596586
9q34_ABO_VTE	SLC2A6	9	133479127	133256042	223085	True	1.311163	12.099326515014598	0.30951607162201894
9q34_ABO_VTE	SPACA9	9	132878027	133256042	378015	True	0.647923	9.01236411887808	0.20919845611539387
9q34_ABO_VTE	STKLD1	9	133376366	133256042	120324	True	1.595154	19.981287021786567	0.4538770174833427
9q34_ABO_VTE	SURF1	9	133356676	133256042	100634	True	0.721893	65.20201269507481	0.4984200085728242
9q34_ABO_VTE	SURF2	9	133356550	133256042	100508	True	0.721919	14.908779874614131	0.49873321762722683
9q34_ABO_VTE	SURF4	9	133376166	133256042	120124	True	1.595154	14.819295069263106	0.454289400519707
9q34_ABO_VTE	SURF6	9	133336188	133256042	80146	True	0.624161	74.91925088909252	0.5551053034760693
9q34_ABO_VTE	TSC1	9	132946874	133256042	309168	True	1.455301	29.0118487756875	0.2443983889258202
9q34_ABO_VTE	TTF1	9	132406851	133256042	849191	True	0.73304	8.324945168558529	0.10535287418443705
9q34_ABO_VTE	VAV2	9	133992604	133256042	736562	True	1.518146	47.553913515186665	0.11953686636495561
9q34_ABO_VTE	WDR5	9	134135365	133256042	879323	True	0.950853	44.58919915513748	0.10211135651873796
1q23_F5_VTE	ATP1B1	1	169105697	169549811	444114	True	1.097327	20.74717608470993	0.18378501564010483
1q23_F5_VTE	BLZF1	1	169367970	169549811	181841	True	1.192362	21.47628474109881	0.35480998151439996
1q23_F5_VTE	C1orf112	1	169662007	169549811	112196	True	0.907704	34.878972270825244	0.47126241776470806
1q23_F5_VTE	CCDC181	1	169460669	169549811	89142	True	0.463145	38.573949302379496	0.5287033022808261
1q23_F5_VTE	DPT	1	168729206	169549811	820605	True	0.248287	11.087320500806111	0.10862421994232055
1q23_F5_VTE	F5	1	169586588	169549811	36777	True	0.369052	36.54998350171749	0.731117073777024
1q23_F5_VTE	GORAB	1	170532131	169549811	982320	True	1.208335	30.495756198975887	0.09239411634267129
1q23_F5_VTE	KIFAP3	1	170085208	169549811	535397	True	0.600521	34.93105386079156	0.15738192027976208
1q23_F5_VTE	METTL11B	1	170145959	169549811	596148	True	0.276284	9.37857339571498	0.14364761516229307
1q23_F5_VTE	METTL18	1	169794963	169549811	245152	True	0.907704	79.3497255117092	0.2897274244390877
1q23_F5_VTE	NME7	1	169367948	169549811	181863	True	1.192362	88.20163253228975	0.35478228784906146
1q23_F5_VTE	SCYL3	1	169894267	169549811	344456	True	1.879863	26.86202907158448	0.22499415015209603
1q23_F5_VTE	SELE	1	169764705	169549811	214894	True	0.244213	20.905818963733022	0.3175671813372119
1q23_F5_VTE	SELL	1	169711702	169549811	161891	True	0.327952	25.437685718809483	0.381838245682364
1q23_F5_VTE	SELP	1	169630193	169549811	80382	True	0.099678	8.016537449757129	0.5543790400372542
1q23_F5_VTE	SLC19A2	1	169485944	169549811	63867	True	2.76433	11.333849078476607	0.6102509962347514
1q23_F5_VTE	XCL1	1	168576605	169549811	973206	True	0.075297	36.7200297943888	0.09317875598906454
11p11_F2_VTE	ACP2	11	47248906	46722289	526617	True	1.455227	38.06596538046694	0.1595871162129339
11p11_F2_VTE	AGBL2	11	47715389	46722289	993100	True	0.719344	10.100404360602376	0.09148293843198244
11p11_F2_VTE	AMBRA1	11	46594125	46722289	128164	True	0.933017	5.683543181598758	0.4382812363037114
11p11_F2_VTE	ARFGAP2	11	47177125	46722289	454836	True	1.651245	14.644834016497272	0.1802334383493501
11p11_F2_VTE	ARHGAP1	11	46700619	46722289	21670	True	1.942822	31.70187208026114	0.8218952905399852
11p11_F2_VTE	ATG13	11	46617527	46722289	104762	True	1.545913	17.719608316226342	0.4883718658735507
11p11_F2_VTE	C11orf49	11	46936689	46722289	214400	True	0.279314	63.77463126536109	0.31806615776081426
11p11_F2_VTE	C11orf94	11	45907272	46722289	815017	True	1.287282	0.0	0.10928758700658021
11p11_F2_VTE	C1QTNF4	11	47594411	46722289	872122	True	0.69393	82.80958145161806	0.1028677470523247
11p11_F2_VTE	CELF1	11	47565569	46722289	843280	True	0.664925	11.57324644714192	0.10601306080909167
11p11_F2_VTE	CHRM4	11	46391776	46722289	330513	True	1.329673	7.313221669977608	0.23228102287271232
11p11_F2_VTE	CKAP5	11	46846308	46722289	124019	True	1.188926	6.111783426893823	0.4463907079310237
11p11_F2_VTE	CREB3L1	11	46277662	46722289	444627	True	1.815407	4.94149426097007	0.18361190319246015
11p11_F2_VTE	CRY2	11	45847118	46722289	875171	True	1.245888	12.386511251915335	0.1025461175527164
11p11_F2_VTE	DDB2	11	47214465	46722289	492176	True	2.099198	21.735959409476475	0.16886871470643863
11p11_F2_VTE	DGKZ	11	46332905	46722289	389384	True	1.298812	9.365671886733848	0.2043385153580828
11p11_F2_VTE	F2	11	46719196	46722289	3093	True	0.666053	14.48687433088599	0.9699979630042778
11p11_F2_VTE	FAM180B	11	47586678	46722289	864389	True	1.200631	8.81100967935622	0.10369259707441705
11p11_F2_VTE	HARBI1	11	46617909	46722289	104380	True	1.545913	5.541625073118301	0.4892846658185732
11p11_F2_VTE	KBTBD4	11	47578976	46722289	856687	True	1.19799	4.051043528210628	0.10452739506233491
11p11_F2_VTE	LARGE2	11	45921621	46722289	800668	True	1.723314	13.576668914374032	0.11102870314033585
11p11_F2_VTE	LRP4	11	46918642	46722289	196353	True	0.498218	63.34373213990872	0.33743542329586673
11p11_F2_VTE	MADD	11	47269161	46722289	546872	True	2.888067	29.12862732971679	0.15459008892021914
11p11_F2_VTE	MAPK8IP1	11	45885651	46722289	836638	True	0.505809	46.67514161180113	0.10676483337212456
11p11_F2_VTE	MDK	11	46380756	46722289	341533	True	1.745453	11.67703477333372	0.22648363768959512
11p11_F2_VTE	MTCH2	11	47642607	46722289	920318	True	1.447962	33.09310224878869	0.0980086600452016
11p11_F2_VTE	MYBPC3	11	47352702	46722289	630413	True	0.794914	27.628186161869948	0.13690884472209558
11p11_F2_VTE	NDUFS3	11	47565336	46722289	843047	True	1.19799	12.383573852497848	0.10603925361090169
11p11_F2_VTE	NR1H3	11	47248300	46722289	526011	True	1.459374	14.401249970931293	0.15974160198462967
11p11_F2_VTE	PACSIN3	11	47186443	46722289	464154	True	3.659666	34.07459043528633	0.17725656469687354
11p11_F2_VTE	PEX16	11	45918812	46722289	803477	True	2.151064	10.680627405260196	0.110683503841271
11p11_F2_VTE	PHF21A	11	46121454	46722289	600835	True	1.546378	4.702410177197431	0.14268693772428603
11p11_F2_VTE	PSMC3	11	47426473	46722289	704184	True	2.28886	15.028772872926996	0.12434965132357768
11p11_F2_VTE	PTPMT1	11	47565430	46722289	843141	True	0.995531	8.041828544594889	0.10602868500044002
11p11_F2_VTE	RAPSN	11	47449143	46722289	726854	True	0.606182	15.689376775061902	0.12094033529498557
11p11_F2_VTE	SLC35C1	11	45804072	46722289	918217	True	1.517609	20.29640601117969	0.09821089217720781
11p11_F2_VTE	SLC39A13	11	47407132	46722289	684843	True	1.546587	16.383129756903827	0.12741401783541423
11p11_F2_VTE	SPI1	11	47378547	46722289	656258	True	1.531559	5.052445221919625	0.1322300061619183
11p11_F2_VTE	ZNF408	11	46701030	46722289	21259	True	1.942822	15.201812204133468	0.8246810546021326
4q32_FGG_VTE	DCHS2	4	154491799	154588547	96748	True	0.053476	41.53684788335638	0.5082643787992762
4q32_FGG_VTE	FGA	4	154590745	154588547	2198	True	0.309862	7.064417167464212	0.9784927297990175
4q32_FGG_VTE	FGB	4	154563011	154588547	25536	True	0.586479	8.307265853362617	0.7965842467499362
4q32_FGG_VTE	FGG	4	154612967	154588547	24420	True	0.226992	37.36717437176929	0.8037293039704227
4q32_FGG_VTE	LRAT	4	154626945	154588547	38398	True	0.346278	30.12579252967026	0.722553794129973
4q32_FGG_VTE	MAP9	4	155376970	154588547	788423	True	0.68635	33.71095090680615	0.1125589949832456
4q32_FGG_VTE	NPY2R	4	155208636	154588547	620089	True	0.192099	27.206094423851564	0.13887172280093155
4q32_FGG_VTE	PLRG1	4	154550400	154588547	38147	True	0.461398	19.452850735113092	0.7238666058618718
4q32_FGG_VTE	RBM46	4	154781213	154588547	192666	True	0.129078	9.792589164659232	0.34168642753172557
4q32_FGG_VTE	RNF175	4	153760024	154588547	828523	True	0.705951	27.91373273375074	0.10769792455329592
4q32_FGG_VTE	SFRP2	4	153789083	154588547	799464	True	0.879804	8.176165312578087	0.11117732338370406
4q32_FGG_VTE	TLR2	4	153684070	154588547	904477	True	0.674217	62.50039263697618	0.09955429541940732
6q25_ESR1_BMD	AKAP12	6	151239967	151806367	566400	True	0.766274	7.842286418243933	0.15006002400960386
6q25_ESR1_BMD	ARMT1	6	151452258	151806367	354109	True	1.171285	16.039015318167294	0.22021144703143955
6q25_ESR1_BMD	CCDC170	6	151494017	151806367	312350	True	0.282804	25.67445765584837	0.24251242876197404
6q25_ESR1_BMD	ESR1	6	151656691	151806367	149676	True	0.642345	9.501026791233253	0.40051907271824283
6q25_ESR1_BMD	MTHFD1L	6	150865679	151806367	940688	True	1.955888	13.502119817725951	0.09609027873868058
6q25_ESR1_BMD	MYCT1	6	152697895	151806367	891528	True	0.489774	5.876001442143877	0.10085443880556072
6q25_ESR1_BMD	RMND1	6	151452158	151806367	354209	True	1.171285	34.70893099615901	0.22016296462641646
6q25_ESR1_BMD	SYNE1	6	152637801	151806367	831434	True	0.284624	17.278444927296682	0.1073613374645976
6q25_ESR1_BMD	VIP	6	152750797	151806367	944430	True	0.047453	16.084694632791926	0.09574600499794146
6q25_ESR1_BMD	ZBTB2	6	151391559	151806367	414808	True	2.958186	8.718439432872751	0.1942471756460661
8q24_TNFRSF11B_BMD	CCN3	8	119416446	118937061	479385	True	0.0	26.162788576824045	0.17259680523313514
8q24_TNFRSF11B_BMD	COLEC10	8	118995452	118937061	58391	True	0.115376	36.68453557698574	0.6313490034155982
8q24_TNFRSF11B_BMD	DEPTOR	8	119873717	118937061	936656	True	1.081812	68.13090504587485	0.09646401506382059
8q24_TNFRSF11B_BMD	DSCC1	8	119855894	118937061	918833	True	0.904928	126.3220683602029	0.09815151256388437
8q24_TNFRSF11B_BMD	ENPP2	8	119673453	118937061	736392	True	0.437628	11.457036466957698	0.1195611627083951
8q24_TNFRSF11B_BMD	EXT1	8	118111826	118937061	825235	True	1.283437	27.399375550411097	0.10808064978086648
8q24_TNFRSF11B_BMD	MAL2	8	119165034	118937061	227973	True	2.705201	52.8610061394386	0.3049031475151918
8q24_TNFRSF11B_BMD	SAMD12	8	118622112	118937061	314949	True	2.12467	65.35366588411428	0.2409934714868574
8q24_TNFRSF11B_BMD	TAF2	8	119832841	118937061	895780	True	0.996453	18.90592736120817	0.1004237883869931
8q24_TNFRSF11B_BMD	TNFRSF11B	8	118951885	118937061	14824	True	0.407628	17.469219069394384	0.8708980700898767
13q14_TNFSF11_BMD	AKAP11	13	42272152	42559286	287134	True	0.925529	38.78446024974475	0.25830849266662187
13q14_TNFSF11_BMD	DGKH	13	42040036	42559286	519250	True	0.087191	14.051847297623825	0.16148566814695195
13q14_TNFSF11_BMD	DNAJC15	13	43023203	42559286	463917	True	0.570388	161.0868465652613	0.1773310611313367
13q14_TNFSF11_BMD	EPSTI1	13	42992271	42559286	432985	True	0.699998	34.391362732821285	0.18762254097207237
13q14_TNFSF11_BMD	FAM216B	13	42781550	42559286	222264	True	0.213229	18.710263929484167	0.3103045949904426
13q14_TNFSF11_BMD	TNFSF11	13	42562736	42559286	3450	True	0.196419	7.575066120558584	0.9666505558240697
13q14_TNFSF11_BMD	VWA8	13	41961120	42559286	598166	True	0.584247	22.0262373393906	0.14323241177599597
17q21_WNT4_BMD	ARL17A	17	46579691	46800710	221019	True	0.0	48.09772943065043	0.3115080415800934
17q21_WNT4_BMD	ARL17B	17	46361797	46800710	438913	True	0.0	60.02232074072754	0.185558707991828
17q21_WNT4_BMD	CDC27	17	47189422	46800710	388712	True	1.72153	60.2399916508971	0.20461948959714518
17q21_WNT4_BMD	EFCAB13	17	47323290	46800710	522580	True	2.358732	48.26259582945411	0.16062192810562498
17q21_WNT4_BMD	GOSR2	17	46923075	46800710	122365	True	1.228529	35.264081883468705	0.4497110606435365
17q21_WNT4_BMD	ITGB3	17	47253827	46800710	453117	True	0.419311	22.354139726848874	0.18079357531950743
17q21_WNT4_BMD	KANSL1	17	46225389	46800710	575321	True	3.560725	63.63553343294574	0.14807772896148647
17q21_WNT4_BMD	KPNB1	17	47649476	46800710	848766	True	2.247373	7.480429247706477	0.10540006703444263
17q21_WNT4_BMD	LRRC37A	17	46292733	46800710	507977	True	0.0	107.11054197961572	0.16447990631224538
17q21_WNT4_BMD	LRRC37A2	17	46511511	46800710	289199	True	0.0	119.09380830980658	0.2569379674665146
17q21_WNT4_BMD	MAPT	17	45894527	46800710	906183	True	0.662692	117.50217088367243	0.09938549945685823
17q21_WNT4_BMD	MYL4	17	47200446	46800710	399736	True	1.292308	38.030564982836886	0.20010565578625514
17q21_WNT4_BMD	NPEPPS	17	47522942	46800710	722232	True	2.484396	17.186052917435063	0.12162017532764476
17q21_WNT4_BMD	NSF	17	46590669	46800710	210041	True	0.0	25.382327756768472	0.3225379869114085
17q21_WNT4_BMD	RP11-156P1.2	17	46923133	46800710	122423	True	0.0	0.0	0.44959379200891997
17q21_WNT4_BMD	RP11-290H9.2	17	47253897	46800710	453187	True	0.0	0.0	0.18077069779297056
17q21_WNT4_BMD	RPRML	17	46979253	46800710	178543	True	0.543786	28.64161204696248	0.359010996506823
17q21_WNT4_BMD	SPPL2C	17	45844881	46800710	955829	True	0.102045	24.177072569527244	0.09471230663298698
17q21_WNT4_BMD	STH	17	45999250	46800710	801460	True	0.14738	5.333614012608778	0.11093115612450913
17q21_WNT4_BMD	TBKBP1	17	47694081	46800710	893371	True	1.537601	100.66012341665076	0.10066732368873262
17q21_WNT4_BMD	TBX21	17	47733236	46800710	932526	True	0.623736	5.725777473395719	0.09684986140784832
17q21_WNT4_BMD	WNT3	17	46833154	46800710	32444	True	2.436311	69.95453228050815	0.7550360907251367
17q21_WNT4_BMD	WNT9B	17	46833201	46800710	32491	True	0.226678	8.159578967985233	0.7547682484093259
11q13_LRP5_BMD	ACY3	11	67650730	68341770	691040	True	1.825642	18.17978999925453	0.12641585760517798
11q13_LRP5_BMD	AIP	11	67468174	68341770	873596	True	1.830318	18.64439716409296	0.10271200785541436
11q13_LRP5_BMD	ALDH3B1	11	68008578	68341770	333192	True	1.870199	61.40941449464791	0.23084452159781343
11q13_LRP5_BMD	ALDH3B2	11	67681224	68341770	660546	True	0.750235	75.32643449171867	0.1314844861454797
11q13_LRP5_BMD	AP003419.11	11	67373584	68341770	968186	True	0.0	0.0	0.09361665477735151
11q13_LRP5_BMD	C11orf24	11	68272001	68341770	69769	True	1.633925	167.22566627950482	0.5890356896724372
11q13_LRP5_BMD	CABP2	11	67524517	68341770	817253	True	0.097667	0.0	0.10902117518285577
11q13_LRP5_BMD	CABP4	11	67452406	68341770	889364	True	0.787113	6.191705283181841	0.10107503406228649
11q13_LRP5_BMD	CARNS1	11	67414968	68341770	926802	True	1.986504	19.738164002860312	0.09738975966155111
11q13_LRP5_BMD	CDK2AP2	11	67508649	68341770	833121	True	1.699679	12.406739415291106	0.10716723768943148
11q13_LRP5_BMD	CHKA	11	68121444	68341770	220326	True	2.067752	15.115031405791571	0.31218196462353975
11q13_LRP5_BMD	CLCF1	11	67374177	68341770	967593	True	2.010161	13.62873628736319	0.09366865462774672
11q13_LRP5_BMD	CORO1B	11	67443821	68341770	897949	True	1.220663	21.78949153460606	0.10020552152464705
11q13_LRP5_BMD	CPT1A	11	68844410	68341770	502640	True	1.325136	12.534591865019786	0.16593654586486128
11q13_LRP5_BMD	GAL	11	68683779	68341770	342009	True	0.222703	39.57309366161474	0.22623973719992127
11q13_LRP5_BMD	GPR152	11	67452729	68341770	889041	True	0.86932	5.6955094722265125	0.1011080430437161
11q13_LRP5_BMD	GSTP1	11	67583742	68341770	758028	True	1.257426	30.32078385084576	0.11654631317392905
11q13_LRP5_BMD	IGHMBP2	11	68903863	68341770	562093	True	0.32999	189.9561584939313	0.15103618373853822
11q13_LRP5_BMD	KMT5B	11	68213828	68341770	127942	True	1.507962	5.547971163838707	0.43870809240947256
11q13_LRP5_BMD	LRP5	11	68312591	68341770	29179	True	1.145611	33.85452700188974	0.7741196324479985
11q13_LRP5_BMD	MRGPRD	11	68980986	68341770	639216	True	0.124092	35.06153581603329	0.13527845717625162
11q13_LRP5_BMD	MRGPRF	11	69013382	68341770	671612	True	1.707367	14.54224069148235	0.1295988139116551
11q13_LRP5_BMD	MRPL21	11	68903835	68341770	562065	True	0.32999	181.4609891758033	0.15104257134873464
11q13_LRP5_BMD	MYEOV	11	69294151	68341770	952381	True	1.890946	60.310326273673205	0.09502262013472308
11q13_LRP5_BMD	NDUFS8	11	68030617	68341770	311153	True	1.566907	40.50346056234655	0.24321846125408303
11q13_LRP5_BMD	NDUFV1	11	67605653	68341770	736117	True	0.637418	53.06160988203063	0.1196004865347792
11q13_LRP5_BMD	NUDT8	11	67629937	68341770	711833	True	2.586467	60.07992313317607	0.12317804277480714
11q13_LRP5_BMD	PITPNM1	11	67506263	68341770	835507	True	2.463606	5.299859846973533	0.10689390886439118
11q13_LRP5_BMD	POLD4	11	67356972	68341770	984798	True	2.625791	6.953173290812656	0.0921830608094779
11q13_LRP5_BMD	PPP1CA	11	67421183	68341770	920587	True	1.127948	5.475741523668035	0.09798282752964714
11q13_LRP5_BMD	PPP6R3	11	68460731	68341770	118961	True	2.014249	7.990850920482462	0.45670233511903946
11q13_LRP5_BMD	PTPRCAP	11	67437682	68341770	904088	True	1.219599	0.0	0.09959286437045359
11q13_LRP5_BMD	RP11-554A11.11	11	69072915	68341770	731145	True	0.0	0.0	0.12031594968386983
11q13_LRP5_BMD	RPS6KB2	11	67428460	68341770	913310	True	1.883728	60.824146220178	0.09868648291243548
11q13_LRP5_BMD	SMIM38	11	69155478	68341770	813708	True	0.0	0.0	0.10944415502545672
11q13_LRP5_BMD	TBC1D10C	11	67403915	68341770	937855	True	1.683727	6.691217960202186	0.09635257333635237
11q13_LRP5_BMD	TBX10	11	67639763	68341770	702007	True	0.891675	31.30090146351916	0.12468719100955478
11q13_LRP5_BMD	TCIRG1	11	68039025	68341770	302745	True	1.546952	44.91158392594568	0.24829606823175956
11q13_LRP5_BMD	TESMIN	11	68751520	68341770	409750	True	0.919443	38.76907872101	0.196174595389897
11q13_LRP5_BMD	TMEM134	11	67469272	68341770	872498	True	1.219272	10.036561637041151	0.10282797496755777
11q13_LRP5_BMD	TPCN2	11	69048932	68341770	707162	True	0.926853	40.90731443706251	0.12389086701306554
11q13_LRP5_BMD	UNC93B1	11	68004982	68341770	336788	True	1.872198	36.6688461217204	0.22894401860856986
12q24_SH2B3_BP	ACAD10	12	111686053	111446804	239249	True	0.687184	7.058184071712971	0.29476873918567187
12q24_SH2B3_BP	ALDH2	12	111766887	111446804	320083	True	0.815627	31.05911561632577	0.2380481952376078
12q24_SH2B3_BP	ARPC3	12	110450422	111446804	996382	True	0.971988	48.22837724790279	0.09120908588429945
12q24_SH2B3_BP	ATXN2	12	111599676	111446804	152872	True	1.259164	5.879439229432401	0.395456990097757
12q24_SH2B3_BP	BRAP	12	111685956	111446804	239152	True	0.687184	7.63211690833525	0.29485304524225125
12q24_SH2B3_BP	CCDC63	12	110846769	111446804	600035	True	0.254263	8.799636578582133	0.142850000357125
12q24_SH2B3_BP	CUX2	12	111034165	111446804	412639	True	0.255418	10.833339034301478	0.19506904468836744
12q24_SH2B3_BP	ERP29	12	112013348	111446804	566544	True	1.638991	6.403102850092865	0.1500276050793346
12q24_SH2B3_BP	FAM216A	12	110468415	111446804	978389	True	1.399411	24.203843511948783	0.09273091620927143
12q24_SH2B3_BP	GPN3	12	110469268	111446804	977536	True	1.399411	102.26443543008274	0.09280432393906098
12q24_SH2B3_BP	HECTD4	12	112382439	111446804	935635	True	0.62489	12.90756008866886	0.09655911590473477
12q24_SH2B3_BP	HVCN1	12	110704950	111446804	741854	True	1.266439	6.719920398589951	0.1187854426064377
12q24_SH2B3_BP	MAPKAPK5	12	111842228	111446804	395424	True	1.151972	31.882251574128137	0.2018473065495414
12q24_SH2B3_BP	MYL2	12	110921443	111446804	525361	True	0.492433	4.772087598248252	0.15990763734866742
12q24_SH2B3_BP	NAA25	12	112108796	111446804	661992	True	1.168974	23.98485828496321	0.13123497359552333
12q24_SH2B3_BP	PHETA1	12	111369121	111446804	77683	True	0.0	13.890877245841914	0.5628000427728033
12q24_SH2B3_BP	PPP1CC	12	110742939	111446804	703865	True	0.550381	6.404942703465399	0.1243989973440814
12q24_SH2B3_BP	PPTC7	12	110583318	111446804	863486	True	1.389342	9.35124978730198	0.10378978002794022
12q24_SH2B3_BP	PTPN11	12	112418351	111446804	971547	True	1.091711	5.446103629317274	0.09332301802907385
12q24_SH2B3_BP	RAD9B	12	110501655	111446804	945149	True	1.20981	18.79195657075469	0.09568013747322153
12q24_SH2B3_BP	RP11-162P23.2	12	111753890	111446804	307086	True	0.0	0.0	0.24564833966287225
12q24_SH2B3_BP	RPL6	12	112418838	111446804	972034	True	0.886108	4.952152942103964	0.09328062356231238
12q24_SH2B3_BP	SH2B3	12	111405923	111446804	40881	True	1.760204	12.623687714752442	0.7098189251921835
12q24_SH2B3_BP	TCTN1	12	110614027	111446804	832777	True	0.463777	17.163646763482173	0.10720676002946043
12q24_SH2B3_BP	TMEM116	12	112013185	111446804	566381	True	1.638991	54.22434077396136	0.15006430255364425
12q24_SH2B3_BP	TRAFD1	12	112125538	111446804	678734	True	0.861992	7.5038885362841	0.12841355328006737
12q24_SH2B3_BP	VPS29	12	110502111	111446804	944693	True	1.20981	28.649428320254646	0.09572190107524411
10q24_CYP17A1_BP	ACTR1A	10	102502712	102837483	334771	True	1.508038	12.079182462073875	0.23000614116396906
10q24_CYP17A1_BP	ARL3	10	102714397	102837483	123086	True	1.649961	23.748758543370972	0.4482576226208727
10q24_CYP17A1_BP	ARMH3	10	102056193	102837483	781290	True	0.0	18.842549276368267	0.11347002689239638
10q24_CYP17A1_BP	AS3MT	10	102869470	102837483	31987	True	0.347642	130.44150623040198	0.7576503746581104
10q24_CYP17A1_BP	ATP5MK	10	103396492	102837483	559009	True	0.0	13.217473629842443	0.1517429959226657
10q24_CYP17A1_BP	BORCS7	10	102854259	102837483	16776	True	0.912274	79.5361383529839	0.8563403439062822
10q24_CYP17A1_BP	BORCS7-ASMT	10	102854272	102837483	16789	True	0.912274	0.0	0.8562450230758033
10q24_CYP17A1_BP	C10orf95	10	102451543	102837483	385940	True	0.947125	9.312142098370629	0.20578672264065523
10q24_CYP17A1_BP	CALHM1	10	103458900	102837483	621417	True	0.968724	4.12786937761616	0.13861608473324027
10q24_CYP17A1_BP	CALHM2	10	103452402	102837483	614919	True	0.986737	21.963331189699904	0.13987598595085599
10q24_CYP17A1_BP	CALHM3	10	103479240	102837483	641757	True	0.847163	5.643268748296894	0.13481504050517892
10q24_CYP17A1_BP	CNNM2	10	102918294	102837483	80811	True	1.109875	20.90646975478673	0.5530636963459081
10q24_CYP17A1_BP	CUEDC2	10	102432584	102837483	404899	True	0.856029	9.605203472197966	0.19805941386297063
10q24_CYP17A1_BP	CYP17A1	10	102837472	102837483	11	True	0.546291	7.068274210572548	0.9998900120986691
10q24_CYP17A1_BP	ELOVL3	10	102226299	102837483	611184	True	0.688473	6.109750608937229	0.14061058741479
10q24_CYP17A1_BP	FBXL15	10	102419189	102837483	418294	True	1.535378	4.986686577467695	0.1929406861742563
10q24_CYP17A1_BP	GBF1	10	102245371	102837483	592112	True	1.088175	6.933416929156351	0.14448528561851262
10q24_CYP17A1_BP	HPS6	10	102065349	102837483	772134	True	0.789264	30.436777669808247	0.1146612791153653
10q24_CYP17A1_BP	INA	10	103277138	102837483	439655	True	0.968763	12.136038067070428	0.18530357357941646
10q24_CYP17A1_BP	KCNIP2	10	101843920	102837483	993563	True	0.741892	8.781732401082023	0.09144420577506737
10q24_CYP17A1_BP	LDB1	10	102120368	102837483	717115	True	3.915679	22.14538489911489	0.12238179448425252
10q24_CYP17A1_BP	MFSD13A	10	102461395	102837483	376088	True	0.606058	109.09551978384752	0.21004520172741173
10q24_CYP17A1_BP	NEURL1	10	103493979	102837483	656496	True	0.594082	10.857932932564324	0.13218840549057762
10q24_CYP17A1_BP	NFKB2	10	102394110	102837483	443373	True	2.863009	7.191920078152112	0.18403564402353448
10q24_CYP17A1_BP	NOLC1	10	102152176	102837483	685307	True	2.622211	12.008068547339134	0.12733873504247384
10q24_CYP17A1_BP	NT5C2	10	103277605	102837483	440122	True	0.669778	22.623673107964997	0.18514335650093866
10q24_CYP17A1_BP	PCGF6	10	103351144	102837483	513661	True	0.467815	6.067317763133064	0.16295642056444845
10q24_CYP17A1_BP	PDCD11	10	103396626	102837483	559143	True	0.81378	26.349019696068066	0.15171214743993336
10q24_CYP17A1_BP	PITX3	10	102241512	102837483	595971	True	0.823245	18.193923861952825	0.14368414775903018
10q24_CYP17A1_BP	PPRC1	10	102132994	102837483	704489	True	1.706486	5.460259161425996	0.12430250755448491
10q24_CYP17A1_BP	PSD	10	102421539	102837483	415944	True	1.460554	6.558463532554234	0.19381948428511622
10q24_CYP17A1_BP	RPEL1	10	103245887	102837483	408404	True	0.284567	0.0	0.19669396778939585
10q24_CYP17A1_BP	SFXN2	10	102714538	102837483	122945	True	1.649961	59.44149902864951	0.44854112000717666
10q24_CYP17A1_BP	SUFU	10	102503972	102837483	333511	True	1.508038	13.327630561937555	0.23067465416102473
10q24_CYP17A1_BP	TAF5	10	103367976	102837483	530493	True	0.712016	5.344695373660478	0.1586060432074583
10q24_CYP17A1_BP	TRIM8	10	102644479	102837483	193004	True	8.36709	20.07739493661393	0.3412922690475215
10q24_CYP17A1_BP	WBP1L	10	102743948	102837483	93535	True	3.666696	21.15010907681801	0.5167024052496964
17q21_PLCD3_BP	ADAM11	17	44758988	44048279	710709	True	0.333742	66.01007521008154	0.12334882183372826
17q21_PLCD3_BP	ARL4D	17	43398993	44048279	649286	True	1.875269	92.69340772085825	0.1334603876223498
17q21_PLCD3_BP	ASB16	17	44170447	44048279	122168	True	0.850385	39.71764983107691	0.45010982679773864
17q21_PLCD3_BP	ATXN7L3	17	44200113	44048279	151834	True	3.554581	5.519349283009286	0.3970869699881668
17q21_PLCD3_BP	BRCA1	17	43170245	44048279	878034	True	1.255797	15.881698891281433	0.10224593419042691
17q21_PLCD3_BP	C1QL1	17	44968303	44048279	920024	True	0.703276	10.787535388091388	0.09803690893547602
17q21_PLCD3_BP	CCDC103	17	44899142	44048279	850863	True	1.182444	0.0	0.10516762141338973
17q21_PLCD3_BP	CCDC200	17	43305397	44048279	742882	True	0.0	51.51239645716719	0.11864056890525601
17q21_PLCD3_BP	CCDC43	17	44689779	44048279	641500	True	0.74989	6.104210723936736	0.13486176668914363
17q21_PLCD3_BP	CD300LG	17	43847148	44048279	201131	True	0.470179	7.526254719800588	0.33208138650620495
17q21_PLCD3_BP	CFAP97D1	17	43780435	44048279	267844	True	0.0	12.124474000727243	0.2718543730494449
17q21_PLCD3_BP	DBF4B	17	44708608	44048279	660329	True	0.992221	119.35248206743812	0.13152201218156875
17q21_PLCD3_BP	DHX8	17	43483865	44048279	564414	True	1.654139	51.06257088163165	0.15050856845280203
17q21_PLCD3_BP	DUSP3	17	43778977	44048279	269302	True	1.218153	22.94094045899835	0.2707810951470612
17q21_PLCD3_BP	EFTUD2	17	44899445	44048279	851166	True	1.182444	108.75075271077606	0.10513411959636909
17q21_PLCD3_BP	ETV4	17	43579620	44048279	468659	True	2.592095	66.42699023517089	0.1758523121941269
17q21_PLCD3_BP	FAM171A2	17	44363853	44048279	315574	True	0.293063	11.155667613214456	0.2406310308152098
17q21_PLCD3_BP	FAM187A	17	44899712	44048279	851433	True	0.0	0.0	0.10510461587941558
17q21_PLCD3_BP	FZD2	17	44557484	44048279	509205	True	3.898796	12.031238818535678	0.16414835728531446
17q21_PLCD3_BP	G6PC3	17	44070735	44048279	22456	True	1.578883	25.835123926442304	0.8166198471287646
17q21_PLCD3_BP	GFAP	17	44916937	44048279	868658	True	0.474387	8.776241951998763	0.10323561050442985
17q21_PLCD3_BP	GJC1	17	44830816	44048279	782537	True	1.046749	74.0996028268526	0.11330969693055362
17q21_PLCD3_BP	GPATCH8	17	44503430	44048279	455151	True	2.009905	5.681913698147891	0.18013117151910019
17q21_PLCD3_BP	GRN	17	44345246	44048279	296967	True	0.906979	35.03644968337596	0.25191010839691963
17q21_PLCD3_BP	HDAC5	17	44123702	44048279	75423	True	0.862175	18.40279641525462	0.5700506775052302
17q21_PLCD3_BP	HIGD1B	17	44846353	44048279	798074	True	0.225675	11.78952630715959	0.11134939882459574
17q21_PLCD3_BP	HROB	17	44141906	44048279	93627	True	0.0	5.830946009839017	0.5164568990894866
17q21_PLCD3_BP	ITGA2B	17	44389649	44048279	341370	True	0.472733	16.118788296491154	0.22656727915354463
17q21_PLCD3_BP	KIF18B	17	44947773	44048279	899494	True	1.594504	5.369758291077092	0.10005062561656199
17q21_PLCD3_BP	LSM12	17	44067619	44048279	19340	True	1.578883	11.653152368154588	0.8379420144126026
17q21_PLCD3_BP	MEIOC	17	44656404	44048279	608125	True	0.165708	12.349336054764375	0.14121800529567521
17q21_PLCD3_BP	MEOX1	17	43661922	44048279	386357	True	0.4472	16.806160518026907	0.2056102821589902
17q21_PLCD3_BP	MPP2	17	43909711	44048279	138568	True	1.082255	91.26562027151118	0.41916770061366154
17q21_PLCD3_BP	MPP3	17	43833170	44048279	215109	True	0.660684	22.27736360989092	0.3173505041112758
17q21_PLCD3_BP	NAGS	17	44004622	44048279	43657	True	0.994353	21.33466295775441	0.6961025219794371
17q21_PLCD3_BP	NBR1	17	43170481	44048279	877798	True	2.810225	27.42971164062628	0.10227061213052185
17q21_PLCD3_BP	NMT1	17	44957992	44048279	909713	True	2.390956	44.03241739392082	0.09903804348364337
17q21_PLCD3_BP	PPY	17	43942476	44048279	105803	True	0.090826	4.976644639173554	0.4859015660607474
17q21_PLCD3_BP	PYY	17	44004469	44048279	43810	True	1.042698	6.4046757663854486	0.6953619358876295
17q21_PLCD3_BP	RUNDC3A	17	44308413	44048279	260134	True	0.682083	10.529979284551109	0.27767442118766905
17q21_PLCD3_BP	SLC25A39	17	44324870	44048279	276591	True	1.383021	34.93831761681611	0.26554006866866176
17q21_PLCD3_BP	SLC4A1	17	44268141	44048279	219862	True	0.720565	6.306055079405734	0.3126348237677498
17q21_PLCD3_BP	SOST	17	43758791	44048279	289488	True	0.335129	39.551773059478776	0.2567473195579838
17q21_PLCD3_BP	TMEM101	17	44023946	44048279	24333	True	0.817957	29.91385024778629	0.8042917005139424
17q21_PLCD3_BP	TMEM106A	17	43211835	44048279	836444	True	1.450871	20.716007165443056	0.10678695148882368
17q21_PLCD3_BP	TMUB2	17	44186970	44048279	138691	True	1.923895	6.863558485354782	0.41895169905861546
17q21_PLCD3_BP	UBTF	17	44221626	44048279	173347	True	3.941575	7.0231834166424605	0.36583536676824696
4q21_GUCY1A1_BP	ASIC5	4	155866277	155704707	161570	True	0.093819	0.0	0.3823068394693581
4q21_GUCY1A1_BP	CTSO	4	155953912	155704707	249205	True	0.61184	41.36388637998454	0.28636474277286983
4q21_GUCY1A1_BP	GUCY1A1	4	155666726	155704707	37981	True	0.0	20.65255093599731	0.724737463853719
4q21_GUCY1A1_BP	GUCY1B1	4	155758992	155704707	54285	True	0.0	20.749721532436503	0.6481511488479114
4q21_GUCY1A1_BP	MAP9	4	155376970	155704707	327737	True	0.68635	33.71095090680615	0.23378851958095748
4q21_GUCY1A1_BP	NPY2R	4	155208636	155704707	496071	True	0.192099	27.206094423851564	0.16776524944176113
4q21_GUCY1A1_BP	RBM46	4	154781213	155704707	923494	True	0.129078	9.792589164659232	0.09770452977740954
4q21_GUCY1A1_BP	TDO2	4	155854738	155704707	150031	True	0.328553	11.276200476621588	0.39995040614963745
10q21_ARID5B_ALL	ADO	10	62804720	61958507	846213	True	1.180182	40.44617278014314	0.10568444948441841
10q21_ARID5B_ALL	ARID5B	10	61901684	61958507	56823	True	0.97869	6.006747667110826	0.6376615674996652
10q21_ARID5B_ALL	CABCOCO1	10	61662929	61958507	295578	True	0.0	89.19220325646754	0.2527946447982446
10q21_ARID5B_ALL	EGR2	10	62919900	61958507	961393	True	0.949893	7.730064641379298	0.09421580884742975
10q21_ARID5B_ALL	RHOBTB1	10	61001440	61958507	957067	True	1.586649	23.980240017965176	0.09460138288301499
10q21_ARID5B_ALL	RP11-13A2.5	10	62374192	61958507	415685	True	0.0	0.0	0.193916829072011
10q21_ARID5B_ALL	RTKN2	10	62268844	61958507	310337	True	0.942486	22.893037784579224	0.24370212776327752
10q21_ARID5B_ALL	TMEM26	10	61453381	61958507	505126	True	0.462865	57.43565119307437	0.1652548394879744
10q21_ARID5B_ALL	ZNF365	10	62374192	61958507	415685	True	0.383477	78.6649274181864	0.193916829072011
7p12_IKZF1_ALL	COBL	7	51316818	50435575	881243	True	0.95225	14.509960010166678	0.10191155503784485
7p12_IKZF1_ALL	DDC	7	50565405	50435575	129830	True	0.776181	13.900250319151011	0.4351042074576861
7p12_IKZF1_ALL	FIGNL1	7	50542535	50435575	106960	True	0.356896	121.81291943680816	0.4831851565519906
7p12_IKZF1_ALL	GRB10	7	50793462	50435575	357887	True	0.415621	27.00500663148626	0.2183944947115773
7p12_IKZF1_ALL	IKZF1	7	50304068	50435575	131507	True	0.705887	12.73193243675128	0.4319523815694558
7p12_IKZF1_ALL	SPATA48	7	50095883	50435575	339692	True	0.0	41.4169929021809	0.2274319296234637
7p12_IKZF1_ALL	VWC2	7	49773638	50435575	661937	True	0.516736	44.46928432325085	0.13124444671934818
7p12_IKZF1_ALL	ZPBP	7	50121329	50435575	314246	True	0.284419	14.275129635981056	0.2414024516832993
14q11_CEBPE_ALL	ABHD4	14	22598237	22976809	378572	True	0.996244	80.30072088802213	0.20895497438212016
14q11_CEBPE_ALL	ACIN1	14	23095614	22976809	118805	True	3.150644	6.078457099476208	0.4570279472589749
14q11_CEBPE_ALL	AJUBA	14	22982551	22976809	5742	True	1.011213	7.303927699548352	0.9456980197083467
14q11_CEBPE_ALL	AP1G2	14	23568070	22976809	591261	True	0.570911	54.3290633517634	0.14466315906726981
14q11_CEBPE_ALL	BCL2L2	14	23298790	22976809	321981	True	2.748001	13.515727215906276	0.23697749424737133
14q11_CEBPE_ALL	BCL2L2-PABPN1	14	23306833	22976809	330024	True	2.748001	5.264237472364357	0.23254516027012442
14q11_CEBPE_ALL	C14orf119	14	23095505	22976809	118696	True	3.150644	34.49869831295356	0.45725573398690417
14q11_CEBPE_ALL	C14orf93	14	23010166	22976809	33357	True	2.087858	6.6614379338725405	0.749866898625494
14q11_CEBPE_ALL	CDH24	14	23057538	22976809	80729	True	0.967589	25.96230663241653	0.5533146312987954
14q11_CEBPE_ALL	CEBPE	14	23119255	22976809	142446	True	0.997405	5.621414974803204	0.4124629814474151
14q11_CEBPE_ALL	CMTM5	14	23376773	22976809	399964	True	0.611802	11.08297316075869	0.20001440103687468
14q11_CEBPE_ALL	DAD1	14	22589224	22976809	387585	True	1.875102	22.700372867374657	0.20509244541977298
14q11_CEBPE_ALL	DHRS2	14	23630115	22976809	653306	True	0.759646	19.785301823920037	0.1327481793587201
14q11_CEBPE_ALL	DHRS4	14	23953734	22976809	976925	True	0.654898	46.407467955146416	0.09285697704111243
14q11_CEBPE_ALL	DHRS4L2	14	23969874	22976809	993065	True	0.881835	49.40425804144244	0.09148586772058387
14q11_CEBPE_ALL	EFS	14	23365752	22976809	388943	True	1.697792	21.2165337925713	0.20452281758814422
14q11_CEBPE_ALL	HAUS4	14	22957161	22976809	19648	True	0.789401	130.75456877003626	0.8357849692431132
14q11_CEBPE_ALL	HOMEZ	14	23299447	22976809	322638	True	1.110089	11.952187952519704	0.23660910755776812
14q11_CEBPE_ALL	IL25	14	23372809	22976809	396000	True	0.701016	5.729971345535866	0.20161290322580647
14q11_CEBPE_ALL	JPH4	14	23578790	22976809	601981	True	0.369025	11.55731959247414	0.14245399804268208
14q11_CEBPE_ALL	LMLN2	14	23104989	22976809	128180	True	0.0	5.838132098145249	0.4382505039880796
14q11_CEBPE_ALL	LRP10	14	22871740	22976809	105069	True	1.521633	8.57135828487003	0.48764074531011514
14q11_CEBPE_ALL	MMP14	14	22836560	22976809	140249	True	1.872219	7.951997374394059	0.41623482303776493
14q11_CEBPE_ALL	MRPL52	14	22829879	22976809	146930	True	1.825591	21.430630772830487	0.40497306929089216
14q11_CEBPE_ALL	MYH6	14	23408273	22976809	431464	True	0.806086	5.2318526993870655	0.18815949904414975
14q11_CEBPE_ALL	MYH7	14	23435660	22976809	458851	True	0.359297	11.682369086772	0.17893857217755715
14q11_CEBPE_ALL	NGDN	14	23469689	22976809	492880	True	1.124034	26.7143954387229	0.1686681959249764
14q11_CEBPE_ALL	OR6J1	14	22644352	22976809	332457	True	0.401686	0.0	0.23123686285572903
14q11_CEBPE_ALL	OXA1L	14	22766522	22976809	210287	True	0.856338	20.54823198017987	0.3222822741526393
14q11_CEBPE_ALL	PABPN1	14	23321457	22976809	344648	True	3.233573	9.113618708262557	0.2248969971752937
14q11_CEBPE_ALL	PPP1R3E	14	23302859	22976809	326050	True	2.748001	11.683947838652095	0.2347142354183781
14q11_CEBPE_ALL	PRMT5	14	22929408	22976809	47401	True	1.805478	63.77783780290864	0.6784214489725306
14q11_CEBPE_ALL	PSMB11	14	23042212	22976809	65403	True	0.672367	12.394705730530609	0.6045839555509875
14q11_CEBPE_ALL	PSMB5	14	23035230	22976809	58421	True	1.562226	19.23223580550972	0.6312294455911779
14q11_CEBPE_ALL	RBM23	14	22919182	22976809	57627	True	2.525204	43.3935595146648	0.6344090796627481
14q11_CEBPE_ALL	REM2	14	22883222	22976809	93587	True	1.900318	9.86872788306664	0.5165636122260275
14q11_CEBPE_ALL	RNF212B	14	23185316	22976809	208507	True	0.439051	8.359035840287453	0.3241417536717157
14q11_CEBPE_ALL	RP11-298I3.5	14	22982258	22976809	5449	True	0.0	0.0	0.9483257309220572
14q11_CEBPE_ALL	SLC22A17	14	23352912	22976809	376103	True	0.907994	21.21020360420798	0.21003858408789694
14q11_CEBPE_ALL	SLC7A7	14	22829820	22976809	146989	True	1.3838	35.074433183366025	0.4048763305248412
14q11_CEBPE_ALL	SLC7A8	14	23183674	22976809	206865	True	0.832039	44.57362701919047	0.3258761996317599
14q11_CEBPE_ALL	THTPA	14	23555988	22976809	579179	True	0.721871	13.740578152996637	0.14723659005946887
14q11_CEBPE_ALL	ZFHX2	14	23556192	22976809	579383	True	0.807255	9.532289806520772	0.1471923789673866
9p21_CDKN2A_ALL	CDKN2A	9	21995301	21968159	27142	True	1.197148	6.552899361363562	0.7865221563291438
9p21_CDKN2A_ALL	CDKN2B	9	22009305	21968159	41146	True	1.028094	24.55751082393674	0.7084862482819209
9p21_CDKN2A_ALL	DMRTA1	9	22446824	21968159	478665	True	0.579023	92.0597485554026	0.17281155763697476
9p21_CDKN2A_ALL	HACD4	9	21031640	21968159	936519	True	0.504967	80.10391436288184	0.09647676501829681
9p21_CDKN2A_ALL	IFNA1	9	21440439	21968159	527720	True	0.0	5.09433577667133	0.15930669725355254
9p21_CDKN2A_ALL	IFNA10	9	21207143	21968159	761016	True	0.0	0.0	0.11614186031386176
9p21_CDKN2A_ALL	IFNA13	9	21368962	21968159	599197	True	0.0	0.0	0.1430212086150255
9p21_CDKN2A_ALL	IFNA14	9	21240005	21968159	728154	True	0.086086	0.0	0.12075048843572572
9p21_CDKN2A_ALL	IFNA16	9	21217311	21968159	750848	True	0.0	0.0	0.1175298055586897
9p21_CDKN2A_ALL	IFNA17	9	21228222	21968159	739937	True	0.0	0.0	0.11905654828874068
9p21_CDKN2A_ALL	IFNA2	9	21385398	21968159	582761	True	0.401115	5.057779070778233	0.14646413605932385
9p21_CDKN2A_ALL	IFNA21	9	21166660	21968159	801499	True	0.07216	0.0	0.11092635710078437
9p21_CDKN2A_ALL	IFNA4	9	21187671	21968159	780488	True	0.0	0.0	0.11357338203359954
9p21_CDKN2A_ALL	IFNA5	9	21305313	21968159	662846	True	0.101826	4.778126930573605	0.13108805709147064
9p21_CDKN2A_ALL	IFNA6	9	21351378	21968159	616781	True	0.264385	9.670484155022551	0.13951262659026956
9p21_CDKN2A_ALL	IFNA7	9	21202205	21968159	765954	True	0.0	0.0	0.1154795751275472
9p21_CDKN2A_ALL	IFNA8	9	21409117	21968159	559042	True	0.106987	0.0	0.1517353977439981
9p21_CDKN2A_ALL	IFNB1	9	21077942	21968159	890217	True	0.219718	0.0	0.10098796526417947
9p21_CDKN2A_ALL	IFNE	9	21482313	21968159	485846	True	0.238294	9.354174083376256	0.1706933221358514
9p21_CDKN2A_ALL	IFNW1	9	21141832	21968159	826327	True	0.116099	0.0	0.10795323897500558
9p21_CDKN2A_ALL	KLHL9	9	21335404	21968159	632755	True	0.889333	15.163095735458135	0.13647126256388561
9p21_CDKN2A_ALL	MTAP	9	21802636	21968159	165523	True	0.680256	72.15728407183353	0.37661520847534863
9p21_CDKN2A_ALL	RP11-145E5.5	9	21802636	21968159	165523	True	0.0	0.0	0.37661520847534863
15q24_CYP1A2_Coffee	ARID3B	15	74541206	74749576	208370	True	3.394732	14.140038345327213	0.3242857606122515
15q24_CYP1A2_Coffee	C15orf39	15	75195643	74749576	446067	True	1.708108	10.41217234103198	0.18312771143467743
15q24_CYP1A2_Coffee	CCDC33	15	74202705	74749576	546871	True	1.193015	13.242055375691436	0.1545903279015445
15q24_CYP1A2_Coffee	CLK3	15	74598500	74749576	151076	True	1.445647	8.70843136675785	0.3982857780114387
15q24_CYP1A2_Coffee	COMMD4	15	75336020	74749576	586444	True	0.890901	34.0673806493113	0.14567830733461143
15q24_CYP1A2_Coffee	COX5A	15	74938083	74749576	188507	True	2.167739	6.194498462195055	0.3466120406090667
15q24_CYP1A2_Coffee	CPLX3	15	74826627	74749576	77051	True	0.669667	29.875769740963413	0.5648090098333248
15q24_CYP1A2_Coffee	CSK	15	74782080	74749576	32504	True	1.448399	12.528134987972331	0.7546941979110064
15q24_CYP1A2_Coffee	CSPG4	15	75712848	74749576	963272	True	0.524387	9.231396673297295	0.09404931193523387
15q24_CYP1A2_Coffee	CYP11A1	15	74367646	74749576	381930	True	0.857406	30.391283603179733	0.20749901437968168
15q24_CYP1A2_Coffee	CYP1A1	15	74725536	74749576	24040	True	1.038386	13.506571228271444	0.8061915511125444
15q24_CYP1A2_Coffee	CYP1A2	15	74748845	74749576	731	True	0.876606	5.846944671906843	0.9927430483168043
15q24_CYP1A2_Coffee	EDC3	15	74696292	74749576	53284	True	0.997028	7.896008239470897	0.65238381044336
15q24_CYP1A2_Coffee	FAM219B	15	74906883	74749576	157307	True	1.782825	13.340155079490762	0.3886408065074017
15q24_CYP1A2_Coffee	GOLGA6A	15	74082550	74749576	667026	True	0.0	5.614534939744485	0.1303736770331123
15q24_CYP1A2_Coffee	GOLGA6C	15	75258599	74749576	509023	True	0.0	20.69440360280254	0.164197411263614
15q24_CYP1A2_Coffee	GOLGA6D	15	75282835	74749576	533259	True	0.0	7.709050992793094	0.15791327087337093
15q24_CYP1A2_Coffee	IMP3	15	75648706	74749576	899130	True	2.54617	10.888969485752265	0.10008707575590763
15q24_CYP1A2_Coffee	INSYN1	15	73753351	74749576	996225	True	0.0	41.17621613667124	0.09122214873771352
15q24_CYP1A2_Coffee	ISLR	15	74173710	74749576	575866	True	0.993945	11.426543539329934	0.14795832309954932
15q24_CYP1A2_Coffee	ISLR2	15	74100311	74749576	649265	True	1.014294	25.12573219318448	0.1334641281789487
15q24_CYP1A2_Coffee	LMAN1L	15	74812716	74749576	63140	True	0.573135	24.80885930672152	0.6129704548240775
15q24_CYP1A2_Coffee	LOXL1	15	73925989	74749576	823587	True	1.420654	39.239900341457584	0.10827350320002338
15q24_CYP1A2_Coffee	MAN2C1	15	75368612	74749576	619036	True	3.240747	189.28352169779	0.13907509498828988
15q24_CYP1A2_Coffee	MPI	15	74890005	74749576	140429	True	0.500243	36.21085873974236	0.41592320393962456
15q24_CYP1A2_Coffee	NEIL1	15	75346955	74749576	597379	True	1.111878	25.47672839595533	0.1433940511543938
15q24_CYP1A2_Coffee	ODF3L1	15	75724041	74749576	974465	True	0.778482	6.094867667175058	0.09306957416016343
15q24_CYP1A2_Coffee	PML	15	73994673	74749576	754903	True	1.141176	18.22465319378147	0.11697233487307916
15q24_CYP1A2_Coffee	PPCDC	15	75023586	74749576	274010	True	1.323552	39.60930858986884	0.2673725301462528
15q24_CYP1A2_Coffee	PTPN9	15	75579315	74749576	829739	True	0.715448	11.863523593983675	0.10755706709087173
15q24_CYP1A2_Coffee	RPP25	15	74956772	74749576	207196	True	1.312381	129.07851589567534	0.3255250719410409
15q24_CYP1A2_Coffee	SCAMP2	15	74873365	74749576	123789	True	1.265536	35.55927820847078	0.44684948768706234
15q24_CYP1A2_Coffee	SCAMP5	15	74957219	74749576	207643	True	0.585743	103.49460579971502	0.32505208959735793
15q24_CYP1A2_Coffee	SEMA7A	15	74433958	74749576	315618	True	0.845657	9.638345811464845	0.24060555606350062
15q24_CYP1A2_Coffee	SIN3A	15	75455842	74749576	706266	True	6.183406	28.60930858986884	0.12402854641024176
15q24_CYP1A2_Coffee	SNUPN	15	75626469	74749576	876893	True	2.553617	59.13039987314584	0.10236535628774084
15q24_CYP1A2_Coffee	SNX33	15	75647912	74749576	898336	True	1.603982	17.23373367762464	0.10016667735111226
15q24_CYP1A2_Coffee	STOML1	15	73994622	74749576	754954	True	1.141176	38.27408591868282	0.11696535720050436
15q24_CYP1A2_Coffee	STRA6	15	74212267	74749576	537309	True	0.866608	8.876079791633055	0.1569097564917489
15q24_CYP1A2_Coffee	TBC1D21	15	73873564	74749576	876012	True	0.168264	19.824607068552098	0.10245775666692622
15q24_CYP1A2_Coffee	UBL7	15	74461182	74749576	288394	True	2.698577	15.499516525241187	0.2574705067534514
15q24_CYP1A2_Coffee	ULK3	15	74843346	74749576	93770	True	1.430544	46.8212877366077	0.5160757599215565
7q11_TAS2R_Bitter	AGK	7	141551278	141926318	375040	True	0.856178	32.49078537675285	0.21050858875042103
7q11_TAS2R_Bitter	CLEC5A	7	141947007	141926318	20689	True	0.622862	5.455912102641474	0.8285759265550299
7q11_TAS2R_Bitter	DENND11	7	141702166	141926318	224152	True	0.0	84.02511312471985	0.308497248204546
7q11_TAS2R_Bitter	EPHB6	7	142855061	141926318	928743	True	0.323726	87.79321189034775	0.09720600772010113
7q11_TAS2R_Bitter	MGAM	7	141907813	141926318	18505	True	0.213829	17.21749584404574	0.843846251213029
7q11_TAS2R_Bitter	MGAM2	7	142111749	141926318	185431	True	0.453125	22.370697458506097	0.35034736941677674
7q11_TAS2R_Bitter	MRPS33	7	141015228	141926318	911090	True	0.785081	23.734001275611668	0.09890316391221354
7q11_TAS2R_Bitter	MTRNR2L6	7	142666272	141926318	739954	True	0.335835	5.897278232397521	0.1190541386790229
7q11_TAS2R_Bitter	OR9A4	7	141916399	141926318	9919	True	0.172217	6.633285742901654	0.909760823879402
7q11_TAS2R_Bitter	PRSS1	7	142749468	141926318	823150	True	1.352964	5.317490305480368	0.1083247576233548
7q11_TAS2R_Bitter	PRSS2	7	142760398	141926318	834080	True	0.0	7.274275350500858	0.10705721137375813
7q11_TAS2R_Bitter	PRSS37	7	141841487	141926318	84831	True	0.076611	16.196473921678397	0.5410347831262071
7q11_TAS2R_Bitter	PRSS58	7	142258058	141926318	331740	True	0.113093	7.224817869011679	0.23162088293880576
7q11_TAS2R_Bitter	SSBP1	7	141738334	141926318	187984	True	0.742222	7.634283696141189	0.3472415134174121
7q11_TAS2R_Bitter	TAS2R3	7	141764097	141926318	162221	True	0.083183	6.366978188341872	0.38135770971813854
7q11_TAS2R_Bitter	TAS2R38	7	141973773	141926318	47455	True	0.344223	0.0	0.6781730019327931
7q11_TAS2R_Bitter	TAS2R4	7	141776674	141926318	149644	True	0.077525	86.26514098882369	0.40057041226706835
7q11_TAS2R_Bitter	TAS2R5	7	141790217	141926318	136101	True	0.042552	24.60583210423492	0.42354754956565194
7q11_TAS2R_Bitter	TMEM178B	7	141074064	141926318	852254	True	1.142459	43.20741292194402	0.10501399836598219
7q11_TAS2R_Bitter	TRPV6	7	142885745	141926318	959427	True	0.536958	30.044632678081538	0.09439064701956813
7q11_TAS2R_Bitter	WEE2	7	141708353	141926318	217965	True	0.034741	20.30024116512577	0.3145000235875018
11q14_TRPM5_Sweet	ASCL2	11	2270588	2410832	140244	True	0.750152	11.301940361795426	0.4162434857894474
11q14_TRPM5_Sweet	C11orf21	11	2303049	2410832	107783	True	2.288665	45.83430469306376	0.48127132633564823
11q14_TRPM5_Sweet	CARS1	11	3057613	2410832	646781	True	0.0	12.329761570826626	0.13390806675584943
11q14_TRPM5_Sweet	CD81	11	2376177	2410832	34655	True	1.227378	25.076507809978978	0.7426385949277783
11q14_TRPM5_Sweet	CDKN1C	11	2885775	2410832	474943	True	0.997018	11.490794788547303	0.17393028526306084
11q14_TRPM5_Sweet	CTSD	11	1764573	2410832	646259	True	1.797964	9.309200758311956	0.13400173398243773
11q14_TRPM5_Sweet	DUSP8	11	1572271	2410832	838561	True	2.648557	8.98446421493956	0.1065460849108369
11q14_TRPM5_Sweet	IFITM10	11	1750595	2410832	660237	True	2.106956	12.658658477819507	0.13153792830393682
11q14_TRPM5_Sweet	IGF2	11	2141238	2410832	269594	True	0.782355	8.253101257772004	0.2705671628868434
11q14_TRPM5_Sweet	INS	11	2161221	2410832	249611	True	0.142985	5.120813484610688	0.28603219006266967
11q14_TRPM5_Sweet	INS-IGF2	11	2161209	2410832	249623	True	0.142985	0.0	0.28602237266999025
11q14_TRPM5_Sweet	KCNQ1	11	2444684	2410832	33852	True	0.634559	7.087989028918223	0.7470938050981681
11q14_TRPM5_Sweet	KRTAP5-1	11	1585283	2410832	825549	True	0.115585	5.4307700986821885	0.10804398254441418
11q14_TRPM5_Sweet	KRTAP5-2	11	1598294	2410832	812538	True	0.0	0.0	0.10958447757792004
11q14_TRPM5_Sweet	KRTAP5-3	11	1608463	2410832	802369	True	0.040482	4.770177425056711	0.1108194097979873
11q14_TRPM5_Sweet	KRTAP5-4	11	1622138	2410832	788694	True	0.120442	10.976541762356325	0.11252467103412424
11q14_TRPM5_Sweet	KRTAP5-5	11	1629775	2410832	781057	True	0.0	29.976628177245065	0.11350003461751056
11q14_TRPM5_Sweet	KRTAP5-6	11	1697195	2410832	713637	True	0.531977	0.0	0.12290493180619859
11q14_TRPM5_Sweet	LSP1	11	1850904	2410832	559928	True	1.655742	16.28347164454565	0.15153168224412358
11q14_TRPM5_Sweet	MOB2	11	1501247	2410832	909585	True	0.890794	32.592967897856234	0.09905059999900949
11q14_TRPM5_Sweet	MRGPRE	11	3232417	2410832	821585	True	0.454853	24.40146226709969	0.10850871053673834
11q14_TRPM5_Sweet	MRGPRG	11	3218813	2410832	807981	True	0.32137	9.837038518067065	0.11013446316607946
11q14_TRPM5_Sweet	MRPL23	11	1947278	2410832	463554	True	2.968177	143.1345542936544	0.17744528474644844
11q14_TRPM5_Sweet	NAP1L4	11	2992377	2410832	581545	True	1.626397	32.72573359068529	0.14672545466550263
11q14_TRPM5_Sweet	OSBPL5	11	3166739	2410832	755907	True	1.240929	39.53778923835396	0.11683512344214968
11q14_TRPM5_Sweet	PHLDA2	11	2929420	2410832	518588	True	2.389301	17.742674282740683	0.16165848674723726
11q14_TRPM5_Sweet	PRR33	11	1891895	2410832	518937	True	0.0	10.44254693790004	0.16156733237793183
11q14_TRPM5_Sweet	RP11-295K3.1	11	1763954	2410832	646878	True	0.0	0.0	0.13389067558557088
11q14_TRPM5_Sweet	RP11-889I17.2	11	2158391	2410832	252441	True	0.0	0.0	0.28373543373217075
11q14_TRPM5_Sweet	SLC22A18	11	2899721	2410832	488889	True	1.843195	93.26634219352448	0.16981128871485118
11q14_TRPM5_Sweet	SLC22A18AS	11	2903575	2410832	492743	True	2.553665	38.3969011169647	0.168707180008874
11q14_TRPM5_Sweet	SYT8	11	1828307	2410832	582525	True	0.764562	11.591173454862869	0.14651477967840007
11q14_TRPM5_Sweet	TH	11	2171815	2410832	239017	True	0.251903	33.935276273915164	0.29497045870856037
11q14_TRPM5_Sweet	TNNI2	11	1838981	2410832	571851	True	0.839572	22.25159953087622	0.14884252609581589
11q14_TRPM5_Sweet	TNNT3	11	1919703	2410832	491129	True	2.553616	38.51766390255387	0.16916781277859824
11q14_TRPM5_Sweet	TRPM5	11	2423045	2410832	12213	True	0.382506	42.50055212007905	0.8911623430440323
11q14_TRPM5_Sweet	TSPAN32	11	2301997	2410832	108835	True	2.288665	41.24106238360363	0.4788469365767232
11q14_TRPM5_Sweet	TSSC4	11	2400488	2410832	10344	True	1.026214	43.85644189052429	0.9062567969259769
11q14_TRPM5_Sweet	ZNF195	11	3379222	2410832	968390	True	1.010054	84.9697079954177	0.0935987794719157
4q25_PITX2_AF	AC004067.6	4	109801999	110789013	987014	True	0.0	0.0	0.09199513529724548
4q25_PITX2_AF	CFI	4	109801999	110789013	987014	True	0.230754	10.794392395147833	0.09199513529724548
4q25_PITX2_AF	EGF	4	109912883	110789013	876130	True	0.528187	22.022878881723884	0.1024453710059111
4q25_PITX2_AF	ELOVL6	4	110199199	110789013	589814	True	1.256225	12.141729355758734	0.14496661418875234
4q25_PITX2_AF	ENPEP	4	110365733	110789013	423280	True	0.737907	66.74647784632857	0.19110227793915302
4q25_PITX2_AF	GAR1	4	109815510	110789013	973503	True	0.874614	34.745415672777746	0.09315297674994853
4q25_PITX2_AF	LRIT3	4	109848107	110789013	940906	True	0.518351	25.200088349822405	0.09607015426945373
4q25_PITX2_AF	PITX2	4	110642123	110789013	146890	True	0.075421	6.035900725271071	0.405038681194054
4q25_PITX2_AF	RRH	4	109827972	110789013	961041	True	0.201102	18.46272001632372	0.09424706491078101
16q22_ZFHX3_AF	DHODH	16	72008588	72837900	829312	True	0.651799	61.82037353498695	0.10760648737991116
16q22_ZFHX3_AF	DHX38	16	72093613	72837900	744287	True	1.027892	42.215075458241806	0.11844313604260163
16q22_ZFHX3_AF	HP	16	72054505	72837900	783395	True	0.221001	17.40522415778267	0.11319964455311611
16q22_ZFHX3_AF	HPR	16	72063148	72837900	774752	True	0.293646	48.05614504068404	0.11431811530582382
16q22_ZFHX3_AF	IST1	16	71845996	72837900	991904	True	2.14665	19.90320813115936	0.09158314284039622
16q22_ZFHX3_AF	PKD1L3	16	72000402	72837900	837498	True	0.194409	28.925973904398976	0.10666689422270767
16q22_ZFHX3_AF	PMFBP1	16	72176878	72837900	661022	True	0.866402	14.869682316783685	0.13140224592718738
16q22_ZFHX3_AF	TXNL4B	16	72094431	72837900	743469	True	1.027892	53.89415613279174	0.1185580027244629
16q22_ZFHX3_AF	ZNF821	16	71895336	72837900	942564	True	1.156974	5.899350355273622	0.09591737293825607
1q21_KCNN3_AF	ADAM15	1	155050566	154411858	638708	True	1.410184	41.45375107812949	0.13537148643306962
1q21_KCNN3_AF	ADAR	1	154628013	154411858	216155	True	1.34564	13.615300793578218	0.31630054878145214
1q21_KCNN3_AF	AQP10	1	154321090	154411858	90768	True	0.317821	9.845840884225163	0.5241969303027761
1q21_KCNN3_AF	ATP8B2	1	154325525	154411858	86333	True	1.200501	34.34427489540725	0.5366735897559746
1q21_KCNN3_AF	C1orf189	1	154206333	154411858	205525	True	0.800391	0.0	0.3273054578185091
1q21_KCNN3_AF	C1orf43	1	154220637	154411858	191221	True	2.191825	12.76038023731083	0.34338183029383185
1q21_KCNN3_AF	CHRNB2	1	154567778	154411858	155920	True	0.38605	23.53128648036869	0.3907471084713974
1q21_KCNN3_AF	CHTOP	1	153633982	154411858	777876	True	1.814638	90.73558361280146	0.11391130410217389
1q21_KCNN3_AF	CKS1B	1	154974653	154411858	562795	True	4.187551	4.618219090392934	0.15087621361054324
1q21_KCNN3_AF	CLK2	1	155278491	154411858	866633	True	1.646325	4.096145242739701	0.10345187884129757
1q21_KCNN3_AF	CREB3L4	1	153967534	154411858	444324	True	2.448219	43.104581321740376	0.18371411144832855
1q21_KCNN3_AF	CRTC2	1	153958615	154411858	453243	True	1.64656	12.752311449317371	0.1807523999399902
1q21_KCNN3_AF	DCST1	1	155033824	154411858	621966	True	0.426287	13.644561890143926	0.13851067778815068
1q21_KCNN3_AF	DCST2	1	155033781	154411858	621923	True	0.426297	26.25628646256956	0.1385189279189055
1q21_KCNN3_AF	DENND4B	1	153946718	154411858	465140	True	2.464999	40.723501431712464	0.17694730509254344
1q21_KCNN3_AF	DPM3	1	155140595	154411858	728737	True	2.063448	4.875968800694639	0.1206655428682441
1q21_KCNN3_AF	EFNA1	1	155127876	154411858	716018	True	2.366431	11.930435495046142	0.12254631638027592
1q21_KCNN3_AF	EFNA3	1	155078837	154411858	666979	True	1.317794	5.695100359667135	0.13038166625161837
1q21_KCNN3_AF	EFNA4	1	155063737	154411858	651879	True	1.244531	5.331134387689192	0.13300012369011502
1q21_KCNN3_AF	FAM189B	1	155255483	154411858	843625	True	0.854655	13.799499704110666	0.10597430123195126
1q21_KCNN3_AF	FDPS	1	155308748	154411858	896890	True	1.517352	18.959745867878706	0.10031197022740725
1q21_KCNN3_AF	FLAD1	1	154983338	154411858	571480	True	2.110071	10.81495957074616	0.1489247632096265
1q21_KCNN3_AF	GATAD2B	1	153923360	154411858	488498	True	2.477852	8.07805198636771	0.1699241118916292
1q21_KCNN3_AF	GBA	1	155244699	154411858	832841	True	1.323142	71.34474147823032	0.10719940482890439
1q21_KCNN3_AF	HAX1	1	154272589	154411858	139269	True	0.913541	19.879923159735764	0.4179396411570241
1q21_KCNN3_AF	HCN3	1	155277463	154411858	865605	True	1.161114	69.41324283614888	0.10356201552394612
1q21_KCNN3_AF	IL6R	1	154405193	154411858	6665	True	2.986306	23.907409171935917	0.9375146486663853
1q21_KCNN3_AF	ILF2	1	153671028	154411858	740830	True	1.290674	14.224498776410169	0.1189301047774223
1q21_KCNN3_AF	INTS3	1	153728050	154411858	683808	True	1.524732	6.52199802111496	0.1275822650445007
1q21_KCNN3_AF	JTB	1	153977674	154411858	434184	True	1.238895	4.98927189760956	0.1872014137450766
1q21_KCNN3_AF	KCNN3	1	154870281	154411858	458423	True	0.636495	21.9582836886555	0.17907571858608975
1q21_KCNN3_AF	KRTCAP2	1	155173475	154411858	761617	True	2.138555	4.985265306908514	0.11606084838158949
1q21_KCNN3_AF	LENEP	1	154993586	154411858	581728	True	4.657423	0.0	0.14668606834397296
1q21_KCNN3_AF	MTX1	1	155208695	154411858	796837	True	3.235708	6.150613758477054	0.11150298214725753
1q21_KCNN3_AF	MUC1	1	155192916	154411858	781058	True	3.458893	22.58935771402756	0.1134999057950782
1q21_KCNN3_AF	NPR1	1	153678688	154411858	733170	True	0.693186	8.345677113023045	0.12002352461082373
1q21_KCNN3_AF	NUP210L	1	154155116	154411858	256742	True	0.776174	70.52390489158711	0.2803146251352518
1q21_KCNN3_AF	PBXIP1	1	154956123	154411858	544265	True	2.706311	14.140543456854076	0.15521563331858784
1q21_KCNN3_AF	PKLR	1	155301438	154411858	889580	True	1.145657	35.08516569613388	0.10105297196790558
1q21_KCNN3_AF	PMVK	1	154936719	154411858	524861	True	3.0844	12.991744846160731	0.16003559191564204
1q21_KCNN3_AF	PYGO2	1	154963853	154411858	551995	True	2.708867	9.510954638793448	0.15337540932062363
1q21_KCNN3_AF	RAB13	1	153986358	154411858	425500	True	1.235607	12.275671690458084	0.19029495718363465
1q21_KCNN3_AF	RP11-201K10.3	1	155187272	154411858	775414	True	0.0	0.0	0.11423166638870295
1q21_KCNN3_AF	RP11-422P24.14	1	153986246	154411858	425612	True	0.0	0.0	0.19025440819463788
1q21_KCNN3_AF	RP11-422P24.15	1	153975887	154411858	435971	True	0.0	0.0	0.18657725884422852
1q21_KCNN3_AF	RP11-540D14.8	1	155063748	154411858	651890	True	0.0	0.0	0.13299817792496244
1q21_KCNN3_AF	RPS27	1	153990762	154411858	421096	True	0.772604	5.913348364531323	0.19190321936840812
1q21_KCNN3_AF	RUSC1	1	155320894	154411858	909036	True	4.463629	8.447159073650226	0.09910449181198688
1q21_KCNN3_AF	S100A1	1	153627926	154411858	783932	True	1.728359	104.2726572299955	0.1131308743206491
1q21_KCNN3_AF	S100A13	1	153631360	154411858	780498	True	1.728587	53.18706860380718	0.11357209215693845
1q21_KCNN3_AF	S100A14	1	153616986	154411858	794872	True	1.921154	55.41661983541293	0.11174782538731796
1q21_KCNN3_AF	S100A16	1	153613145	154411858	798713	True	1.921154	42.10994859616384	0.11127022753648828
1q21_KCNN3_AF	S100A2	1	153567890	154411858	843968	True	3.902228	19.36157264690041	0.10593579443370962
1q21_KCNN3_AF	S100A3	1	153549258	154411858	862600	True	1.910936	69.61414180145125	0.10388531061707876
1q21_KCNN3_AF	S100A4	1	153550136	154411858	861722	True	1.614829	54.215901460557056	0.10398015226853499
1q21_KCNN3_AF	S100A5	1	153541765	154411858	870093	True	1.672682	5.9705066478118205	0.10308290029924966
1q21_KCNN3_AF	S100A6	1	153536244	154411858	875614	True	2.338691	11.957333936954296	0.10249955412693955
1q21_KCNN3_AF	S100A7	1	153460651	154411858	951207	True	0.138738	6.147199283669612	0.09512874248364024
1q21_KCNN3_AF	S100A7A	1	153416520	154411858	995338	True	0.096353	0.0	0.09129602004130233
1q21_KCNN3_AF	S100A7L2	1	153439949	154411858	971909	True	0.081616	0.0	0.09329150142409477
1q21_KCNN3_AF	SCAMP3	1	155262430	154411858	850572	True	0.968143	11.554019260130431	0.10519981653151997
1q21_KCNN3_AF	SHC1	1	154974395	154411858	562537	True	4.187551	24.778119113781024	0.1509349666509191
1q21_KCNN3_AF	SHE	1	154502412	154411858	90554	True	0.392777	20.945697266629523	0.524785625072158
1q21_KCNN3_AF	SLC27A3	1	153774354	154411858	637504	True	1.565965	20.83826075981825	0.13559248492211567
1q21_KCNN3_AF	SLC39A1	1	153968184	154411858	443674	True	2.033058	15.36074067825717	0.18393375441900844
1q21_KCNN3_AF	SLC50A1	1	155135344	154411858	723486	True	2.063448	18.220421544601805	0.12143497278642258
1q21_KCNN3_AF	SNAPIN	1	153658703	154411858	753155	True	1.266326	15.96566437981891	0.11721199547561699
1q21_KCNN3_AF	TDRD10	1	154502219	154411858	90361	True	0.39284	53.76036773102645	0.5253176858705302
1q21_KCNN3_AF	THBS3	1	155209051	154411858	797193	True	3.235708	74.7444380617091	0.11145873853228903
1q21_KCNN3_AF	TPM3	1	154194648	154411858	217210	True	1.969175	13.369899749277828	0.3152485735002049
1q21_KCNN3_AF	TRIM46	1	155173787	154411858	761929	True	2.138555	7.33059385179885	0.11601883681834584
1q21_KCNN3_AF	UBAP2L	1	154220179	154411858	191679	True	2.191825	6.434312711126041	0.34284264551098986
1q21_KCNN3_AF	UBE2Q1	1	154559028	154411858	147170	True	0.970757	7.27241645418199	0.40457984383218026
1q21_KCNN3_AF	ZBTB7B	1	155002630	154411858	590772	True	2.109741	19.076991331159714	0.14476556664138093
