locus_id	gene	chr	tss	locus_pos	distance_to_lead	within_1mb	abc_score	eqtl_score	distance_score
PCSK9_CAD_LDL	ACOT11	1	54542257	55039974	497717	True	1.443451	30.79710591347513	0.5012385936150299
PCSK9_CAD_LDL	BSND	1	54998933	55039974	41041	True	0.111378	29.384777185189723	0.9588728798103228
PCSK9_CAD_LDL	CDCP2	1	54153770	55039974	886204	True	0.332089	6.0399475452827724	0.1119363948107337
PCSK9_CAD_LDL	CYB5RL	1	54200036	55039974	839938	True	0.641534	40.26825575460536	0.1582994791092548
PCSK9_CAD_LDL	DHCR24	1	54887195	55039974	152779	True	0.908613	19.56572658057822	0.8469004094574037
PCSK9_CAD_LDL	FAM151A	1	54623556	55039974	416418	True	0.141216	7.878561630817963	0.5827081909518532
PCSK9_CAD_LDL	LEXM	1	54806063	55039974	233911	True	0.324624	22.13511648723697	0.7655981625523847
PCSK9_CAD_LDL	MROH7	1	54641754	55039974	398220	True	0.183745	37.89025950866122	0.6009443775265406
PCSK9_CAD_LDL	MROH7-TTC4	1	54641786	55039974	398188	True	0.183745	0.0	0.6009764446751498
PCSK9_CAD_LDL	MRPL37	1	54184041	55039974	855933	True	0.641534	51.47831285483877	0.14227091529663116
PCSK9_CAD_LDL	PARS2	1	54764523	55039974	275451	True	0.717867	18.37023984452594	0.7239709952640829
PCSK9_CAD_LDL	PCSK9	1	55039447	55039974	527	True	0.610165	63.59422007417456	0.9994718941463424
PCSK9_CAD_LDL	RP11-446E24.4	1	54200073	55039974	839901	True	0.0	0.0	0.15833655674983416
PCSK9_CAD_LDL	SSBP3	1	54413479	55039974	626495	True	1.769416	34.427637308110214	0.3721903666277184
PCSK9_CAD_LDL	TCEANC2	1	54053584	55039974	986390	True	1.544729	57.21156858549378	0.011540165105731415
PCSK9_CAD_LDL	TMEM59	1	54053504	55039974	986470	True	1.544729	14.06839315219238	0.01145999723420843
PCSK9_CAD_LDL	TMEM61	1	54980628	55039974	59346	True	0.247184	40.66410701984488	0.9405294687074734
PCSK9_CAD_LDL	TTC22	1	54801323	55039974	238651	True	0.532189	14.337013751734434	0.7608482161646488
PCSK9_CAD_LDL	TTC4	1	54715861	55039974	324113	True	0.677554	86.40037343381992	0.675206883213449
PCSK9_CAD_LDL	USP24	1	55215364	55039974	175390	True	1.066732	28.538130965318533	0.8242419626698306
ANGPTL3_LDL_TG	ALG6	1	63367575	62597513	770062	True	0.444442	25.582430331713432	0.22832210649099216
ANGPTL3_LDL_TG	ANGPTL3	1	62597520	62597513	7	True	0.121616	5.133397837693217	0.9999929853112417
ANGPTL3_LDL_TG	ATG4C	1	62784132	62597513	186619	True	0.776733	68.41512172831064	0.8129893998031879
ANGPTL3_LDL_TG	DOCK7	1	62688386	62597513	90873	True	0.586417	51.59824975172132	0.9089363126386654
ANGPTL3_LDL_TG	EFCAB7	1	63523372	62597513	925859	True	0.768278	19.49870926708854	0.07219818299519198
ANGPTL3_LDL_TG	FOXD3	1	63322567	62597513	725054	True	0.990531	9.325793088935242	0.27342455100981455
ANGPTL3_LDL_TG	ITGB3BP	1	63593721	62597513	996208	True	0.768278	214.56310936684037	0.0017015630730750075
ANGPTL3_LDL_TG	KANK4	1	62319434	62597513	278079	True	0.658907	14.78120725019166	0.7213374806845534
ANGPTL3_LDL_TG	L1TD1	1	62194849	62597513	402664	True	0.762433	85.87367698673599	0.5964910522634397
ANGPTL3_LDL_TG	PATJ	1	61742477	62597513	855036	True	0.633717	25.526784640140527	0.1431697975560824
ANGPTL3_LDL_TG	PGM1	1	63593411	62597513	995898	True	0.989766	19.582377201928715	0.002012213575226518
ANGPTL3_LDL_TG	TM2D1	1	61725423	62597513	872090	True	0.91637	31.30721298754153	0.12608001154417348
ANGPTL3_LDL_TG	USP1	1	62436297	62597513	161216	True	2.846491	10.498445075622428	0.8384457053069126
IL23R_IBD	C1orf141	1	67231853	67240275	8422	True	0.276408	39.47863828606204	0.9915603273254194
IL23R_IBD	DIRAS3	1	68051631	67240275	811356	True	0.479756	20.10619941386171	0.18694145540762352
IL23R_IBD	DNAI4	1	66924856	67240275	315419	True	0.0	47.60481693902101	0.6839191266512077
IL23R_IBD	DYNLT5	1	66752459	67240275	487816	True	0.0	64.63034821100928	0.5111603698143914
IL23R_IBD	GADD45A	1	67685201	67240275	444926	True	1.096049	8.682942134048778	0.5541403699346432
IL23R_IBD	GNG12	1	67833467	67240275	593192	True	0.725841	20.145936380389134	0.4055632494443364
IL23R_IBD	IL12RB2	1	67307364	67240275	67089	True	0.177295	29.342514847890538	0.9327702208424441
IL23R_IBD	IL23R	1	67138907	67240275	101368	True	0.232394	4.650157383084395	0.8984192899932458
IL23R_IBD	INSL5	1	66801276	67240275	438999	True	0.17229	4.867477763388053	0.5600798071161011
IL23R_IBD	MIER1	1	66924895	67240275	315380	True	1.348485	26.947663950290185	0.6839582084885751
IL23R_IBD	SERBP1	1	67430415	67240275	190140	True	2.054142	34.33963738085797	0.8094610113577831
IL23R_IBD	SGIP1	1	66533267	67240275	707008	True	0.964621	37.4459968917641	0.2915084186286083
IL23R_IBD	SLC35D1	1	67054148	67240275	186127	True	0.773614	45.68702758848981	0.8134824322130542
IL23R_IBD	WLS	1	68233120	67240275	992845	True	0.697537	28.718219198370814	0.00507161997222183
APOB_CAD_LDL	APOB	2	21044073	21001429	42644	True	0.67135	57.33697506495511	0.9572665160846813
APOB_CAD_LDL	GDF7	2	20667144	21001429	334285	True	0.393112	21.38283499388327	0.6650135383493034
APOB_CAD_LDL	HS1BP3	2	20651130	21001429	350299	True	0.66161	13.067953129245256	0.6489659346671931
APOB_CAD_LDL	LAPTM4A	2	20051628	21001429	949801	True	2.727806	49.538241934524834	0.04820594324515537
APOB_CAD_LDL	LDAH	2	20823130	21001429	178299	True	0.626417	99.24910762103848	0.8213268584415767
APOB_CAD_LDL	MATN3	2	20012668	21001429	988761	True	0.607134	64.64205943863607	0.009164189813469448
APOB_CAD_LDL	PUM2	2	20352234	21001429	649195	True	1.407522	6.800686470285914	0.34944273308307594
APOB_CAD_LDL	RHOB	2	20447074	21001429	554355	True	1.849305	13.484811239787676	0.44448174477355584
APOB_CAD_LDL	SDC1	2	20225433	21001429	775996	True	0.822167	53.89646651478805	0.2223756546207759
APOB_CAD_LDL	TDRD15	2	21123968	21001429	122539	True	0.095963	14.328928103127751	0.8772038648930861
PPARG_T2D_Insulin	CAND2	3	12796472	12351626	444846	True	2.243723	79.02990196115553	0.5542205378061661
PPARG_T2D_Insulin	IQSEC1	3	13283281	12351626	931655	True	0.460366	15.38689001527295	0.06639002070335287
PPARG_T2D_Insulin	MKRN2	3	12557057	12351626	205431	True	0.887025	66.79413819403159	0.7941379248145617
PPARG_T2D_Insulin	MKRN2OS	3	12561059	12351626	209433	True	0.407959	25.228157602094303	0.7901275270416251
PPARG_T2D_Insulin	PPARG	3	12287368	12351626	64258	True	1.434995	30.823110373370746	0.9356071613959631
PPARG_T2D_Insulin	RAF1	3	12664125	12351626	312499	True	1.318037	18.715806218683998	0.686845253961796
PPARG_T2D_Insulin	RPL32	3	12841582	12351626	489956	True	0.80301	6.935583195823273	0.5090158792511519
PPARG_T2D_Insulin	SYN2	3	12004388	12351626	347238	True	0.24902	42.587662113980215	0.6520333578513406
PPARG_T2D_Insulin	TAMM41	3	11846919	12351626	504707	True	0.485866	144.64951744843225	0.49423392584071046
PPARG_T2D_Insulin	TIMP4	3	12158912	12351626	192714	True	0.678981	42.59831691505606	0.8068816100915317
PPARG_T2D_Insulin	TMEM40	3	12769457	12351626	417831	True	1.204277	25.907921800294872	0.5812922259210788
PPARG_T2D_Insulin	TSEN2	3	12484421	12351626	132795	True	0.705802	39.71350086639647	0.8669263437638415
PPARG_T2D_Insulin	VGLL4	3	11771350	12351626	580276	True	1.261152	23.515123857081058	0.41850635230171984
LPA_CAD_Lp(a)	ACAT2	6	159762045	160580597	818552	True	1.439055	16.948758697533524	0.1797303553641325
LPA_CAD_Lp(a)	AGPAT4	6	161274061	160580597	693464	True	0.538275	34.60892191703146	0.305080839277447
LPA_CAD_Lp(a)	IGF2R	6	159969082	160580597	611515	True	0.968876	89.75524306953137	0.38720180057039444
LPA_CAD_Lp(a)	LPA	6	160664275	160580597	83678	True	0.078296	28.13176536687376	0.9161464105837624
LPA_CAD_Lp(a)	MAP3K4	6	160991727	160580597	411130	True	0.678965	30.446867325074734	0.5880072872595214
LPA_CAD_Lp(a)	MAS1	6	159890988	160580597	689609	True	0.171746	5.044892176967383	0.30894392858646
LPA_CAD_Lp(a)	MRPL18	6	159789812	160580597	790785	True	1.578227	59.35954539669839	0.20755562147136108
LPA_CAD_Lp(a)	PLG	6	160702238	160580597	121641	True	0.0	14.28634904118597	0.8781037492509315
LPA_CAD_Lp(a)	PNLDC1	6	159800249	160580597	780348	True	0.738359	40.05217137717452	0.21801452240992636
LPA_CAD_Lp(a)	SLC22A1	6	160121815	160580597	458782	True	0.221463	23.03523799173385	0.5402552945868648
LPA_CAD_Lp(a)	SLC22A2	6	160277638	160580597	302959	True	0.568206	10.10631201325788	0.69640527264091
LPA_CAD_Lp(a)	SLC22A3	6	160348378	160580597	232219	True	0.713428	43.57342368066483	0.7672937130350955
LPA_CAD_Lp(a)	SOD2	6	159762529	160580597	818068	True	1.433828	7.948940136926109	0.18021537098684648
LPA_CAD_Lp(a)	TCP1	6	159789703	160580597	790894	True	1.578227	15.35057945934946	0.20744639274641097
LPA_CAD_Lp(a)	WTAP	6	159725585	160580597	855012	True	1.99952	44.45197438672501	0.1431938479175393
GCK_T2D_MODY	AEBP1	7	44104345	44184500	80155	True	1.427239	20.347773971685776	0.9196768032259551
GCK_T2D_MODY	BLVRA	7	43758680	44184500	425820	True	0.663818	38.462462973213725	0.5732864618511162
GCK_T2D_MODY	CAMK2B	7	44334577	44184500	150077	True	0.666021	11.451737141555276	0.8496080793180921
GCK_T2D_MODY	CCM2	7	44999475	44184500	814975	True	1.44194	44.93535485520806	0.18331486131960328
GCK_T2D_MODY	COA1	7	43729717	44184500	454783	True	0.67018	44.38022861383833	0.5442626860646194
GCK_T2D_MODY	DBNL	7	44044640	44184500	139860	True	1.675163	36.24974083671598	0.8598465186099693
GCK_T2D_MODY	DDX56	7	44575051	44184500	390551	True	0.630635	13.156953566106496	0.6086294701104111
GCK_T2D_MODY	GCK	7	44198170	44184500	13670	True	0.194718	22.437724983628705	0.9863013149535127
GCK_T2D_MODY	H2AZ2	7	44848087	44184500	663587	True	0.0	13.655010736266018	0.3350205329960938
GCK_T2D_MODY	MRPS24	7	43869893	44184500	314607	True	1.57135	6.34988586354659	0.6847328305471658
GCK_T2D_MODY	MYL7	7	44141332	44184500	43168	True	0.275244	9.23945689597279	0.9567414165262059
GCK_T2D_MODY	MYO1G	7	44979088	44184500	794588	True	1.610599	13.51225092961403	0.20374464127883785
GCK_T2D_MODY	NACAD	7	45088969	44184500	904469	True	0.898001	20.670815760627804	0.09363306764364576
GCK_T2D_MODY	NPC1L1	7	44541330	44184500	356830	True	0.853639	17.77241920809218	0.6424212300557367
GCK_T2D_MODY	NUDCD3	7	44490658	44184500	306158	True	1.202959	80.09442968763366	0.6931995598783853
GCK_T2D_MODY	OGDH	7	44606572	44184500	422072	True	2.012754	12.159012404739592	0.5770423266319673
GCK_T2D_MODY	PGAM2	7	44065567	44184500	118933	True	0.784244	0.0	0.8808174317019839
GCK_T2D_MODY	POLD2	7	44124358	44184500	60142	True	0.917094	27.375302376941477	0.9397317983858199
GCK_T2D_MODY	POLM	7	44082530	44184500	101970	True	1.354819	71.53837693529742	0.8978160267600355
GCK_T2D_MODY	PPIA	7	44796680	44184500	612180	True	2.064635	22.668214482383277	0.3865354051383597
GCK_T2D_MODY	PURB	7	44885530	44184500	701030	True	1.861546	5.9835182307294765	0.29749896282816213
GCK_T2D_MODY	RAMP3	7	45157791	44184500	973291	True	0.122702	13.159720724358865	0.024666651969223574
GCK_T2D_MODY	SPDYE1	7	43997897	44184500	186603	True	0.0	5.2603604202611365	0.8130054333774925
GCK_T2D_MODY	STK17A	7	43582758	44184500	601742	True	0.80413	73.23183121988207	0.39699530817531914
GCK_T2D_MODY	TBRG4	7	45112047	44184500	927547	True	1.128088	34.89681910019348	0.0705066409060573
GCK_T2D_MODY	TMED4	7	44582287	44184500	397787	True	1.344754	14.520619064622275	0.6013782861311586
GCK_T2D_MODY	UBE2D4	7	43926436	44184500	258064	True	0.755466	37.554078364109465	0.7413944800412062
GCK_T2D_MODY	URGCP	7	43926411	44184500	258089	True	0.929508	25.89103266233132	0.7413694275813554
GCK_T2D_MODY	URGCP-MRPS24	7	43906589	44184500	277911	True	0.929508	0.0	0.7215058332147517
GCK_T2D_MODY	YKT6	7	44200959	44184500	16459	True	0.637753	35.994647863513784	0.9835064625325431
GCK_T2D_MODY	ZMIZ2	7	44748581	44184500	564081	True	1.037729	28.249824203027323	0.4347353357931508
SLC30A8_T2D	AARD	8	116938207	117172544	234337	True	0.333967	61.27566677453822	0.7651712686365248
SLC30A8_T2D	EIF3H	8	116766925	117172544	405619	True	0.662221	7.247458350818243	0.5935298515090599
SLC30A8_T2D	EXT1	8	118111826	117172544	939282	True	1.283437	27.399375550411097	0.058747016252031714
SLC30A8_T2D	MED30	8	117520713	117172544	348169	True	0.78104	13.913351921945688	0.6511004042464922
SLC30A8_T2D	RAD21	8	116874776	117172544	297768	True	2.279731	22.163687279924787	0.7016071654043567
SLC30A8_T2D	SLC30A8	8	116950273	117172544	222271	True	0.099353	8.655275745687502	0.7772625878589767
SLC30A8_T2D	UTP23	8	116766505	117172544	406039	True	0.987906	13.366371995758628	0.5931089701835643
JAK2_MPN	AK3	9	4742043	4985244	243201	True	0.709793	147.6067987141145	0.7562886684717799
JAK2_MPN	CD274	9	5450503	4985244	465259	True	1.045132	50.07830936363112	0.5337647032886865
JAK2_MPN	CDC37L1	9	4679559	4985244	305685	True	1.123179	36.288579169737744	0.6936735524187649
JAK2_MPN	ERMP1	9	5833117	4985244	847873	True	0.741893	27.24700559058605	0.15034782835257032
JAK2_MPN	GLIS3	9	4348392	4985244	636852	True	0.448461	22.623846595295845	0.361811633560676
JAK2_MPN	INSL4	9	5231419	4985244	246175	True	0.374421	0.0	0.7533084278479135
JAK2_MPN	INSL6	9	5185647	4985244	200403	True	0.234997	12.561989572259051	0.7991764755397803
JAK2_MPN	JAK2	9	4984390	4985244	854	True	1.14719	34.040299076560075	0.9991442079714923
JAK2_MPN	MLANA	9	5890889	4985244	905645	True	0.142905	5.007632079991586	0.09245459993225813
JAK2_MPN	PDCD1LG2	9	5510531	4985244	525287	True	2.106457	35.182758654324324	0.47361074089142663
JAK2_MPN	PLGRKT	9	5437925	4985244	452681	True	1.456525	51.27369588411903	0.5463690968888854
JAK2_MPN	PLPP6	9	4662294	4985244	322950	True	0.886916	25.66708912312625	0.6763723236457142
JAK2_MPN	RCL1	9	4792944	4985244	192300	True	1.054925	43.1257878881045	0.807296478826663
JAK2_MPN	RIC1	9	5629025	4985244	643781	True	1.646267	17.806499732408106	0.3548680937883929
JAK2_MPN	RLN1	9	5339876	4985244	354632	True	0.238605	8.455148451079543	0.6446238423258304
JAK2_MPN	RLN2	9	5304716	4985244	319472	True	0.21554	6.234848734959008	0.6798576218601753
JAK2_MPN	SLC1A1	9	4490468	4985244	494776	True	0.677285	54.26450968749626	0.504185764991893
JAK2_MPN	SPATA6L	9	4666674	4985244	318570	True	0.886916	98.57840100832276	0.6807615146115966
TCF7L2_T2D	ACSL5	10	112374116	112998590	624474	True	1.468074	113.98221564690331	0.3742156074820675
TCF7L2_T2D	CASP7	10	113679162	112998590	680572	True	1.323213	113.83071948919846	0.3179998917733734
TCF7L2_T2D	DCLRE1A	10	113854383	112998590	855793	True	1.49859	23.828964287267738	0.14241120907179639
TCF7L2_T2D	GPAM	10	112215377	112998590	783213	True	0.624935	17.528558659189457	0.2151435105110101
TCF7L2_T2D	HABP2	10	113550837	112998590	552247	True	0.128217	4.652804685656871	0.4465941681881861
TCF7L2_T2D	NHLRC2	10	113854661	112998590	856071	True	1.49859	5.506062607527421	0.14213262571825402
TCF7L2_T2D	NRAP	10	113664070	112998590	665480	True	0.256777	21.009811264748745	0.33312356073618155
TCF7L2_T2D	PLEKHS1	10	113751262	112998590	752672	True	0.34246	9.156288951399928	0.2457485975632976
TCF7L2_T2D	TCF7L2	10	112950247	112998590	48343	True	0.771008	17.68147964361191	0.9515555573370638
TCF7L2_T2D	TECTB	10	112283400	112998590	715190	True	0.241031	25.55509060074625	0.2833092495685966
TCF7L2_T2D	VTI1A	10	112446998	112998590	551592	True	0.68926	8.561337426032546	0.4472505426362804
TCF7L2_T2D	ZDHHC6	10	112447572	112998590	551018	True	0.68926	24.56924467412192	0.44782574711445766
KCNJ11_T2D	ABCC8	11	17476894	17408630	68264	True	0.089215	94.45224621014752	0.9315927552294505
KCNJ11_T2D	C11orf58	11	16613132	17408630	795498	True	1.412186	6.126344649554941	0.20283273174026406
KCNJ11_T2D	GTF2H1	11	18322295	17408630	913665	True	1.38124	78.87053246678654	0.08441777081208046
KCNJ11_T2D	HPS5	11	18322198	17408630	913568	True	1.38124	25.439191028363464	0.08451497435630206
KCNJ11_T2D	KCNC1	11	17734774	17408630	326144	True	0.182408	9.60967792774129	0.6731716213751595
KCNJ11_T2D	KCNJ11	11	17389331	17408630	19299	True	0.492531	48.58969526610572	0.9806605030934777
KCNJ11_T2D	LDHA	11	18394560	17408630	985930	True	1.862045	46.74869523158769	0.012001130366988466
KCNJ11_T2D	MRGPRX3	11	18120955	17408630	712325	True	0.040676	111.17418909515408	0.28618026146751296
KCNJ11_T2D	MRGPRX4	11	18172837	17408630	764207	True	0.13252	0.0	0.23418939258807947
KCNJ11_T2D	MYOD1	11	17719571	17408630	310941	True	1.37789	7.290739369669911	0.6884065232597059
KCNJ11_T2D	NCR3LG1	11	17351800	17408630	56830	True	1.103108	52.25407541681693	0.9430507482668709
KCNJ11_T2D	NUCB2	11	17208153	17408630	200477	True	1.605716	35.185189252473656	0.7991023202586216
KCNJ11_T2D	OTOG	11	17547259	17408630	138629	True	0.404432	20.617824405812843	0.861080101733029
KCNJ11_T2D	PIK3C2A	11	17207983	17408630	200647	True	1.383371	11.80639126621032	0.7989319635316352
KCNJ11_T2D	PLEKHA7	11	17014414	17408630	394216	True	1.347722	14.2643348435143	0.6049567794962651
KCNJ11_T2D	RPS13	11	17077715	17408630	330915	True	1.243921	59.78615564888594	0.6683906099372086
KCNJ11_T2D	SAA1	11	18266260	17408630	857630	True	0.14837	25.416355820746237	0.1405703543219502
KCNJ11_T2D	SAA2	11	18248668	17408630	840038	True	0.157276	13.103960155941609	0.15819926926985106
KCNJ11_T2D	SAA2-SAA4	11	18248635	17408630	840005	True	0.157276	0.0	0.15823233851685425
KCNJ11_T2D	SAA4	11	18236802	17408630	828172	True	0.672453	13.363736831442548	0.17009016881349548
KCNJ11_T2D	SAAL1	11	18106087	17408630	697457	True	0.249199	39.28093567066467	0.30107946039005673
KCNJ11_T2D	SERGEF	11	18013047	17408630	604417	True	0.788021	98.032544695637	0.3943146949712698
KCNJ11_T2D	SOX6	11	16739591	17408630	669039	True	0.51944	25.55793120205456	0.32955709255180343
KCNJ11_T2D	TPH1	11	18046269	17408630	637639	True	0.067248	15.664518028228132	0.36102298212456885
KCNJ11_T2D	USH1C	11	17544416	17408630	135786	True	0.404432	85.73506417821731	0.8639290674672765
APOC3_TG_CAD	APOA1	11	116837622	116833860	3762	True	0.835614	34.550617264128974	0.9962301058416324
APOC3_TG_CAD	APOA4	11	116823304	116833860	10556	True	0.619832	11.553059170203644	0.9894218493525442
APOC3_TG_CAD	APOA5	11	116792420	116833860	41440	True	0.647855	4.798969039182549	0.958473042551102
APOC3_TG_CAD	APOC3	11	116829706	116833860	4154	True	0.790875	5.070560637379188	0.9958372832711698
APOC3_TG_CAD	BACE1	11	117316259	116833860	482399	True	0.437863	81.93941169119638	0.5165887368148904
APOC3_TG_CAD	BUD13	11	116772987	116833860	60873	True	0.849152	11.795945166402662	0.9389992644597788
APOC3_TG_CAD	CEP164	11	117314557	116833860	480697	True	0.974715	32.300100731770456	0.5182943082815415
APOC3_TG_CAD	DSCAML1	11	117817525	116833860	983665	True	0.095589	34.47667633086026	0.014270883229482556
APOC3_TG_CAD	FXYD2	11	117828698	116833860	994838	True	1.280721	22.90898057092333	0.003074437872905844
APOC3_TG_CAD	PAFAH1B2	11	117144284	116833860	310424	True	0.705049	13.778760558472117	0.688924608129423
APOC3_TG_CAD	PCSK7	11	117232525	116833860	398665	True	0.758767	25.102174497953165	0.600498443741194
APOC3_TG_CAD	RNF214	11	117232625	116833860	398765	True	0.758767	16.913697129713807	0.6003982339017904
APOC3_TG_CAD	SIDT2	11	117178736	116833860	344876	True	0.693171	69.96766737149649	0.6544003142580563
APOC3_TG_CAD	SIK3	11	117098437	116833860	264577	True	1.516683	10.173553289373396	0.7348678132008426
APOC3_TG_CAD	TAGLN	11	117199370	116833860	365510	True	1.715651	93.26829441805808	0.6337230159954945
APOC3_TG_CAD	ZPR1	11	116788039	116833860	45821	True	0.647855	12.136407128361023	0.9540828494868254
HNF1A_T2D_MODY	ACADS	12	120725774	120977564	251790	True	0.312888	65.5373459935844	0.7476816453653952
HNF1A_T2D_MODY	AL021546.6	12	120438198	120977564	539366	True	0.0	0.0	0.45950219760177813
HNF1A_T2D_MODY	ANAPC5	12	121399896	120977564	422332	True	1.205089	31.929315793021363	0.5767817810495177
HNF1A_T2D_MODY	BICDL1	12	119989869	120977564	987695	True	1.278064	17.72096305720258	0.01023242670151292
HNF1A_T2D_MODY	C12orf43	12	121016502	120977564	38938	True	0.209034	46.7410204921104	0.9609802927329829
HNF1A_T2D_MODY	CABP1	12	120640552	120977564	337012	True	0.415253	10.403979414215346	0.6622808160287642
HNF1A_T2D_MODY	CAMKK2	12	121298308	120977564	320744	True	0.929465	34.58462428090647	0.67858295270296
HNF1A_T2D_MODY	CFAP251	12	121918592	120977564	941028	True	0.0	72.2219841258271	0.05699735245604298
HNF1A_T2D_MODY	COQ5	12	120534434	120977564	443130	True	0.772428	163.74591861114084	0.5559401386503338
HNF1A_T2D_MODY	COX6A1	12	120438090	120977564	539474	True	0.536669	14.512776754415668	0.45939397097522217
HNF1A_T2D_MODY	DYNLL1	12	120469850	120977564	507714	True	0.993362	12.541393874512512	0.4912206159698409
HNF1A_T2D_MODY	GATC	12	120446444	120977564	531120	True	0.583073	80.10991671076745	0.46776550095900815
HNF1A_T2D_MODY	GCN1	12	120194715	120977564	782849	True	1.741096	30.817106233013952	0.2155082743264396
HNF1A_T2D_MODY	HNF1A	12	120978543	120977564	979	True	1.086933	4.727012625582047	0.9990189456722377
HNF1A_T2D_MODY	HPD	12	121863596	120977564	886032	True	1.100723	41.867910090019045	0.11210875573450807
HNF1A_T2D_MODY	KDM2B	12	121581023	120977564	603459	True	2.897027	24.56150037080491	0.39527470523275743
HNF1A_T2D_MODY	MLEC	12	120687149	120977564	290415	True	2.30268	29.371206598086545	0.7089755948957116
HNF1A_T2D_MODY	MORN3	12	121672631	120977564	695067	True	2.423812	28.66500572787388	0.3034744755518055
HNF1A_T2D_MODY	MSI1	12	120369164	120977564	608400	True	0.591277	27.737048454817263	0.39032333706781996
HNF1A_T2D_MODY	OASL	12	121039242	120977564	61678	True	1.156752	18.168156450478516	0.9381925752525789
HNF1A_T2D_MODY	ORAI1	12	121626550	120977564	648986	True	0.924409	19.55030720637641	0.3496521716474297
HNF1A_T2D_MODY	P2RX4	12	121209861	120977564	232297	True	1.225982	47.64905844008717	0.7672155493603606
HNF1A_T2D_MODY	P2RX7	12	121132819	120977564	155255	True	1.053346	21.97225909184341	0.844419213833768
HNF1A_T2D_MODY	PLA2G1B	12	120327779	120977564	649785	True	1.009808	6.358961393803498	0.3488514950305941
HNF1A_T2D_MODY	POP5	12	120581402	120977564	396162	True	0.58276	18.46655588276819	0.603006696021469
HNF1A_T2D_MODY	PSMD9	12	121888732	120977564	911168	True	1.04403	14.765242351921362	0.08692001050199116
HNF1A_T2D_MODY	PXN	12	120265771	120977564	711793	True	1.382985	15.004775166225151	0.28671337781314077
HNF1A_T2D_MODY	RAB35	12	120117502	120977564	860062	True	0.939625	15.96438217498662	0.13813325102765195
HNF1A_T2D_MODY	RHOF	12	121803403	120977564	825839	True	1.871209	18.459202690434385	0.17242806436678404
HNF1A_T2D_MODY	RNF10	12	120533480	120977564	444084	True	0.772479	12.281695158399216	0.5549841367824224
HNF1A_T2D_MODY	RNF34	12	121400041	120977564	422477	True	1.486871	14.86153309060582	0.5766364767823824
HNF1A_T2D_MODY	RP11-18C24.9	12	120534697	120977564	442867	True	0.0	0.0	0.5562036905279655
HNF1A_T2D_MODY	RP11-87C12.2	12	121888809	120977564	911245	True	0.0	0.0	0.0868428489256503
HNF1A_T2D_MODY	RPLP0	12	120201235	120977564	776329	True	1.738794	20.2516103830641	0.22204195585556152
HNF1A_T2D_MODY	SETD1B	12	121804009	120977564	826445	True	2.728056	4.992371690743193	0.1718207927399975
HNF1A_T2D_MODY	SIRT4	12	120302316	120977564	675248	True	1.771885	34.42270586061509	0.32333506362322706
HNF1A_T2D_MODY	SPPL3	12	120904358	120977564	73206	True	0.614577	35.31455296525096	0.9266403849661191
HNF1A_T2D_MODY	SRSF9	12	120469748	120977564	507816	True	0.999178	15.096866585731194	0.4911184019336491
HNF1A_T2D_MODY	TMEM120B	12	121712752	120977564	735188	True	1.449016	34.31868186311852	0.2632692858846425
HNF1A_T2D_MODY	TRIAP1	12	120446384	120977564	531180	True	0.583073	13.972691172964456	0.4677053750553659
HNF1A_T2D_MODY	UNC119B	12	120710458	120977564	267106	True	0.630687	18.093205043630785	0.7323335063623226
NOD2_CD	ADCY7	16	50246137	50745926	499789	True	0.762372	35.86032866934001	0.49916224574258494
NOD2_CD	BRD7	16	50368988	50745926	376938	True	0.311942	71.93315993584032	0.6222710355484384
NOD2_CD	CNEP1R1	16	50024410	50745926	721516	True	0.420046	9.71322477540501	0.2769699751279179
NOD2_CD	CYLD	16	50742050	50745926	3876	True	1.210528	14.857544831472936	0.9961158666247122
NOD2_CD	HEATR3	16	50065970	50745926	679956	True	0.553507	114.31065206501228	0.31861718438410036
NOD2_CD	HNRNPA1P48	16	51553436	50745926	807510	True	0.0	5.430869644520354	0.19079552583109027
NOD2_CD	NKD1	16	50548396	50745926	197530	True	0.701345	14.087894905098398	0.8020555042258489
NOD2_CD	NOD2	16	50693588	50745926	52338	True	0.793557	98.5019018198749	0.9475521742528855
NOD2_CD	SALL1	16	51151367	50745926	405441	True	1.09312	45.5971198663979	0.5937082250231986
NOD2_CD	SNX20	16	50681353	50745926	64573	True	1.432563	6.620990156991698	0.9352915004018415
NOD2_CD	TENT4B	16	50152911	50745926	593015	True	0.0	6.363535173019345	0.405740620860081
NOD2_CD	ZNF423	16	49857919	50745926	888007	True	0.523537	10.62561463393689	0.11012961140628474
FTO_Obesity	AKTIP	16	53504411	53786615	282204	True	1.719203	16.26757567978875	0.7172038248091503
FTO_Obesity	CHD9	16	53054991	53786615	731624	True	0.848066	10.77419466512837	0.2668407645609907
FTO_Obesity	FTO	16	53701692	53786615	84923	True	0.745999	26.6292223803676	0.9148987980831862
FTO_Obesity	IRX3	16	54286787	53786615	500172	True	1.536732	16.46858623201633	0.49877844205766875
FTO_Obesity	RBL2	16	53433977	53786615	352638	True	1.266759	173.9718152298583	0.6466220265235403
FTO_Obesity	RP11-467J12.4	16	53052873	53786615	733742	True	0.0	33.305443058689896	0.26471832016242014
FTO_Obesity	RPGRIP1L	16	53703938	53786615	82677	True	0.745999	14.71885750439541	0.9171495110761936
CETP_HDL_CAD	ADGRG1	16	57610652	56995236	615416	True	1.482495	13.46553093636718	0.38329261473525567
CETP_HDL_CAD	ADGRG3	16	57668277	56995236	673041	True	0.869758	33.63863863651425	0.325546694778867
CETP_HDL_CAD	ADGRG5	16	57542643	56995236	547407	True	1.145584	15.773227442289308	0.45144432441532567
CETP_HDL_CAD	AMFR	16	56425545	56995236	569691	True	0.546893	15.365208458707087	0.4291135638026027
CETP_HDL_CAD	ARL2BP	16	57245259	56995236	250023	True	1.126905	5.705121720299309	0.7494523532276587
CETP_HDL_CAD	BBS2	16	56582667	56995236	412569	True	0.580922	100.69380665796128	0.586565267670502
CETP_HDL_CAD	CCDC102A	16	57536571	56995236	541335	True	1.144608	39.96373050425719	0.45752906586391906
CETP_HDL_CAD	CCL17	16	57404767	56995236	409531	True	0.232547	8.266269225697538	0.5896096425915868
CETP_HDL_CAD	CCL22	16	57358783	56995236	363547	True	0.789166	5.276998563251095	0.6356901351429894
CETP_HDL_CAD	CETP	16	56961923	56995236	33313	True	0.578828	11.60665999357965	0.9666170961994416
CETP_HDL_CAD	CIAPIN1	16	57447420	56995236	452184	True	1.003701	30.62821383610143	0.5468671397907218
CETP_HDL_CAD	CNGB1	16	57971128	56995236	975892	True	0.153324	5.491952649352543	0.02206019404633297
CETP_HDL_CAD	COQ9	16	57447425	56995236	452189	True	1.003701	22.594822745309838	0.5468621292987517
CETP_HDL_CAD	CPNE2	16	57092583	56995236	97347	True	0.548151	34.868734303219966	0.9024487276356691
CETP_HDL_CAD	CX3CL1	16	57372477	56995236	377241	True	1.239236	8.446018722311386	0.6219673997350452
CETP_HDL_CAD	DOK4	16	57487327	56995236	492091	True	0.548433	25.01600676959054	0.5068763991798827
CETP_HDL_CAD	DRC7	16	57694793	56995236	699557	True	1.634706	82.6842919888802	0.2989750537625788
CETP_HDL_CAD	GNAO1	16	56191390	56995236	803846	True	0.418722	70.20699232957185	0.19446721434684233
CETP_HDL_CAD	HERPUD1	16	56932142	56995236	63094	True	2.283591	18.50413803602364	0.9367736039266223
CETP_HDL_CAD	KATNB1	16	57735739	56995236	740503	True	1.429472	9.976299069645153	0.2579431329203352
CETP_HDL_CAD	KIFC3	16	57863053	56995236	867817	True	0.537967	36.20845952075084	0.13036197798189408
CETP_HDL_CAD	MT1A	16	56638666	56995236	356570	True	0.672974	26.8342038798374	0.6426817756381864
CETP_HDL_CAD	MT1B	16	56651886	56995236	343350	True	0.619541	17.745005049488405	0.6559295164073571
CETP_HDL_CAD	MT1E	16	56625475	56995236	369761	True	1.345648	66.89313964237613	0.6294630957224427
CETP_HDL_CAD	MT1F	16	56657731	56995236	337505	True	1.086763	7.327352691448024	0.6617867815205039
CETP_HDL_CAD	MT1G	16	56668065	56995236	327171	True	0.494985	31.1972153319928	0.6721424663244835
CETP_HDL_CAD	MT1H	16	56669814	56995236	325422	True	0.448586	9.07767685281078	0.6738951364156545
CETP_HDL_CAD	MT1M	16	56632659	56995236	362577	True	0.83897	11.627424889910708	0.6366621705852054
CETP_HDL_CAD	MT1X	16	56682470	56995236	312766	True	0.86865	57.23369499624178	0.6865776936905881
CETP_HDL_CAD	MT2A	16	56608584	56995236	386652	True	2.552037	8.426300080567364	0.6125366517487619
CETP_HDL_CAD	MT3	16	56589074	56995236	406162	True	0.608121	19.78136210368162	0.5929857120810977
CETP_HDL_CAD	MT4	16	56565073	56995236	430163	True	0.220778	92.17430131653772	0.568934348525813
CETP_HDL_CAD	NLRC5	16	56989485	56995236	5751	True	0.785848	62.16353979291635	0.9942369321358926
CETP_HDL_CAD	NUDT21	16	56452199	56995236	543037	True	0.97958	61.36201921505149	0.4558234943972679
CETP_HDL_CAD	NUP93	16	56730118	56995236	265118	True	0.400999	15.386401281993496	0.7343256779696685
CETP_HDL_CAD	OGFOD1	16	56451521	56995236	543715	True	0.97958	48.1383676300451	0.4551440716861107
CETP_HDL_CAD	PLLP	16	57284672	56995236	289436	True	0.63632	54.96234247104429	0.7099566492234739
CETP_HDL_CAD	POLR2C	16	57462660	56995236	467424	True	0.835754	27.547229461014677	0.5315951602655962
CETP_HDL_CAD	PSME3IP1	16	57186116	56995236	190880	True	0.0	60.15591691244656	0.8087194585461958
CETP_HDL_CAD	RP11-413H22.3	16	56501497	56995236	493739	True	0.0	0.0	0.5052249410265095
CETP_HDL_CAD	RSPRY1	16	57186137	56995236	190901	True	1.177378	25.3254796340503	0.808698414479921
CETP_HDL_CAD	SLC12A3	16	56865207	56995236	130029	True	0.983394	12.68477930179221	0.8696981479217482
CETP_HDL_CAD	TEPP	16	57976435	56995236	981199	True	0.574527	88.77103532259484	0.01674205786917804
LDLR_CAD_LDL	ACP5	19	11579008	11060935	518073	True	1.41261	55.26283678850463	0.4808398787060104
LDLR_CAD_LDL	ANGPTL6	19	10102678	11060935	958257	True	3.083738	13.613954292651432	0.03973219922517757
LDLR_CAD_LDL	ANGPTL8	19	11237450	11060935	176515	True	0.683002	6.0341696623759065	0.8231146019765389
LDLR_CAD_LDL	AP1M2	19	10587315	11060935	473620	True	0.843636	29.55986736224685	0.5253861586161421
LDLR_CAD_LDL	ATG4D	19	10543895	11060935	517040	True	0.823144	16.35979393537417	0.4818750463470507
LDLR_CAD_LDL	C19orf38	19	10836575	11060935	224360	True	0.784532	7.152460654496386	0.7751692043138332
LDLR_CAD_LDL	CARM1	19	10871553	11060935	189382	True	1.446238	20.072248384968468	0.8102206019404633
LDLR_CAD_LDL	CCDC159	19	11344684	11060935	283749	True	1.214214	9.919301377128871	0.715655582790363
LDLR_CAD_LDL	CDC37	19	10420121	11060935	640814	True	1.063871	9.13069903342658	0.357841319723501
LDLR_CAD_LDL	CDKN2D	19	10569059	11060935	491876	True	1.028882	46.49587861667912	0.5070918503346007
LDLR_CAD_LDL	CNN1	19	11538767	11060935	477832	True	0.717942	5.45989336166999	0.5211653201804578
LDLR_CAD_LDL	CTC-359D24.6	19	11987641	11060935	926706	True	0.0	0.0	0.07134940565544245
LDLR_CAD_LDL	CTC-398G3.6	19	11505698	11060935	444763	True	0.0	0.0	0.5543037119728712
LDLR_CAD_LDL	CTD-2006C1.10	19	12052967	11060935	992032	True	0.0	0.0	0.005886325966574013
LDLR_CAD_LDL	CTD-2006C1.13	19	11925075	11060935	864140	True	0.0	0.0	0.1340466937767686
LDLR_CAD_LDL	CTD-2369P2.10	19	10316009	11060935	744926	True	0.0	0.0	0.25351085172350907
LDLR_CAD_LDL	CTD-2369P2.12	19	10320678	11060935	740257	True	0.0	0.0	0.2581896491252683
LDLR_CAD_LDL	DNM2	19	10718055	11060935	342880	True	2.24725	12.237926419376551	0.6564005026525545
LDLR_CAD_LDL	DNMT1	19	10231286	11060935	829649	True	1.555695	7.554690095907382	0.1686100694855026
LDLR_CAD_LDL	DOCK6	19	11262524	11060935	201589	True	0.59591	23.770848233296583	0.7979879868444523
LDLR_CAD_LDL	ECSIT	19	11529172	11060935	468237	True	1.198487	21.241178153597268	0.530780454271244
LDLR_CAD_LDL	EIF3G	19	10119918	11060935	941017	True	1.100692	35.99591948993809	0.05700837553837734
LDLR_CAD_LDL	ELAVL3	19	11481046	11060935	420111	True	0.915016	6.937865701358117	0.5790074415826741
LDLR_CAD_LDL	ELOF1	19	11559236	11060935	498301	True	0.576207	13.588745726430368	0.5006533681529122
LDLR_CAD_LDL	EPOR	19	11384342	11060935	323407	True	1.169467	16.351798120514566	0.6759143646796392
LDLR_CAD_LDL	FDX2	19	10316015	11060935	744920	True	0.0	18.998261961570293	0.2535168643138732
LDLR_CAD_LDL	ICAM1	19	10271093	11060935	789842	True	2.331152	9.55549927805616	0.20850060025693806
LDLR_CAD_LDL	ICAM3	19	10339661	11060935	721274	True	0.963599	16.808155113217556	0.2772124829392748
LDLR_CAD_LDL	ICAM4	19	10286955	11060935	773980	True	1.016724	0.0	0.22439588498315477
LDLR_CAD_LDL	ICAM5	19	10289952	11060935	770983	True	1.242515	24.250982952082094	0.2273991738700839
LDLR_CAD_LDL	ILF3	19	10654261	11060935	406674	True	2.547314	6.413509466019276	0.5924726377033508
LDLR_CAD_LDL	KANK2	19	11197791	11060935	136856	True	1.664041	28.78078758621147	0.8628568221856567
LDLR_CAD_LDL	KEAP1	19	10503558	11060935	557377	True	1.647329	10.760277696408716	0.44145340342677564
LDLR_CAD_LDL	KRI1	19	10566031	11060935	494904	True	1.028882	88.02602609679113	0.5040574963974562
LDLR_CAD_LDL	LDLR	19	11089462	11060935	28527	True	2.259802	7.760853239153088	0.9714131391133033
LDLR_CAD_LDL	MRPL4	19	10251901	11060935	809034	True	0.881897	29.53178415958951	0.18926832787857772
LDLR_CAD_LDL	ODAD3	19	11435782	11060935	374847	True	0.0	14.732948012527316	0.6243664232903701
LDLR_CAD_LDL	P2RY11	19	10111693	11060935	949242	True	3.552373	32.180914289381946	0.04876611624742211
LDLR_CAD_LDL	PDE4A	19	10416773	11060935	644162	True	0.259992	25.151817659287424	0.3544862943002648
LDLR_CAD_LDL	PLPPR2	19	11355386	11060935	294451	True	0.516802	144.28627431273253	0.7049311257773778
LDLR_CAD_LDL	PPAN	19	10106362	11060935	954573	True	3.549854	7.584477449875977	0.04342392970881026
LDLR_CAD_LDL	PPAN-P2RY11	19	10106223	11060935	954712	True	3.549854	0.0	0.04328463803203908
LDLR_CAD_LDL	PRKCSH	19	11435284	11060935	374349	True	1.49918	13.57800637002676	0.6248654682906005
LDLR_CAD_LDL	QTRT1	19	10701430	11060935	359505	True	0.856668	6.897593738754952	0.6397406168516875
LDLR_CAD_LDL	RAB3D	19	11346270	11060935	285335	True	0.741542	15.624729714893192	0.7140662547374201
LDLR_CAD_LDL	RAVER1	19	10333638	11060935	727297	True	1.205462	31.25583301967967	0.2711768443119893
LDLR_CAD_LDL	RGL3	19	11419328	11060935	358393	True	0.785894	43.33095103248364	0.6408549502658567
LDLR_CAD_LDL	S1PR2	19	10231331	11060935	829604	True	1.055017	13.701771534457572	0.16865516391323432
LDLR_CAD_LDL	S1PR5	19	10517931	11060935	543004	True	0.906402	29.818616665137487	0.4558565636442711
LDLR_CAD_LDL	SHFL	19	10086122	11060935	974813	True	0.0	37.272575058379374	0.02314145821349911
LDLR_CAD_LDL	SLC44A2	19	10602457	11060935	458478	True	0.751486	47.64942057084269	0.5405599324986522
LDLR_CAD_LDL	SMARCA4	19	10960932	11060935	100003	True	0.575755	31.111336478570298	0.8997871543011066
LDLR_CAD_LDL	SPC24	19	11155808	11060935	94873	True	1.031681	19.81317357698129	0.9049279190625169
LDLR_CAD_LDL	SWSAP1	19	11374666	11060935	313731	True	1.371375	11.139771629183878	0.6856106687403423
LDLR_CAD_LDL	TIMM29	19	10928811	11060935	132124	True	0.800698	7.757004141969813	0.8675987517862404
LDLR_CAD_LDL	TMED1	19	10836318	11060935	224617	True	1.962299	17.392592161958902	0.7749116650265656
LDLR_CAD_LDL	TMEM205	19	11346518	11060935	285583	True	1.214214	14.225799198924587	0.713817734335699
LDLR_CAD_LDL	TSPAN16	19	11296139	11060935	235204	True	0.282367	28.66694790161269	0.7643024493288947
LDLR_CAD_LDL	TYK2	19	10380572	11060935	680363	True	0.95857	15.548657293221266	0.31820933033772725
LDLR_CAD_LDL	YIPF2	19	10928681	11060935	132254	True	0.800698	12.74668865419359	0.8674684789950156
LDLR_CAD_LDL	ZGLP1	19	10309880	11060935	751055	True	0.348107	20.78194263937143	0.24736899066645557
LDLR_CAD_LDL	ZNF433	19	12035741	11060935	974806	True	0.724652	10.074158000649817	0.0231484729022573
LDLR_CAD_LDL	ZNF439	19	11848726	11060935	787791	True	0.140469	35.63133385430413	0.2105559040631082
LDLR_CAD_LDL	ZNF440	19	11814273	11060935	753338	True	0.652258	19.169522966399818	0.24508120003286882
LDLR_CAD_LDL	ZNF441	19	11767000	11060935	706065	True	0.764163	15.196436372352244	0.2924533974141853
LDLR_CAD_LDL	ZNF491	19	11797667	11060935	736732	True	1.082868	14.848574985290968	0.2617220459642491
LDLR_CAD_LDL	ZNF627	19	11559374	11060935	498439	True	0.838563	18.7498411408491	0.5005150785745351
LDLR_CAD_LDL	ZNF653	19	11505839	11060935	444904	True	1.163435	5.422558755902065	0.5541624160993119
LDLR_CAD_LDL	ZNF69	19	11887782	11060935	826847	True	0.862787	36.9911572020492	0.1714179491855946
LDLR_CAD_LDL	ZNF700	19	11925068	11060935	864133	True	1.649435	8.173745034873617	0.13405370846552678
LDLR_CAD_LDL	ZNF763	19	11965037	11060935	904102	True	1.219303	23.018791373001804	0.09400083775425738
LDLR_CAD_LDL	ZNF823	19	11739009	11060935	678074	True	1.121543	14.0993734647071	0.32050313356167814
LDLR_CAD_LDL	ZNF878	19	12052961	11060935	992026	True	0.550701	6.006490584923864	0.00589233855693827
IL23R_IBD_PSO	C1orf141	1	67231853	67240275	8422	True	0.276408	39.47863828606204	0.9915603273254194
IL23R_IBD_PSO	DIRAS3	1	68051631	67240275	811356	True	0.479756	20.10619941386171	0.18694145540762352
IL23R_IBD_PSO	DNAI4	1	66924856	67240275	315419	True	0.0	47.60481693902101	0.6839191266512077
IL23R_IBD_PSO	DYNLT5	1	66752459	67240275	487816	True	0.0	64.63034821100928	0.5111603698143914
IL23R_IBD_PSO	GADD45A	1	67685201	67240275	444926	True	1.096049	8.682942134048778	0.5541403699346432
IL23R_IBD_PSO	GNG12	1	67833467	67240275	593192	True	0.725841	20.145936380389134	0.4055632494443364
IL23R_IBD_PSO	IL12RB2	1	67307364	67240275	67089	True	0.177295	29.342514847890538	0.9327702208424441
IL23R_IBD_PSO	IL23R	1	67138907	67240275	101368	True	0.232394	4.650157383084395	0.8984192899932458
IL23R_IBD_PSO	INSL5	1	66801276	67240275	438999	True	0.17229	4.867477763388053	0.5600798071161011
IL23R_IBD_PSO	MIER1	1	66924895	67240275	315380	True	1.348485	26.947663950290185	0.6839582084885751
IL23R_IBD_PSO	SERBP1	1	67430415	67240275	190140	True	2.054142	34.33963738085797	0.8094610113577831
IL23R_IBD_PSO	SGIP1	1	66533267	67240275	707008	True	0.964621	37.4459968917641	0.2915084186286083
IL23R_IBD_PSO	SLC35D1	1	67054148	67240275	186127	True	0.773614	45.68702758848981	0.8134824322130542
IL23R_IBD_PSO	WLS	1	68233120	67240275	992845	True	0.697537	28.718219198370814	0.00507161997222183
PTPN22_RA_T1D	AMPD1	1	114695618	113834946	860672	True	0.695874	69.78458717535486	0.13752197100728925
PTPN22_RA_T1D	AP4B1	1	113905201	113834946	70255	True	2.750455	32.10060251162326	0.9295975773269226
PTPN22_RA_T1D	BCAS2	1	114581629	113834946	746683	True	1.637529	10.55419970800934	0.25175016484518586
PTPN22_RA_T1D	BCL2L15	1	113887581	113834946	52635	True	1.094328	11.802460321215085	0.9472545510298566
PTPN22_RA_T1D	CSDE1	1	114758676	113834946	923730	True	2.605782	7.171247326423605	0.07433165047609691
PTPN22_RA_T1D	DCLRE1B	1	113905213	113834946	70267	True	2.750455	7.52367278197512	0.9295855521461941
PTPN22_RA_T1D	DENND2C	1	114670422	113834946	835476	True	1.767623	15.552857479451973	0.1627708421434484
PTPN22_RA_T1D	HIPK1	1	113929324	113834946	94378	True	2.378095	8.259409168430071	0.9054239577675652
PTPN22_RA_T1D	LRIG2	1	113073198	113834946	761748	True	1.99936	13.173059416493	0.23665355253901665
PTPN22_RA_T1D	MAGI3	1	113390515	113834946	444431	True	1.060201	17.321188548331403	0.5546364086396915
PTPN22_RA_T1D	NRAS	1	114716771	113834946	881825	True	1.330402	6.254871315504301	0.11632458367822218
PTPN22_RA_T1D	OLFML3	1	113979391	113834946	144445	True	0.878051	37.18603158813803	0.8552518974733091
PTPN22_RA_T1D	PHTF1	1	113759489	113834946	75457	True	1.144792	19.13607846429136	0.9243846614811415
PTPN22_RA_T1D	PTPN22	1	113871753	113834946	36807	True	0.772496	15.50536127054634	0.9631157644106759
PTPN22_RA_T1D	RSBN1	1	113812476	113834946	22470	True	1.458601	11.331998221659164	0.977482849085986
PTPN22_RA_T1D	SIKE1	1	114780685	113834946	945739	True	1.351963	6.447104355861333	0.052276466921734155
PTPN22_RA_T1D	SLC16A1	1	112957593	113834946	877353	True	1.612136	28.389428195020376	0.12080596769635621
PTPN22_RA_T1D	SYT6	1	114153880	113834946	318934	True	0.854036	63.666744220038936	0.6803967507961672
PTPN22_RA_T1D	TRIM33	1	114511203	113834946	676257	True	1.939489	9.39354339236385	0.3223239463436436
HBB_ANEMIA	C11orf42	11	6205557	5227002	978555	True	0.907611	5.583530914732422	0.019391606023012153
HBB_ANEMIA	CTD-2643I7.4	11	5254783	5227002	27781	True	0.0	0.0	0.9721607045152549
HBB_ANEMIA	CTD-2643I7.5	11	5678434	5227002	451432	True	0.0	21.68044633779064	0.5476207177830377
HBB_ANEMIA	HBB	11	5229395	5227002	2393	True	1.222297	5.227498597100049	0.9976019785430692
HBB_ANEMIA	HBD	11	5243657	5227002	16655	True	0.564413	5.405544464916055	0.9833100512473119
HBB_ANEMIA	HBE1	11	5505652	5227002	278650	True	0.487439	6.044930705790151	0.7207652825015582
HBB_ANEMIA	HBG1	11	5249857	5227002	22855	True	0.223341	5.329697543855278	0.9770970412042818
HBB_ANEMIA	HBG2	11	5505605	5227002	278603	True	0.223341	30.789106547813837	0.720812381126078
HBB_ANEMIA	MMP26	11	4704784	5227002	522218	True	0.039317	40.58569698481203	0.4766861808627265
HBB_ANEMIA	OR51A2	11	4955713	5227002	271289	True	0.0	0.0	0.7281417287800654
HBB_ANEMIA	OR51A4	11	4947605	5227002	279397	True	0.050028	0.0	0.7200167150012126
HBB_ANEMIA	OR51A7	11	4903783	5227002	323219	True	0.031375	5.533322147016811	0.6761027591777181
HBB_ANEMIA	OR51B2	11	5324297	5227002	97295	True	0.068659	0.0	0.902500836752159
HBB_ANEMIA	OR51B4	11	5301946	5227002	74944	True	0.150749	6.032249431482817	0.9248987379572825
HBB_ANEMIA	OR51B5	11	5505652	5227002	278650	True	0.248026	30.58206851367481	0.7207652825015582
HBB_ANEMIA	OR51B6	11	5351508	5227002	124506	True	0.138372	7.475896102522124	0.8752327373520151
HBB_ANEMIA	OR51C1P	11	4697831	5227002	529171	True	0.0	8.772928683731042	0.4697185907289865
HBB_ANEMIA	OR51D1	11	4637477	5227002	589525	True	0.086359	0.0	0.4092379442552705
HBB_ANEMIA	OR51E1	11	4643420	5227002	583582	True	0.143387	27.70415591949676	0.41519341501103313
HBB_ANEMIA	OR51E2	11	4697854	5227002	529148	True	0.0	14.99518011877181	0.46974163899204935
HBB_ANEMIA	OR51F1	11	4769917	5227002	457085	True	0.0	0.0	0.5419558555615458
HBB_ANEMIA	OR51F2	11	4821321	5227002	405681	True	0.092341	0.0	0.5934677214086297
HBB_ANEMIA	OR51G1	11	4924339	5227002	302663	True	0.040041	0.0	0.696701893765545
HBB_ANEMIA	OR51G2	11	4919350	5227002	307652	True	0.180808	0.0	0.691702424877694
HBB_ANEMIA	OR51I1	11	5441514	5227002	214512	True	0.046559	0.0	0.7850378692983107
HBB_ANEMIA	OR51I2	11	5449323	5227002	222321	True	0.069815	4.468072969038099	0.7772124829392748
HBB_ANEMIA	OR51L1	11	4994851	5227002	232151	True	0.043197	0.0	0.76736185572589
HBB_ANEMIA	OR51M1	11	5383812	5227002	156810	True	0.044762	0.0	0.8428609508310402
HBB_ANEMIA	OR51Q1	11	5422111	5227002	195109	True	0.056938	7.213891980360821	0.8044815844378128
HBB_ANEMIA	OR51S1	11	4849208	5227002	377794	True	0.043614	0.0	0.6214132393231426
HBB_ANEMIA	OR51T1	11	4881819	5227002	345183	True	0.473504	0.0	0.654092670051087
HBB_ANEMIA	OR51V1	11	5200682	5227002	26320	True	0.137837	0.0	0.9736247702689431
HBB_ANEMIA	OR52A1	11	5154757	5227002	72245	True	0.200449	0.0	0.9276034015227888
HBB_ANEMIA	OR52A5	11	5138356	5227002	88646	True	0.304818	0.0	0.911167985762186
HBB_ANEMIA	OR52B2	11	6170326	5227002	943324	True	0.081768	0.0	0.054696534543333786
HBB_ANEMIA	OR52B4	11	4368386	5227002	858616	True	0.043997	6.165129338433253	0.1395822853054296
HBB_ANEMIA	OR52B6	11	5580877	5227002	353875	True	0.309252	0.0	0.6453824308101164
HBB_ANEMIA	OR52D1	11	5488685	5227002	261683	True	0.068035	5.190682749955697	0.737767885953186
HBB_ANEMIA	OR52E2	11	5059627	5227002	167375	True	0.04025	0.0	0.8322737812980381
HBB_ANEMIA	OR52E4	11	5880629	5227002	653627	True	0.045704	4.537161940378523	0.3450014330007035
HBB_ANEMIA	OR52E5	11	5893208	5227002	666206	True	0.0	0.0	0.33239603730211065
HBB_ANEMIA	OR52E6	11	5841952	5227002	614950	True	0.035783	0.0	0.383759592586877
HBB_ANEMIA	OR52E8	11	5857734	5227002	630732	True	0.0	0.0	0.36794447573218314
HBB_ANEMIA	OR52H1	11	5548540	5227002	321538	True	0.077158	0.0	0.6777872865780945
HBB_ANEMIA	OR52I1	11	4593750	5227002	633252	True	0.248845	0.0	0.3654191877792097
HBB_ANEMIA	OR52I2	11	4581743	5227002	645259	True	0.0	0.0	0.353386992362006
HBB_ANEMIA	OR52J3	11	5046526	5227002	180476	True	0.028288	0.0	0.8191452902377578
HBB_ANEMIA	OR52K1	11	4482646	5227002	744356	True	0.0343	5.126567786636708	0.25408204780811017
HBB_ANEMIA	OR52K2	11	4449295	5227002	777707	True	0.464839	0.0	0.22066106426857846
HBB_ANEMIA	OR52L1	11	5986985	5227002	759983	True	0.0	5.386401281993495	0.2384222562044922
HBB_ANEMIA	OR52M1	11	4545191	5227002	681811	True	0.033594	0.0	0.3167582918631615
HBB_ANEMIA	OR52N1	11	5791265	5227002	564263	True	0.05531	12.229631870492447	0.43455295388543613
HBB_ANEMIA	OR52N2	11	5808924	5227002	581922	True	0.137532	42.58100472380694	0.41685689834513473
HBB_ANEMIA	OR52N4	11	5754243	5227002	527241	True	0.0	22.50344533479967	0.4716526406294781
HBB_ANEMIA	OR52N5	11	5783355	5227002	556353	True	0.024096	13.690482678643177	0.44247955218226964
HBB_ANEMIA	OR52R1	11	4804380	5227002	422622	True	0.051837	0.0	0.576491172515247
HBB_ANEMIA	OR52W1	11	6199224	5227002	972222	True	0.91366	0.0	0.025737895152449175
HBB_ANEMIA	OR56A1	11	6034338	5227002	807336	True	0.047929	13.133818440752458	0.19096989095165273
HBB_ANEMIA	OR56A3	11	5938751	5227002	711749	True	0.025991	0.0	0.2867574701424783
HBB_ANEMIA	OR56A4	11	6006946	5227002	779944	True	0.0	0.0	0.21841937016111734
HBB_ANEMIA	OR56A5	11	5968494	5227002	741492	True	0.022652	0.0	0.2569520576086325
HBB_ANEMIA	OR56B1	11	5736448	5227002	509446	True	0.197605	0.0	0.48948498155136855
HBB_ANEMIA	OR56B2P	11	5761153	5227002	534151	True	0.0	21.15577639203898	0.46472814072668167
HBB_ANEMIA	OR56B4	11	6107684	5227002	880682	True	0.0	0.0	0.11746998214260662
HBB_ANEMIA	SSU72P2	11	4242640	5227002	984362	True	0.0	0.0	0.013572420648838679
HBB_ANEMIA	SSU72P3	11	4329865	5227002	897137	True	0.0	0.0	0.10098045306872594
HBB_ANEMIA	SSU72P4	11	4288083	5227002	938919	True	0.0	0.0	0.059110777969067274
HBB_ANEMIA	SSU72P5	11	4233288	5227002	993714	True	0.0	0.0	0.00420079646780358
HBB_ANEMIA	SSU72P7	11	4339244	5227002	887758	True	0.0	0.0	0.11037913390639997
HBB_ANEMIA	TRIM21	11	4393702	5227002	833300	True	0.661942	11.235802938259438	0.1649514082488731
HBB_ANEMIA	TRIM22	11	5689697	5227002	462695	True	1.40104	40.72354279155987	0.5363340835709977
HBB_ANEMIA	TRIM34	11	5619764	5227002	392762	True	0.794535	8.548185942383562	0.6064138305611951
HBB_ANEMIA	TRIM5	11	5938619	5227002	711617	True	1.401285	27.354828357462846	0.2868897471304912
HBB_ANEMIA	TRIM6	11	5596109	5227002	369107	True	0.972362	30.145771105469127	0.630118468072143
HBB_ANEMIA	TRIM6-TRIM34	11	5596725	5227002	369723	True	0.972362	0.0	0.6295011754614162
HBB_ANEMIA	TRIM68	11	4608231	5227002	618771	True	0.466936	19.749494611103184	0.3799305746232611
HBB_ANEMIA	UBQLN3	11	5509958	5227002	282956	True	0.191039	0.0	0.7164502468168344
HBB_ANEMIA	UBQLNL	11	5518431	5227002	291429	True	0.0	21.62751698262029	0.707959467124158
CACNA1C_SCZ_BD	ADIPOR2	12	1688574	1970786	282212	True	2.00876	11.7443440374398	0.717195808021998
CACNA1C_SCZ_BD	CACNA1C	12	1970772	1970786	14	True	0.50431	18.14440755953624	0.9999859706224835
CACNA1C_SCZ_BD	CACNA2D4	12	1918666	1970786	52120	True	1.322334	39.17624155094842	0.9477706317027856
CACNA1C_SCZ_BD	DCP1B	12	2004535	1970786	33749	True	1.003209	12.456929496034745	0.9661801812996414
CACNA1C_SCZ_BD	ERC1	12	990509	1970786	980277	True	1.310913	9.930183957428005	0.017665992588480228
CACNA1C_SCZ_BD	FBXL14	12	1594581	1970786	376205	True	1.218407	7.61907637610112	0.6230055736712676
CACNA1C_SCZ_BD	FKBP4	12	2794970	1970786	824184	True	0.943883	6.635758655353299	0.17408653720891543
CACNA1C_SCZ_BD	FOXM1	12	2877174	1970786	906388	True	1.507782	7.714841164534185	0.09171004082548861
CACNA1C_SCZ_BD	ITFG2	12	2812622	1970786	841836	True	1.351724	11.676494205668682	0.15639749635737232
CACNA1C_SCZ_BD	LRTM2	12	1820267	1970786	150519	True	1.283776	5.556033321625422	0.8491651518279277
CACNA1C_SCZ_BD	NRIP2	12	2835544	1970786	864758	True	0.38212	18.12568752637872	0.13342739696925365
CACNA1C_SCZ_BD	RAD52	12	990053	1970786	980733	True	1.190109	48.260319293215645	0.01720903572079935
CACNA1C_SCZ_BD	RHNO1	12	2876258	1970786	905472	True	1.507782	50.471288931583146	0.09262796295442655
CACNA1C_SCZ_BD	TEAD4	12	2959330	1970786	988544	True	1.346546	10.35760275609552	0.009381645164975416
CACNA1C_SCZ_BD	TEX52	12	2857039	1970786	886253	True	0.0	11.97845513866004	0.11188729198942582
CACNA1C_SCZ_BD	TULP3	12	2877223	1970786	906437	True	1.195146	90.28357425990583	0.09166093800418074
CACNA1C_SCZ_BD	WNT5B	12	1529891	1970786	440895	True	0.397389	12.812222726398266	0.5581798285610067
CHD8_ASD	ANG	14	20684177	21385689	701512	True	3.306151	13.262999093698332	0.29701595140223624
CHD8_ASD	APEX1	14	20455191	21385689	930498	True	1.965035	17.902465052782723	0.0675494485452538
CHD8_ASD	ARHGEF40	14	21070273	21385689	315416	True	2.0828	51.50290164607837	0.6839221329463898
CHD8_ASD	CHD8	14	21456126	21385689	70437	True	0.858231	8.572354873460839	0.9294151954192078
CHD8_ASD	EDDM3A	14	20745887	21385689	639802	True	0.243653	15.639465278844044	0.3588554432982666
CHD8_ASD	EDDM3B	14	20768404	21385689	617285	True	0.296333	0.0	0.3814196928368002
CHD8_ASD	HNRNPC	14	21269494	21385689	116195	True	2.042735	5.344778941797577	0.8835611771048576
CHD8_ASD	KLHL33	14	20436166	21385689	949523	True	0.934891	25.00642446488581	0.04848452659869762
CHD8_ASD	METTL17	14	20989973	21385689	395716	True	0.796794	33.020435692352464	0.6034536319052095
CHD8_ASD	METTL3	14	21511342	21385689	125653	True	0.91937	10.958954889475695	0.8740833304940545
CHD8_ASD	NDRG2	14	21070872	21385689	314817	True	2.280901	12.177983034306624	0.6845223898844179
CHD8_ASD	OR10G2	14	21634940	21385689	249251	True	0.10095	0.0	0.7502259731878553
CHD8_ASD	OR10G3	14	21580076	21385689	194387	True	0.628099	0.0	0.8052050994783075
CHD8_ASD	OR4E1	14	21673818	21385689	288129	True	0.580348	0.0	0.7112663918244805
CHD8_ASD	OR4E2	14	21653835	21385689	268146	True	1.158297	0.0	0.7312913240325241
CHD8_ASD	OR5AU1	14	21159060	21385689	226629	True	0.202377	28.33902453994109	0.7728954430577629
CHD8_ASD	OR6S1	14	20641691	21385689	743998	True	0.721068	6.482343650865677	0.2544407990331755
CHD8_ASD	OSGEP	14	20455089	21385689	930600	True	1.96507	88.89951917187476	0.06744723450906198
CHD8_ASD	PIP4P1	14	20461465	21385689	924224	True	0.0	7.76076310383768	0.07383661386944262
CHD8_ASD	PNP	14	20468954	21385689	916735	True	2.032589	108.06076288082232	0.08134132874238653
CHD8_ASD	RAB2B	14	21476960	21385689	91271	True	1.259605	21.23999844327544	0.9085374774778386
CHD8_ASD	RNASE1	14	20802855	21385689	582834	True	0.702043	19.57598455017801	0.41594298460977286
CHD8_ASD	RNASE10	14	20505537	21385689	880152	True	0.240081	7.317765545809831	0.11800109429144634
CHD8_ASD	RNASE11	14	20609884	21385689	775805	True	0.138784	23.098085826984285	0.22256705541403699
CHD8_ASD	RNASE12	14	20590823	21385689	794866	True	0.231556	4.909051012667093	0.2034660579252956
CHD8_ASD	RNASE13	14	21034807	21385689	350882	True	1.04047	6.158183321784114	0.6483817113034694
CHD8_ASD	RNASE2	14	20955487	21385689	430202	True	0.561716	28.476478540404525	0.5688952666884456
CHD8_ASD	RNASE3	14	20891385	21385689	494304	True	0.245697	19.130316614201767	0.5046587554338786
CHD8_ASD	RNASE4	14	20684560	21385689	701129	True	3.306151	35.538852772513195	0.29739975508715255
CHD8_ASD	RNASE6	14	20781268	21385689	604421	True	0.554979	51.70817844041754	0.39431068657769364
CHD8_ASD	RNASE7	14	21042316	21385689	343373	True	1.224946	20.638421360320077	0.6559064681442941
CHD8_ASD	RNASE8	14	21057822	21385689	327867	True	0.939225	0.0	0.6714450058422337
CHD8_ASD	RNASE9	14	20560931	21385689	824758	True	0.307638	0.0	0.17351133273073815
CHD8_ASD	RP11-14J7.7	14	20609795	21385689	775894	True	0.0	0.0	0.22247786865696773
CHD8_ASD	RP11-903H12.5	14	20684587	21385689	701102	True	0.0	0.0	0.2974268117437915
CHD8_ASD	RPGRIP1	14	21280083	21385689	105606	True	0.624998	26.76473675568055	0.8941723969993166
CHD8_ASD	SALL2	14	21537216	21385689	151527	True	1.108331	8.095904158390688	0.8481550366467383
CHD8_ASD	SLC39A2	14	20999255	21385689	386434	True	0.487296	39.56784075825604	0.612755109198662
CHD8_ASD	SUPT16H	14	21384019	21385689	1670	True	1.4438	7.728002818496456	0.998326495681958
CHD8_ASD	TEP1	14	20413501	21385689	972188	True	1.117877	26.565330517347213	0.02577196649784652
CHD8_ASD	TMEM253	14	21098811	21385689	286878	True	2.401751	5.464641310359291	0.7125200169154209
CHD8_ASD	TOX4	14	21476597	21385689	90908	True	1.259605	41.62037363994358	0.9089012391948741
CHD8_ASD	TPPP2	14	21024109	21385689	361580	True	1.80874	14.332055125400236	0.6376612626840604
CHD8_ASD	ZNF219	14	21104722	21385689	280967	True	2.402387	7.091187507173542	0.7184434205225743
SERPINA1_COPD	ASB2	14	93976739	94376738	399999	True	2.228328	8.294113205748744	0.5991616444835486
SERPINA1_COPD	CCDC197	14	93987225	94376738	389513	True	0.0	55.52924855853416	0.6096696482434217
SERPINA1_COPD	CLMN	14	95319908	94376738	943170	True	0.614304	37.94941532675129	0.0548508576960155
SERPINA1_COPD	DDX24	14	94081212	94376738	295526	True	0.897754	19.50614617551665	0.703853870003788
SERPINA1_COPD	DICER1	14	95158010	94376738	781272	True	1.072328	23.719952302851546	0.21708858349383608
SERPINA1_COPD	FAM181A	14	93918894	94376738	457844	True	0.143914	31.8964220340548	0.5411952628804717
SERPINA1_COPD	GSC	14	94770113	94376738	393375	True	0.473124	27.02639514653384	0.6057995442456504
SERPINA1_COPD	IFI27	14	94104836	94376738	271902	True	0.380385	5.873511429299626	0.7275274424645207
SERPINA1_COPD	IFI27L1	14	94081301	94376738	295437	True	0.897754	71.51219583967361	0.7039430567608572
SERPINA1_COPD	IFI27L2	14	94130253	94376738	246485	True	0.540927	114.9701375446319	0.752997777345762
SERPINA1_COPD	OTUB2	14	94026340	94376738	350398	True	0.48359	14.211970993257957	0.6488667269261834
SERPINA1_COPD	PPP4R4	14	94146128	94376738	230610	True	0.277265	20.70397795381453	0.7689060893511013
SERPINA1_COPD	PRIMA1	14	93788485	94376738	588253	True	0.364617	9.968026310908282	0.4105126134124858
SERPINA1_COPD	RP11-986E7.7	14	94592058	94376738	215320	True	0.0	0.0	0.7842281737959287
SERPINA1_COPD	SERPINA1	14	94390693	94376738	13955	True	1.168758	13.354202552272325	0.986015716911212
SERPINA1_COPD	SERPINA10	14	94293268	94376738	83470	True	0.678757	6.964050220463326	0.9163548470497221
SERPINA1_COPD	SERPINA11	14	94452800	94376738	76062	True	2.181396	27.518558804815186	0.923778391952749
SERPINA1_COPD	SERPINA12	14	94517844	94376738	141106	True	0.126532	38.58025897485935	0.858597904010999
SERPINA1_COPD	SERPINA3	14	94612384	94376738	235646	True	0.876651	26.37695446218337	0.7638595218387303
SERPINA1_COPD	SERPINA4	14	94561442	94376738	184704	True	0.353253	8.722539777695067	0.8149084182277689
SERPINA1_COPD	SERPINA5	14	94561442	94376738	184704	True	0.492	74.74526828681454	0.8149084182277689
SERPINA1_COPD	SERPINA6	14	94323389	94376738	53349	True	0.362437	7.523849754320732	0.9465390527765141
SERPINA1_COPD	SERPINA9	14	94479689	94376738	102951	True	0.696599	23.1256776654952	0.8968329682354851
HBA1_THALASSEMIA	ANTKMT	16	720581	176680	543901	True	0.0	10.982394937724395	0.45495768138481985
HBA1_THALASSEMIA	ARHGDIG	16	280450	176680	103770	True	1.071487	55.25979921407837	0.8960122496507688
HBA1_THALASSEMIA	AXIN1	16	352723	176680	176043	True	0.988285	42.107784034528585	0.8235875924185244
HBA1_THALASSEMIA	C1QTNF8	16	1096244	176680	919564	True	0.628901	56.18133211662705	0.0785063923856556
HBA1_THALASSEMIA	CACNA1H	16	1153106	176680	976426	True	0.526721	54.73919665551941	0.02152507350391719
HBA1_THALASSEMIA	CAPN15	16	527712	176680	351032	True	2.291837	58.38146346595222	0.6482313965443639
HBA1_THALASSEMIA	CCDC78	16	726954	176680	550274	True	2.380344	34.88645772004604	0.44857130831962133
HBA1_THALASSEMIA	CHTF18	16	788046	176680	611366	True	0.865282	22.565048063912247	0.38735111323110594
HBA1_THALASSEMIA	CIAO3	16	741329	176680	564649	True	0.0	99.46534196020514	0.4341661439053378
HBA1_THALASSEMIA	DECR2	16	401858	176680	225178	True	1.144286	72.06062853248493	0.7743494878275108
HBA1_THALASSEMIA	FAM234A	16	234521	176680	57841	True	1.101587	22.66793337449517	0.9420376267904993
HBA1_THALASSEMIA	FBXL16	16	705808	176680	529128	True	0.808581	36.09367950676491	0.4697616809599301
HBA1_THALASSEMIA	GNG13	16	800734	176680	624054	True	1.010666	6.774690718274137	0.37463648880756306
HBA1_THALASSEMIA	HAGHL	16	726936	176680	550256	True	2.381332	48.30672164337696	0.448589346090714
HBA1_THALASSEMIA	HBA1	16	176680	176680	0	True	1.085326	5.850777807252834	1.0
HBA1_THALASSEMIA	HBA2	16	172876	176680	3804	True	0.0	8.04324873788597	0.9961880177090828
HBA1_THALASSEMIA	HBM	16	153892	176680	22788	True	0.452084	5.514683251959518	0.9771641817966823
HBA1_THALASSEMIA	HBQ1	16	180459	176680	3779	True	1.085326	10.702677285794698	0.9962130701689338
HBA1_THALASSEMIA	HBZ	16	142728	176680	33952	True	0.516799	79.17525344506045	0.965976755325652
HBA1_THALASSEMIA	JMJD8	16	684528	176680	507848	True	0.827045	36.15660898559838	0.4910863347850398
HBA1_THALASSEMIA	LMF1	16	981318	176680	804638	True	1.886694	35.32012350362011	0.19367355241876494
HBA1_THALASSEMIA	LUC7L	16	229463	176680	52783	True	1.101805	6.185412162611852	0.947106240467539
HBA1_THALASSEMIA	MCRIP2	16	636817	176680	460137	True	1.619898	17.36426298859897	0.5388974512629445
HBA1_THALASSEMIA	METRN	16	715118	176680	538438	True	1.391246	15.4930838677659	0.4604321449114446
HBA1_THALASSEMIA	METTL26	16	636366	176680	459686	True	2.658219	129.13978001775843	0.5393493976386554
HBA1_THALASSEMIA	MPG	16	77007	176680	99673	True	3.793538	18.5892497527494	0.9001178467711388
HBA1_THALASSEMIA	MRPL28	16	371289	176680	194609	True	1.073091	46.93071309530226	0.8049826336348314
HBA1_THALASSEMIA	MSLN	16	760734	176680	584054	True	0.718373	54.16347081404052	0.41472042456904756
HBA1_THALASSEMIA	MSLNL	16	783370	176680	606690	True	0.0	37.2100429683704	0.3920369253216235
HBA1_THALASSEMIA	NHLRC4	16	567005	176680	390325	True	1.751305	7.1090148208549016	0.6088559443474636
HBA1_THALASSEMIA	NME4	16	396725	176680	220045	True	1.144286	84.93441281681501	0.7794932588841033
HBA1_THALASSEMIA	NPRL3	16	138677	176680	38003	True	0.992688	88.38619727695402	0.9619172547314075
HBA1_THALASSEMIA	PDIA2	16	283164	176680	106484	True	1.071487	52.165586290868646	0.893292554609352
HBA1_THALASSEMIA	PGAP6	16	387113	176680	210433	True	0.0	84.81341938726058	0.7891254286475881
HBA1_THALASSEMIA	PIGQ	16	566995	176680	390315	True	1.751305	24.70058641267728	0.6088659653314039
HBA1_THALASSEMIA	POLR3K	16	53608	176680	123072	True	1.069288	34.4671182805926	0.8766697464490644
HBA1_THALASSEMIA	PRR35	16	560394	176680	383714	True	1.755721	6.110151710737624	0.6154808168304429
HBA1_THALASSEMIA	RAB11FIP3	16	425649	176680	248969	True	2.073438	7.354797881381477	0.7505085649349739
HBA1_THALASSEMIA	RAB40C	16	589357	176680	412677	True	1.910795	53.48955821401992	0.586457041043946
HBA1_THALASSEMIA	RGS11	16	275980	176680	99300	True	0.589075	69.44026449437644	0.9004916294721146
HBA1_THALASSEMIA	RHBDF1	16	76355	176680	100325	True	1.989768	15.627738084831734	0.8994644786182265
HBA1_THALASSEMIA	RHBDL1	16	675671	176680	498991	True	0.925541	34.81969918013356	0.4999619202610266
HBA1_THALASSEMIA	RHOT2	16	668105	176680	491425	True	0.852735	23.94341146068581	0.5075437967103114
HBA1_THALASSEMIA	RPUSD1	16	788397	176680	611717	True	0.865282	11.176423404165748	0.3869993766947989
HBA1_THALASSEMIA	SNRNP25	16	53828	176680	122852	True	1.069288	60.148772236476326	0.8768902080957525
HBA1_THALASSEMIA	SOX8	16	981770	176680	805090	True	2.360054	16.837345995880423	0.19322060394466012
HBA1_THALASSEMIA	SSTR5	16	1078781	176680	902101	True	0.748433	22.809055118837456	0.09600603664072571
HBA1_THALASSEMIA	STUB1	16	680224	176680	503544	True	0.827045	12.303661962125432	0.49539936627297565
HBA1_THALASSEMIA	WDR24	16	690444	176680	513764	True	0.469559	29.703391842051428	0.48515792068591634
HBA1_THALASSEMIA	WDR90	16	649311	176680	472631	True	1.617406	55.028601675217935	0.526377233927845
HBA1_THALASSEMIA	WFIKKN1	16	629239	176680	452559	True	2.655777	124.7759255582549	0.5464913528929578
UMOD_CKD	ACSM1	16	20698890	20344176	354714	True	0.418362	40.004000852472544	0.6445416702575193
UMOD_CKD	ACSM2A	16	20451461	20344176	107285	True	0.202869	5.338747811796473	0.8924898737957283
UMOD_CKD	ACSM2B	16	20576427	20344176	232251	True	0.350212	4.180514632359979	0.7672616458864863
UMOD_CKD	ACSM3	16	20610243	20344176	266067	True	0.808102	35.56443910047098	0.7333746865937273
UMOD_CKD	ACSM5	16	20409534	20344176	65358	True	0.610206	55.35286946354175	0.9345048531625223
UMOD_CKD	ANKS4B	16	21233699	20344176	889523	True	0.583866	7.62601462972784	0.10861043024092454
UMOD_CKD	CCP110	16	19523811	20344176	820365	True	0.743588	31.757346782590982	0.17791355097574324
UMOD_CKD	CRYM	16	21303083	20344176	958907	True	1.731488	101.07516734117392	0.03908083526905337
UMOD_CKD	DCUN1D3	16	20900358	20344176	556182	True	2.155691	14.237810761924235	0.44265091100764997
UMOD_CKD	DNAH3	16	21159441	20344176	815265	True	0.625501	15.4047584772758	0.18302425278533252
UMOD_CKD	ERI2	16	20900349	20344176	556173	True	1.542868	25.829116632235227	0.44265992989319636
UMOD_CKD	GDE1	16	19522123	20344176	822053	True	0.76	29.56886470265211	0.17622200888660855
UMOD_CKD	GP2	16	20327808	20344176	16368	True	0.760642	4.491603619801785	0.9835976534864005
UMOD_CKD	GPR139	16	20073890	20344176	270286	True	0.145149	5.233799146276056	0.7291468334692847
UMOD_CKD	GPRC5B	16	19886167	20344176	458009	True	0.785864	22.35299671440905	0.5410299166454555
UMOD_CKD	IQCK	16	19716456	20344176	627720	True	0.582901	11.950007143079857	0.37096279609502303
UMOD_CKD	KNOP1	16	19718235	20344176	625941	True	0.582901	122.2102522293988	0.37274552913801495
UMOD_CKD	LYRM1	16	20899868	20344176	555692	True	2.155691	9.523263990538274	0.4431419392207282
UMOD_CKD	PDILT	16	20404737	20344176	60561	True	0.105461	10.725110473010748	0.9393119191587184
UMOD_CKD	REXO5	16	20806429	20344176	462253	True	0.0	20.596934412825696	0.536777011061162
UMOD_CKD	THUMPD1	16	20742084	20344176	397908	True	0.937258	57.680350631468606	0.6012570322254802
UMOD_CKD	TMC5	16	19410496	20344176	933680	True	0.445567	80.63427247043568	0.06436077145542762
UMOD_CKD	TMEM159	16	21158377	20344176	814201	True	0.489187	33.0980134358164	0.18409048547658802
UMOD_CKD	UMOD	16	20356301	20344176	12125	True	0.40434	7.953177189869364	0.9878495569723
UMOD_CKD	VPS35L	16	19555240	20344176	788936	True	0.0	22.0114018067887	0.20940850140193568
UMOD_CKD	ZP2	16	21214510	20344176	870334	True	0.0	16.59379034974245	0.12783969632410264
FTO_OBESITY	AKTIP	16	53504411	53800954	296543	True	1.719203	16.26757567978875	0.7028347359370521
FTO_OBESITY	CHD9	16	53054991	53800954	745963	True	0.848066	10.77419466512837	0.2524716756888925
FTO_OBESITY	FTO	16	53701692	53800954	99262	True	0.745999	26.6292223803676	0.900529709211088
FTO_OBESITY	IRX3	16	54286787	53800954	485833	True	1.536732	16.46858623201633	0.513147530929767
FTO_OBESITY	RBL2	16	53433977	53800954	366977	True	1.266759	173.9718152298583	0.6322529376514421
FTO_OBESITY	RP11-467J12.4	16	53052873	53800954	748081	True	0.0	33.305443058689896	0.25034923129032194
FTO_OBESITY	RPGRIP1L	16	53703938	53800954	97016	True	0.745999	14.71885750439541	0.9027804222040954
TP53_LFS	ACADVL	17	7217125	7676154	459029	True	2.530824	32.205219269190536	0.5400077762835378
TP53_LFS	ACAP1	17	7336529	7676154	339625	True	1.445421	45.76472664975707	0.6596623329251452
TP53_LFS	ALOX12	17	6996049	7676154	680105	True	0.263422	20.5803399366018	0.31846787172338875
TP53_LFS	ALOX12B	17	8087716	7676154	411562	True	0.712956	50.682306390271	0.5875743807532974
TP53_LFS	ALOX15B	17	8039034	7676154	362880	True	0.57897	9.18384954667575	0.6363585347718121
TP53_LFS	ALOXE3	17	8119047	7676154	442893	True	2.179397	77.92625233118483	0.5561776359697206
TP53_LFS	ARHGEF15	17	8310241	7676154	634087	True	0.472469	7.394477322329372	0.36458243562018866
TP53_LFS	ASGR1	17	7179564	7676154	496590	True	0.644153	20.39290221024212	0.5023679585051097
TP53_LFS	ASGR2	17	7115700	7676154	560454	True	0.813026	26.798466326556618	0.4383699466683235
TP53_LFS	ATP1B2	17	7646627	7676154	29527	True	0.690456	13.38658951670362	0.9704110407192661
TP53_LFS	AURKB	17	8210600	7676154	534446	True	1.506462	5.0732599751824194	0.4644325217004407
TP53_LFS	BCL6B	17	7023050	7676154	653104	True	2.548127	6.171287269664422	0.34552553046078494
TP53_LFS	BORCS6	17	8190180	7676154	514026	True	2.823238	4.976360758326086	0.48489537090667856
TP53_LFS	C17orf49	17	7014495	7676154	661659	True	1.459625	6.963966272173799	0.33695257869979733
TP53_LFS	CD68	17	7579491	7676154	96663	True	4.725516	31.87223130360102	0.9031341629371905
TP53_LFS	CHD3	17	7884796	7676154	208642	True	2.338142	12.985756758994546	0.7909201868713085
TP53_LFS	CHRNB1	17	7445061	7676154	231093	True	1.248082	90.82469697648791	0.7684220758267812
TP53_LFS	CLDN7	17	7263983	7676154	412171	True	1.533782	65.44366130953377	0.5869641028313288
TP53_LFS	CLEC10A	17	7080307	7676154	595847	True	0.264823	8.783232574406732	0.40290267820816794
TP53_LFS	CNTROB	17	7932101	7676154	255947	True	1.406994	24.926043494362872	0.7435159223413829
TP53_LFS	CTC1	17	8248056	7676154	571902	True	2.817713	47.54713454095536	0.4268979242533866
TP53_LFS	CTD-2545G14.7	17	7244635	7676154	431519	True	0.0	0.0	0.5675755031034988
TP53_LFS	CTDNEP1	17	7252491	7676154	423663	True	2.983592	33.34952636913853	0.5754479880870542
TP53_LFS	CYB5D1	17	7857746	7676154	181592	True	2.493839	7.2244667344007985	0.8180269484300124
TP53_LFS	DLG4	17	7219841	7676154	456313	True	2.530824	16.185115417924944	0.5427294755217426
TP53_LFS	DNAH2	17	7717354	7676154	41200	True	1.053383	9.34020830919246	0.958713546165671
TP53_LFS	DVL2	17	7234517	7676154	441637	True	1.193607	11.082617916936629	0.5574362715526312
TP53_LFS	EFNB3	17	7705202	7676154	29048	True	1.336184	41.88001869269585	0.97089104585001
TP53_LFS	EIF4A1	17	7572824	7676154	103330	True	4.720092	7.9894541258893215	0.8964531729441451
TP53_LFS	EIF5A	17	7306999	7676154	369155	True	3.732736	61.65219593536804	0.6300703673492293
TP53_LFS	ELP5	17	7251416	7676154	424738	True	2.983592	100.2551220915449	0.5743707323134644
TP53_LFS	FBXO39	17	6776215	7676154	899939	True	0.257972	56.38976795565456	0.09817257336863394
TP53_LFS	FGF11	17	7438273	7676154	237881	True	1.978376	39.40113292413388	0.7616198319280574
TP53_LFS	FXR2	17	7614897	7676154	61257	True	1.70092	13.16100679776057	0.9386144586764685
TP53_LFS	GABARAP	17	7242449	7676154	433705	True	2.60755	7.743003394732409	0.5653849160141335
TP53_LFS	GPS2	17	7315564	7676154	360590	True	3.739724	10.57236622991894	0.6386533400941572
TP53_LFS	GUCY2D	17	8002615	7676154	326461	True	0.407345	9.3725194392591	0.6728539561842498
TP53_LFS	HES7	17	8124106	7676154	447952	True	1.752627	26.28048475699088	0.5511080201942868
TP53_LFS	KCNAB3	17	7929856	7676154	253702	True	0.793063	42.0531514501789	0.7457656332359961
TP53_LFS	KCTD11	17	7351889	7676154	324265	True	1.763492	11.27670116203778	0.6750545642575554
TP53_LFS	KDM6B	17	7834217	7676154	158063	True	4.986438	14.030571972303711	0.8416053215433117
TP53_LFS	KRBA2	17	8376704	7676154	700550	True	1.314195	47.19987635884471	0.29797997005730004
TP53_LFS	MPDU1	17	7583529	7676154	92625	True	2.358438	7.673711258481469	0.9071806362523124
TP53_LFS	MYH10	17	8630761	7676154	954607	True	1.139848	9.677561545263323	0.043389858363413025
TP53_LFS	NAA38	17	7885238	7676154	209084	True	2.493839	34.532245427963126	0.7904772593811441
TP53_LFS	NDEL1	17	8413131	7676154	736977	True	1.358644	12.409460204047544	0.26147653185771
TP53_LFS	NEURL4	17	7329393	7676154	346761	True	1.890481	10.664786897744332	0.6525113587852964
TP53_LFS	NLGN2	17	7404874	7676154	271280	True	1.461629	10.70478707688156	0.7281507476656117
TP53_LFS	ODF4	17	8339840	7676154	663686	True	0.167747	30.188361329080383	0.3349213252550841
TP53_LFS	PER1	17	8156506	7676154	480352	True	3.173798	5.11999632164508	0.5186400322274843
TP53_LFS	PFAS	17	8247618	7676154	571464	True	2.817713	20.574836000498152	0.4273368433499748
TP53_LFS	PHF23	17	7239722	7676154	436432	True	1.966955	7.384267675933048	0.5626521936935944
TP53_LFS	PLSCR3	17	7394842	7676154	281312	True	1.012128	10.999422772110584	0.7180976965766315
TP53_LFS	POLR2A	17	7484366	7676154	191788	True	3.685252	5.869164669839089	0.8078095532044101
TP53_LFS	RANGRF	17	8288654	7676154	612500	True	0.99657	6.0483395522668335	0.3862147336522679
TP53_LFS	RNASEK	17	7012417	7676154	663737	True	1.459625	27.230693584934208	0.33487021823698826
TP53_LFS	RNASEK-C17orf49	17	7012635	7676154	663519	True	1.459625	0.0	0.3350886756868884
TP53_LFS	RNF222	17	8397826	7676154	721672	True	0.701888	19.0951708931799	0.2768136477784481
TP53_LFS	RNF227	17	7916289	7676154	240135	True	0.0	13.453672069258058	0.7593611021478976
TP53_LFS	RP1-4G17.5	17	7262089	7676154	414065	True	0.0	0.0	0.5850661284730225
TP53_LFS	RP11-104H15.13	17	7428861	7676154	247293	True	0.0	0.0	0.75218808184338
TP53_LFS	RP11-1099M24.7	17	7930622	7676154	254468	True	0.0	0.0	0.7449980258661637
TP53_LFS	RP11-542C16.2	17	7319174	7676154	356980	True	0.0	0.0	0.6422709152966312
TP53_LFS	RP11-599B13.6	17	8162975	7676154	486821	True	0.0	0.0	0.5121574577164583
TP53_LFS	RP11-849F2.7	17	8383187	7676154	707033	True	0.0	0.0	0.29148336616875736
TP53_LFS	RPL26	17	8383213	7676154	707059	True	2.132085	5.346020909583455	0.29145731161051236
TP53_LFS	SAT2	17	7627876	7676154	48278	True	1.109755	54.05376591959213	0.9516206937326762
TP53_LFS	SENP3	17	7561919	7676154	114235	True	1.685731	11.723823223283851	0.8855252899571703
TP53_LFS	SENP3-EIF4A1	17	7563287	7676154	112867	True	1.685731	0.0	0.886896160560213
TP53_LFS	SHBG	17	7613946	7676154	62208	True	1.109755	8.261015814658254	0.9376614631037392
TP53_LFS	SLC13A5	17	6713377	7676154	962777	True	0.376535	26.206042074196617	0.035202714484129816
TP53_LFS	SLC16A11	17	7044092	7676154	632062	True	0.855188	15.02942348270169	0.3666116848681138
TP53_LFS	SLC16A13	17	7036015	7676154	640139	True	1.134799	12.207367413934978	0.358517736139476
TP53_LFS	SLC25A35	17	8295400	7676154	619246	True	0.95123	16.656626860254033	0.3794545778860935
TP53_LFS	SLC2A4	17	7281718	7676154	394436	True	2.714096	13.60786077860343	0.604736317849577
TP53_LFS	SLC35G6	17	7481332	7676154	194822	True	2.580953	11.064844040092346	0.8047691866769014
TP53_LFS	SOX15	17	7590094	7676154	86060	True	2.361621	8.248103774088998	0.913759412209166
TP53_LFS	SPEM1	17	7420324	7676154	255830	True	0.633496	5.676690135282909	0.7436331678534852
TP53_LFS	SPEM2	17	7425616	7676154	250538	True	0.0	11.403852824544831	0.7489362725547296
TP53_LFS	SPEM3	17	7428857	7676154	247297	True	0.0	8.048460440395086	0.7521840734498039
TP53_LFS	TEKT1	17	6831761	7676154	844393	True	0.204049	32.70427680197643	0.15383513076381938
TP53_LFS	TMEM102	17	7435435	7676154	240719	True	1.978376	18.79886243735369	0.7587758766857801
TP53_LFS	TMEM107	17	8176399	7676154	500245	True	1.95349	13.389775414198215	0.49870528887490406
TP53_LFS	TMEM256	17	7404097	7676154	272057	True	1.859716	13.388457243116942	0.727372117213445
TP53_LFS	TMEM256-PLSCR3	17	7404097	7676154	272057	True	1.859716	0.0	0.727372117213445
TP53_LFS	TMEM88	17	7855066	7676154	178912	True	2.437374	5.764971784719514	0.8207125721260319
TP53_LFS	TMEM95	17	7355123	7676154	321031	True	1.763492	5.788996995907621	0.6782953504638713
TP53_LFS	TNFSF12	17	7549058	7676154	127096	True	0.644583	61.21722433543725	0.872637302511459
TP53_LFS	TNFSF12-TNFSF13	17	7549099	7676154	127055	True	0.644583	0.0	0.8726783885456145
TP53_LFS	TNFSF13	17	7558292	7676154	117862	True	1.38182	23.455145973876988	0.8818906790819977
TP53_LFS	TNK1	17	7380534	7676154	295620	True	0.550867	12.771063521121546	0.7037596727547484
TP53_LFS	TP53	17	7687538	7676154	11384	True	3.517219	10.52226248455767	0.9885921118822815
TP53_LFS	TRAPPC1	17	7932123	7676154	255969	True	1.406994	5.857516676340496	0.743493876176714
TP53_LFS	VAMP2	17	8163546	7676154	487392	True	3.281604	16.188428345180004	0.5115852595334631
TP53_LFS	WRAP53	17	7686071	7676154	9917	True	3.517219	5.0249065674454485	0.9900621902263339
TP53_LFS	XAF1	17	6755447	7676154	920707	True	1.352798	9.19579239491796	0.07736099392127116
TP53_LFS	YBX2	17	7294639	7676154	381515	True	1.420354	80.40410714205805	0.6176844311989306
TP53_LFS	ZBTB4	17	7484263	7676154	191891	True	3.685252	16.75652291545559	0.8077063370698242
BRCA1_BC_OC	AARSD1	17	42964498	43044295	79797	True	0.982206	15.236397574895047	0.9200355544510205
BRCA1_BC_OC	AOC2	17	42844580	43044295	199715	True	2.469196	5.956182050163874	0.7998659192348778
BRCA1_BC_OC	AOC3	17	42851184	43044295	193111	True	1.969077	7.996177706535212	0.8064837770290989
BRCA1_BC_OC	ARL4D	17	43398993	43044295	354698	True	1.875269	92.69340772085825	0.6445577038318238
BRCA1_BC_OC	ATP6V0A1	17	42458844	43044295	585451	True	0.803612	9.623041834051822	0.4133204931125778
BRCA1_BC_OC	BECN1	17	42833350	43044295	210945	True	0.579989	41.259164581709264	0.7886123542698411
BRCA1_BC_OC	BRCA1	17	43170245	43044295	125950	True	1.255797	15.881698891281433	0.8737857072710256
BRCA1_BC_OC	C17orf113	17	42050601	43044295	993694	True	0.0	9.608211266801504	0.0042208384356843265
BRCA1_BC_OC	CAVIN1	17	42423256	43044295	621039	True	0.0	9.026973801685978	0.37765781546558497
BRCA1_BC_OC	CCDC200	17	43305397	43044295	261102	True	0.0	51.51239645716719	0.7383501051201216
BRCA1_BC_OC	CCR10	17	42683917	43044295	360378	True	1.659922	5.366163055475827	0.638865784953693
BRCA1_BC_OC	CD300LG	17	43847148	43044295	802853	True	0.470179	7.526254719800588	0.19546229805212112
BRCA1_BC_OC	CFAP97D1	17	43780435	43044295	736140	True	0.0	12.124474000727243	0.2623152882135191
BRCA1_BC_OC	CNTD1	17	42798800	43044295	245495	True	0.973877	7.0702741110480165	0.7539898547558588
BRCA1_BC_OC	CNTNAP1	17	42682531	43044295	361764	True	1.660317	64.80275528988251	0.6374768765795575
BRCA1_BC_OC	COA3	17	42798704	43044295	245591	True	0.973959	5.619269724747441	0.7538936533100312
BRCA1_BC_OC	COASY	17	42561467	43044295	482828	True	1.290701	24.48572459684287	0.5161588366038485
BRCA1_BC_OC	CTD-2132N18.3	17	42154916	43044295	889379	True	0.0	0.0	0.10875473240966582
BRCA1_BC_OC	DHX58	17	42112714	43044295	931581	True	0.906823	53.62327526198448	0.0664641759845116
BRCA1_BC_OC	DHX8	17	43483865	43044295	439570	True	1.654139	51.06257088163165	0.5595076089331059
BRCA1_BC_OC	DUSP3	17	43778977	43044295	734682	True	1.218153	22.94094045899835	0.2637763476720252
BRCA1_BC_OC	ETV4	17	43579620	43044295	535325	True	2.592095	66.42699023517089	0.4635516772120821
BRCA1_BC_OC	EZH1	17	42745049	43044295	299246	True	2.114493	15.25173520271935	0.7001260639779698
BRCA1_BC_OC	G6PC1	17	42900797	43044295	143498	True	0.0	12.402918304292342	0.8562008846524622
BRCA1_BC_OC	GHDC	17	42194532	43044295	849763	True	0.684984	5.4999955586004425	0.14845386238784009
BRCA1_BC_OC	HCRT	17	42185452	43044295	858843	True	0.808493	0.0	0.1393548089699831
BRCA1_BC_OC	HSD17B1	17	42552922	43044295	491373	True	0.386163	28.96483051619735	0.5075959058268014
BRCA1_BC_OC	HSPB9	17	42122804	43044295	921491	True	0.524427	56.3847803451697	0.076575348780346
BRCA1_BC_OC	IFI35	17	43006740	43044295	37555	True	1.6929	12.344563810448175	0.9623661948119362
BRCA1_BC_OC	KAT2A	17	42121367	43044295	922928	True	0.524427	4.969752551527937	0.07513533338811473
BRCA1_BC_OC	KCNH4	17	42181142	43044295	863153	True	0.338788	16.707416115744447	0.13503576489168323
BRCA1_BC_OC	MEOX1	17	43661922	43044295	617627	True	0.4472	16.806160518026907	0.38107697518603956
BRCA1_BC_OC	MLX	17	42567072	43044295	477223	True	1.290265	32.86155203488671	0.5217755981024265
BRCA1_BC_OC	MPP2	17	43909711	43044295	865416	True	1.082255	91.26562027151118	0.13276801622597723
BRCA1_BC_OC	MPP3	17	43833170	43044295	788875	True	0.660684	22.27736360989092	0.20946962940397196
BRCA1_BC_OC	NAGLU	17	42536241	43044295	508054	True	1.381094	28.926758352388003	0.4908799025158682
BRCA1_BC_OC	NAGS	17	44004622	43044295	960327	True	0.994353	21.33466295775441	0.037657855549520725
BRCA1_BC_OC	NBR1	17	43170481	43044295	126186	True	2.810225	27.42971164062628	0.8735492120500328
BRCA1_BC_OC	PLEKHH3	17	42676994	43044295	367301	True	2.263262	6.479571494480433	0.6319282577717741
BRCA1_BC_OC	PPY	17	43942476	43044295	898181	True	0.090826	4.976644639173554	0.09993426234535119
BRCA1_BC_OC	PSMC3IP	17	42577831	43044295	466464	True	1.129304	11.276319439720936	0.5325571747238718
BRCA1_BC_OC	PSME3	17	42824385	43044295	219910	True	1.124058	6.069988283865785	0.7796285421672984
BRCA1_BC_OC	PTGES3L	17	42980433	43044295	63862	True	0.90138	15.906592324563146	0.9360039923600019
BRCA1_BC_OC	PTGES3L-AARSD1	17	42980528	43044295	63767	True	0.90138	0.0	0.9360991917074354
BRCA1_BC_OC	PYY	17	44004469	43044295	960174	True	1.042698	6.4046757663854486	0.037811176603808394
BRCA1_BC_OC	RAB5C	17	42155044	43044295	889251	True	0.894356	24.85649806341751	0.10888300100410264
BRCA1_BC_OC	RAMP2	17	42758447	43044295	285848	True	0.88715	5.85095957005458	0.713552178261279
BRCA1_BC_OC	RETREG3	17	42610623	43044295	433672	True	0.0	10.33060500924984	0.5654179852611368
BRCA1_BC_OC	RND2	17	43025231	43044295	19064	True	0.958561	51.50505965446103	0.9808959962160765
BRCA1_BC_OC	RPL27	17	42998273	43044295	46022	True	1.688625	30.52301918986925	0.9538814277096239
BRCA1_BC_OC	RUNDC1	17	42980565	43044295	63730	True	0.90138	6.593437679627392	0.9361362693480147
BRCA1_BC_OC	SOST	17	43758791	43044295	714496	True	0.335129	39.551773059478776	0.28400470585405835
BRCA1_BC_OC	STAT3	17	42388540	43044295	655755	True	2.271127	26.345205678084334	0.3428689676181925
BRCA1_BC_OC	STAT5A	17	42287547	43044295	756748	True	1.160431	7.616048265429117	0.2416640445092023
BRCA1_BC_OC	STAT5B	17	42276707	43044295	767588	True	1.057938	5.791284608519126	0.23080129791784
BRCA1_BC_OC	TMEM101	17	44023946	43044295	979651	True	0.817957	29.91385024778629	0.018293306183147506
BRCA1_BC_OC	TMEM106A	17	43211835	43044295	167540	True	1.450871	20.716007165443056	0.8321084350630219
BRCA1_BC_OC	TUBG1	17	42609641	43044295	434654	True	1.624474	7.637419518456386	0.5644339246381924
BRCA1_BC_OC	TUBG2	17	42659284	43044295	385011	True	0.728125	39.116020766235785	0.6141810952133768
BRCA1_BC_OC	VAT1	17	43025123	43044295	19172	True	0.903702	32.58917385854193	0.9807877695895204
BRCA1_BC_OC	VPS25	17	42773449	43044295	270846	True	0.98949	5.347287695381694	0.7285856583686239
BRCA1_BC_OC	WNK4	17	42780610	43044295	263685	True	0.987902	24.721527638622828	0.7357616849683237
BRCA1_BC_OC	ZNF385C	17	42098479	43044295	945816	True	0.1428	34.60390357021596	0.0521993053453933
MC4R_OBESITY	CCBE1	18	59697662	60372088	674426	True	0.282965	18.15052960412915	0.3241587885031255
MC4R_OBESITY	CDH20	18	61333430	60372088	961342	True	0.560898	24.42215447467575	0.036640725679572994
MC4R_OBESITY	MC4R	18	60372775	60372088	687	True	0.130748	27.96135997141953	0.9993115584032966
MC4R_OBESITY	PMAIP1	18	59899996	60372088	472092	True	1.894628	29.877820177860094	0.526917364962231
TYK2_SLE_MS	ANGPTL6	19	10102678	10352442	249764	True	3.083738	13.613954292651432	0.7497118967117143
TYK2_SLE_MS	ANGPTL8	19	11237450	10352442	885008	True	0.683002	6.0341696623759065	0.11313490449000208
TYK2_SLE_MS	AP1M2	19	10587315	10352442	234873	True	0.843636	29.55986736224685	0.764634143897321
TYK2_SLE_MS	ATG4D	19	10543895	10352442	191453	True	0.823144	16.35979393537417	0.8081452561664124
TYK2_SLE_MS	C19orf38	19	10836575	10352442	484133	True	0.784532	7.152460654496386	0.51485109819963
TYK2_SLE_MS	CARM1	19	10871553	10352442	519111	True	1.446238	20.072248384968468	0.4797997005729998
TYK2_SLE_MS	CCDC159	19	11344684	10352442	992242	True	1.214214	9.919301377128871	0.005675885303826234
TYK2_SLE_MS	CDC37	19	10420121	10352442	67679	True	1.063871	9.13069903342658	0.9321789827899621
TYK2_SLE_MS	CDKN2D	19	10569059	10352442	216617	True	1.028882	46.49587861667912	0.7829284521788625
TYK2_SLE_MS	COL5A3	19	10010504	10352442	341938	True	0.434737	72.5006483882243	0.6573444793397374
TYK2_SLE_MS	CTD-2369P2.10	19	10316009	10352442	36433	True	0.0	0.0	0.9634905492100458
TYK2_SLE_MS	CTD-2369P2.12	19	10320678	10352442	31764	True	0.0	0.0	0.9681693466118051
TYK2_SLE_MS	DNM2	19	10718055	10352442	365613	True	2.24725	12.237926419376551	0.6336197998609088
TYK2_SLE_MS	DNMT1	19	10231286	10352442	121156	True	1.555695	7.554690095907382	0.8785897669720395
TYK2_SLE_MS	DOCK6	19	11262524	10352442	910082	True	0.59591	23.770848233296583	0.08800828935791549
TYK2_SLE_MS	EIF3G	19	10119918	10352442	232524	True	1.100692	35.99591948993809	0.7669880730249141
TYK2_SLE_MS	FBXL12	19	9827816	10352442	524626	True	1.380521	8.028945995051991	0.4742731279298852
TYK2_SLE_MS	FDX2	19	10316015	10352442	36427	True	0.0	18.998261961570293	0.9634965618004101
TYK2_SLE_MS	ICAM1	19	10271093	10352442	81349	True	2.331152	9.55549927805616	0.9184802977434748
TYK2_SLE_MS	ICAM3	19	10339661	10352442	12781	True	0.963599	16.808155113217556	0.9871921804258117
TYK2_SLE_MS	ICAM4	19	10286955	10352442	65487	True	1.016724	0.0	0.9343755824696915
TYK2_SLE_MS	ICAM5	19	10289952	10352442	62490	True	1.242515	24.250982952082094	0.9373788713566208
TYK2_SLE_MS	ILF3	19	10654261	10352442	301819	True	2.547314	6.413509466019276	0.6975476648101124
TYK2_SLE_MS	KANK2	19	11197791	10352442	845349	True	1.664041	28.78078758621147	0.15287712469911996
TYK2_SLE_MS	KEAP1	19	10503558	10352442	151116	True	1.647329	10.760277696408716	0.8485668990866875
TYK2_SLE_MS	KRI1	19	10566031	10352442	213589	True	1.028882	88.02602609679113	0.7859628061160069
TYK2_SLE_MS	LDLR	19	11089462	10352442	737020	True	2.259802	7.760853239153088	0.2614334416267664
TYK2_SLE_MS	MRPL4	19	10251901	10352442	100541	True	0.881897	29.53178415958951	0.8992480253651145
TYK2_SLE_MS	OLFM2	19	9936515	10352442	415927	True	0.560157	38.81366533674705	0.5832002212633254
TYK2_SLE_MS	P2RY11	19	10111693	10352442	240749	True	3.552373	32.180914289381946	0.7587458137339589
TYK2_SLE_MS	PDE4A	19	10416773	10352442	64331	True	0.259992	25.151817659287424	0.9355340082131984
TYK2_SLE_MS	PIN1	19	9835257	10352442	517185	True	0.59182	12.95228521848575	0.48172974207991537
TYK2_SLE_MS	PPAN	19	10106362	10352442	246080	True	3.549854	7.584477449875977	0.753403627195347
TYK2_SLE_MS	PPAN-P2RY11	19	10106223	10352442	246219	True	3.549854	0.0	0.753264335518576
TYK2_SLE_MS	QTRT1	19	10701430	10352442	348988	True	0.856668	6.897593738754952	0.6502796856617757
TYK2_SLE_MS	RAB3D	19	11346270	10352442	993828	True	0.741542	15.624729714893192	0.00408655725088336
TYK2_SLE_MS	RAVER1	19	10333638	10352442	18804	True	1.205462	31.25583301967967	0.9811565417985261
TYK2_SLE_MS	RDH8	19	10013249	10352442	339193	True	0.36144	23.765310652530548	0.6600952394313693
TYK2_SLE_MS	S1PR2	19	10231331	10352442	121111	True	1.055017	13.701771534457572	0.8786348613997711
TYK2_SLE_MS	S1PR5	19	10517931	10352442	165489	True	0.906402	29.818616665137487	0.834163738869192
TYK2_SLE_MS	SHFL	19	10086122	10352442	266320	True	0.0	37.272575058379374	0.7331211557000359
TYK2_SLE_MS	SLC44A2	19	10602457	10352442	250015	True	0.751486	47.64942057084269	0.749460370014811
TYK2_SLE_MS	SMARCA4	19	10960932	10352442	608490	True	0.575755	31.111336478570298	0.39023314821235666
TYK2_SLE_MS	SPC24	19	11155808	10352442	803366	True	1.031681	19.81317357698129	0.19494822157598013
TYK2_SLE_MS	TIMM29	19	10928811	10352442	576369	True	0.800698	7.757004141969813	0.42242155072722276
TYK2_SLE_MS	TMED1	19	10836318	10352442	483876	True	1.962299	17.392592161958902	0.5151086374868976
TYK2_SLE_MS	TMEM205	19	11346518	10352442	994076	True	1.214214	14.225799198924587	0.003838036849162174
TYK2_SLE_MS	TSPAN16	19	11296139	10352442	943697	True	0.282367	28.66694790161269	0.05432275184235791
TYK2_SLE_MS	TYK2	19	10380572	10352442	28130	True	0.95857	15.548657293221266	0.971810972175736
TYK2_SLE_MS	UBL5	19	9827892	10352442	524550	True	1.355654	0.0	0.474349287407832
TYK2_SLE_MS	YIPF2	19	10928681	10352442	576239	True	0.800698	12.74668865419359	0.42255182351844767
TYK2_SLE_MS	ZGLP1	19	10309880	10352442	42562	True	0.348107	20.78194263937143	0.9573486881529923
TYK2_SLE_MS	ZNF121	19	9584504	10352442	767938	True	0.527541	14.90869891814786	0.23045056347992698
TYK2_SLE_MS	ZNF177	19	9363020	10352442	989422	True	0.078635	39.778695327738525	0.008501802775010892
TYK2_SLE_MS	ZNF266	19	9435573	10352442	916869	True	0.575425	259.2580703635578	0.08120704755758557
TYK2_SLE_MS	ZNF426	19	9538645	10352442	813797	True	0.618054	26.39608735698936	0.184495333227779
TYK2_SLE_MS	ZNF560	19	9498616	10352442	853826	True	0.077921	11.540788505984544	0.14438233661286737
TYK2_SLE_MS	ZNF561	19	9621236	10352442	731206	True	1.393979	66.06564195966823	0.2672596416896982
TYK2_SLE_MS	ZNF562	19	9675100	10352442	677342	True	0.845727	8.582358940066259	0.3212366695861133
TYK2_SLE_MS	ZNF846	19	9793180	10352442	559262	True	0.879523	35.60565340313169	0.4395644479540157
APOL1_CKD	APOL1	22	36253071	36253960	889	True	1.178756	7.902229200358112	0.999109134527701
APOL1_CKD	APOL2	22	36239954	36253960	14006	True	0.758245	33.59431562626387	0.9859646098931162
APOL1_CKD	APOL3	22	36166177	36253960	87783	True	0.877867	10.546739773665982	0.91203279667624
APOL1_CKD	APOL4	22	36204840	36253960	49120	True	0.37182	75.92659694826084	0.950776926884897
APOL1_CKD	APOL5	22	35717872	36253960	536088	True	0.210344	56.053654356561005	0.46278707613743175
APOL1_CKD	APOL6	22	35648446	36253960	605514	True	1.567936	48.99086793045953	0.3932153930330111
APOL1_CKD	C1QTNF6	22	37199385	36253960	945425	True	3.184045	45.4929500738161	0.052591125817461726
APOL1_CKD	CACNG2	22	36703752	36253960	449792	True	0.246588	7.338952497831444	0.5492641591492585
APOL1_CKD	CSF2RB	22	36913628	36253960	659668	True	0.843725	9.425754533159314	0.33894775660232523
APOL1_CKD	EIF3D	22	36529184	36253960	275224	True	1.593746	17.067709428519883	0.7241984715995294
APOL1_CKD	FOXRED2	22	36507043	36253960	253083	True	0.7018	41.53056681478978	0.7463859321419051
APOL1_CKD	HMGXB4	22	35257452	36253960	996508	True	0.701666	13.44793315656958	0.0014009335548639257
APOL1_CKD	HMOX1	22	35380361	36253960	873599	True	1.20523	8.344274895407255	0.12456784506757146
APOL1_CKD	IFT27	22	36776256	36253960	522296	True	1.22212	36.04727825055137	0.4766080171879916
APOL1_CKD	IL2RB	22	37175054	36253960	921094	True	1.800378	85.37298356322424	0.07697318184277879
APOL1_CKD	KCTD17	22	37051736	36253960	797776	True	0.553855	14.674537703131692	0.20054995159864752
APOL1_CKD	MB	22	35637951	36253960	616009	True	1.206757	5.438408522019572	0.3826983703875916
APOL1_CKD	MCM5	22	35400134	36253960	853826	True	1.002615	24.56367989010295	0.14438233661286737
APOL1_CKD	MPST	22	37019635	36253960	765675	True	0.862592	23.28013528950647	0.232718312145633
APOL1_CKD	MYH9	22	36387967	36253960	134007	True	3.368949	12.252578869255176	0.8657118005102685
APOL1_CKD	NCF4	22	36860988	36253960	607028	True	1.422402	11.036193762735094	0.3916982160644389
APOL1_CKD	PVALB	22	36819479	36253960	565519	True	0.465023	53.07187156699227	0.4332943183025255
APOL1_CKD	RAC2	22	37244448	36253960	990488	True	1.565207	34.395970612322515	0.007433565886967308
APOL1_CKD	RASD2	22	35540831	36253960	713129	True	0.324954	97.78871656209152	0.28537457435870717
APOL1_CKD	RBFOX2	22	36028824	36253960	225136	True	0.914603	12.129507137846636	0.7743915759600604
APOL1_CKD	SSTR3	22	37212477	36253960	958517	True	0.673586	41.34593035972021	0.039471653642727866
APOL1_CKD	TEX33	22	37007851	36253960	753891	True	0.458761	22.42896117356173	0.24452703962096634
APOL1_CKD	TMPRSS6	22	37109713	36253960	855753	True	0.694244	18.057583158110837	0.14245129300755788
APOL1_CKD	TOM1	22	35299275	36253960	954685	True	3.357866	63.96516707610717	0.043311694688678126
APOL1_CKD	TST	22	37020183	36253960	766223	True	0.862592	15.803646926438107	0.2321691622257006
APOL1_CKD	TXN2	22	36481640	36253960	227680	True	1.415999	15.772303501479817	0.77184223764563
SLC2A9_URIC_ACID	CLNK	4	10684768	9920000	764768	True	0.280721	13.25184532188618	0.23362721538902465
SLC2A9_URIC_ACID	DEFB131A	4	9444534	9920000	475466	True	0.0	5.303739743420537	0.5235362849807497
SLC2A9_URIC_ACID	DRD5	4	9781634	9920000	138366	True	0.0	9.682605324879724	0.8613436536106607
SLC2A9_URIC_ACID	FAM90A26	4	9170409	9920000	749591	True	0.0	0.0	0.24883606271532588
SLC2A9_URIC_ACID	SLC2A9	4	10054936	9920000	134936	True	0.783809	43.53682844919388	0.864780851102208
SLC2A9_URIC_ACID	USP17L10	4	9210657	9920000	709343	True	0.0	0.0	0.2891685188785317
SLC2A9_URIC_ACID	USP17L11	4	9215405	9920000	704595	True	0.0	0.0	0.29392648205341987
SLC2A9_URIC_ACID	USP17L12	4	9220152	9920000	699848	True	0.0	0.0	0.298683443129914
SLC2A9_URIC_ACID	USP17L13	4	9224896	9920000	695104	True	0.0	0.0	0.30343739791122615
SLC2A9_URIC_ACID	USP17L15	4	9234385	9920000	685615	True	0.0	0.0	0.31294630957224423
SLC2A9_URIC_ACID	USP17L17	4	9243879	9920000	676121	True	0.0	0.0	0.32246023172523264
SLC2A9_URIC_ACID	USP17L18	4	9248630	9920000	671370	True	0.0	0.0	0.32722120119530296
SLC2A9_URIC_ACID	USP17L19	4	9253378	9920000	666622	True	0.0	0.0	0.33197916437019115
SLC2A9_URIC_ACID	USP17L20	4	9258124	9920000	661876	True	0.0	0.0	0.33673512334829137
SLC2A9_URIC_ACID	USP17L21	4	9262872	9920000	657128	True	0.0	0.0	0.34149308652317956
SLC2A9_URIC_ACID	USP17L22	4	9267619	9920000	652381	True	0.0	0.0	0.3462500475996737
SLC2A9_URIC_ACID	USP17L23	4	9272364	9920000	647636	True	0.0	0.0	0.35100500447937977
SLC2A9_URIC_ACID	USP17L24	4	9325165	9920000	594835	True	0.0	0.0	0.40391680178293343
SLC2A9_URIC_ACID	USP17L25	4	9329911	9920000	590089	True	0.0	0.0	0.40867276076103365
SLC2A9_URIC_ACID	USP17L26	4	9334658	9920000	585342	True	0.0	0.0	0.4134297218375278
SLC2A9_URIC_ACID	USP17L27	4	9344148	9920000	575852	True	0.0	0.0	0.42293963559694003
SLC2A9_URIC_ACID	USP17L28	4	9348893	9920000	571107	True	0.0	0.0	0.4276945924766461
SLC2A9_URIC_ACID	USP17L29	4	9353638	9920000	566362	True	0.0	0.0	0.43244954935635216
SLC2A9_URIC_ACID	USP17L30	4	9363129	9920000	556871	True	0.0	0.0	0.44196046521415844
SLC2A9_URIC_ACID	USP17L5	4	9339403	9920000	580597	True	0.0	0.0	0.41818467871723386
SLC2A9_URIC_ACID	WDR1	4	10116949	9920000	196949	True	2.723771	17.548531344871595	0.8026377233927845
SLC2A9_URIC_ACID	ZNF518B	4	10457426	9920000	537426	True	0.471473	22.634555072299836	0.4614462684862102
APC_CRC	APC	5	112707498	112707498	0	True	0.568058	11.243749680045108	1.0
APC_CRC	CTC-554D6.1	5	112827213	112707498	119715	True	0.0	0.0	0.8800337907578469
APC_CRC	DCP2	5	112976702	112707498	269204	True	0.863599	57.962888380070886	0.7302311039316328
APC_CRC	EPB41L4A	5	112419313	112707498	288185	True	0.932967	54.23409462192407	0.7112102743144144
APC_CRC	MCC	5	113488823	112707498	781325	True	0.432927	48.6913160918673	0.21703547227895215
APC_CRC	NREP	5	111997464	112707498	710034	True	1.778244	7.973675148774363	0.28847606888825195
APC_CRC	REEP5	5	112922289	112707498	214791	True	1.695372	28.29611305799968	0.7847582838463742
APC_CRC	SRP19	5	112861188	112707498	153690	True	0.523327	73.26457277634961	0.845987497820436
APC_CRC	TSSK1B	5	113434989	112707498	727491	True	0.058607	0.0	0.2709824372235461
APC_CRC	YTHDC2	5	113513694	112707498	806196	True	0.587273	37.7421558969049	0.19211228312085504
HLA-DRB1_RA	ABHD16A	6	31703356	32578530	875174	True	2.46168	15.136908626977764	0.12298954009696306
HLA-DRB1_RA	AGER	6	32184322	32578530	394208	True	3.736836	45.15445424710095	0.6049647962834175
HLA-DRB1_RA	AGPAT1	6	32178096	32578530	400434	True	2.959466	22.67922869668069	0.5987257316821424
HLA-DRB1_RA	AIF1	6	31615217	32578530	963313	True	3.433546	15.086799359252838	0.03466558974492584
HLA-DRB1_RA	APOM	6	31652416	32578530	926114	True	3.528185	16.56416996214904	0.0719426479047125
HLA-DRB1_RA	ATF6B	6	32128253	32578530	450277	True	0.962043	65.93476771041549	0.5487781414281505
HLA-DRB1_RA	B3GALT4	6	33277123	32578530	698593	True	1.563745	12.347816534686729	0.2999410766144306
HLA-DRB1_RA	BAG6	6	31652705	32578530	925825	True	3.528185	78.73414253179364	0.07223225434058922
HLA-DRB1_RA	BRD2	6	32968594	32578530	390064	True	6.545112	14.1588245491856	0.6091174920283073
HLA-DRB1_RA	BTNL2	6	32407128	32578530	171402	True	0.252324	12.509305670833005	0.8282383310652506
HLA-DRB1_RA	C2	6	31897785	32578530	680745	True	0.292527	9.14350251310011	0.317826528751205
HLA-DRB1_RA	C4A	6	31982057	32578530	596473	True	2.154647	48.97928247680655	0.40227536461350066
HLA-DRB1_RA	C4B	6	32014795	32578530	563735	True	0.0	37.73206130438968	0.43508206183748765
HLA-DRB1_RA	C6orf47	6	31660778	32578530	917752	True	3.536939	5.805921558804989	0.08032219467565083
HLA-DRB1_RA	CFB	6	31945650	32578530	632880	True	0.817175	8.574038867947655	0.3657919683817915
HLA-DRB1_RA	CLIC1	6	31739763	32578530	838767	True	2.784744	9.29382692036646	0.1594729363286722
HLA-DRB1_RA	COL11A2	6	33192499	32578530	613969	True	2.145483	34.37355081596293	0.38474265111142736
HLA-DRB1_RA	CSNK2B	6	31665227	32578530	913303	True	2.205964	15.002222315220855	0.08478053043072198
HLA-DRB1_RA	CUTA	6	33418317	32578530	839787	True	2.37586	19.705498502622444	0.15845079596675438
HLA-DRB1_RA	CYP21A2	6	32038327	32578530	540203	True	0.655359	32.70516356886298	0.45866344124596903
HLA-DRB1_RA	DAXX	6	33323016	32578530	744486	True	1.937404	113.72775215819992	0.2539517750168854
HLA-DRB1_RA	DDAH2	6	31730617	32578530	847913	True	1.680627	15.716773422076011	0.15030774441680883
HLA-DRB1_RA	DXO	6	31972290	32578530	606240	True	2.464316	24.300875414342265	0.3924878695989402
HLA-DRB1_RA	EGFL8	6	32164595	32578530	413935	True	0.869371	8.538150457855888	0.5851964012642473
HLA-DRB1_RA	EHMT2	6	31897687	32578530	680843	True	0.214553	13.910172574196125	0.31772832310858934
HLA-DRB1_RA	FKBPL	6	32130288	32578530	448242	True	0.962043	12.89575536916774	0.5508174116600161
HLA-DRB1_RA	GPANK1	6	31666283	32578530	912247	True	2.205964	29.88540235835318	0.08583874633482513
HLA-DRB1_RA	GPSM3	6	32195523	32578530	383007	True	3.102106	8.888038874761131	0.6161893003950272
HLA-DRB1_RA	HLA-DMA	6	32969094	32578530	390564	True	2.549766	96.84060126388611	0.6086164428312888
HLA-DRB1_RA	HLA-DMB	6	32941028	32578530	362498	True	1.447156	52.85543513215709	0.6367413363583343
HLA-DRB1_RA	HLA-DOA	6	33009591	32578530	431061	True	0.615105	27.582870562705928	0.5680344641679678
HLA-DRB1_RA	HLA-DOB	6	32820466	32578530	241936	True	1.254734	98.3781769143187	0.7575563229402369
HLA-DRB1_RA	HLA-DPA1	6	33080775	32578530	502245	True	0.888421	57.2401177045567	0.4967010920868298
HLA-DRB1_RA	HLA-DPB1	6	33075990	32578530	497460	True	1.367794	35.79378958558971	0.5014961329022973
HLA-DRB1_RA	HLA-DQA1	6	32628179	32578530	49649	True	0.760905	88.24777325901383	0.9502468168344513
HLA-DRB1_RA	HLA-DQA2	6	32741391	32578530	162861	True	0.247674	137.00625436225644	0.8367972534487216
HLA-DRB1_RA	HLA-DQB1	6	32668383	32578530	89853	True	0.0	190.31120122565267	0.9099584530005832
HLA-DRB1_RA	HLA-DQB2	6	32763532	32578530	185002	True	0.249155	169.9103739152826	0.8146097929063458
HLA-DRB1_RA	HLA-DRA	6	32439878	32578530	138652	True	1.979966	20.690759595117218	0.8610570534699661
HLA-DRB1_RA	HLA-DRB1	6	32589848	32578530	11318	True	0.0	61.31531259234238	0.988658250376288
HLA-DRB1_RA	HLA-DRB5	6	32530287	32578530	48243	True	1.093242	161.6972557573534	0.9516557671764675
HLA-DRB1_RA	HSD17B8	6	33204655	32578530	626125	True	2.234109	34.85512080374141	0.3725611430335122
HLA-DRB1_RA	HSPA1A	6	31815543	32578530	762987	True	2.328394	6.574733220295386	0.23541195262880477
HLA-DRB1_RA	HSPA1B	6	31827738	32578530	750792	True	1.792747	6.038633018125242	0.2476325425440873
HLA-DRB1_RA	HSPA1L	6	31815283	32578530	763247	True	2.328394	6.694371372598276	0.23515140704635507
HLA-DRB1_RA	KIFC1	6	33391823	32578530	813293	True	1.272273	8.502551997599998	0.18500039081837372
HLA-DRB1_RA	LSM2	6	31806966	32578530	771564	True	1.171706	14.608694311857093	0.22681695470314844
HLA-DRB1_RA	LST1	6	31586124	32578530	992406	True	2.134442	16.55837083815214	0.005511541167204093
HLA-DRB1_RA	LTB	6	31582522	32578530	996008	True	2.134442	5.72805621854669	0.0019019827518824695
HLA-DRB1_RA	LY6G5B	6	31670167	32578530	908363	True	1.65039	48.42305198302368	0.08973089649726529
HLA-DRB1_RA	LY6G5C	6	31684040	32578530	894490	True	0.795849	118.89456135197727	0.10363300751774218
HLA-DRB1_RA	LY6G6C	6	31721746	32578530	856784	True	0.575743	52.31257806498591	0.14141812956330557
HLA-DRB1_RA	LY6G6D	6	31715356	32578530	863174	True	1.195017	7.960391582470817	0.13501472082540844
HLA-DRB1_RA	LY6G6E	6	31714065	32578530	864465	True	1.194387	11.425201577593356	0.13372101179870655
HLA-DRB1_RA	LY6G6F	6	31706866	32578530	871664	True	2.46168	8.309281308532979	0.1265069054600333
HLA-DRB1_RA	LY6G6F-LY6G6D	6	31706904	32578530	871626	True	0.0	0.0	0.1265449851990067
HLA-DRB1_RA	MPIG6B	6	31718594	32578530	859936	True	1.573237	20.58572542578424	0.13825951542530057
HLA-DRB1_RA	MSH5	6	31739677	32578530	838853	True	3.336589	10.359730295926674	0.15938675586678508
HLA-DRB1_RA	MSH5-SAPCD1	6	31740020	32578530	838510	True	3.336589	0.0	0.15973047561593978
HLA-DRB1_RA	NCR3	6	31593006	32578530	985524	True	1.076993	15.739947702301832	0.012407982314967536
HLA-DRB1_RA	NELFE	6	31959038	32578530	619492	True	1.814765	28.79548119247096	0.3792080616811604
HLA-DRB1_RA	NEU1	6	31862905	32578530	715625	True	2.136165	11.753796958162118	0.2828733367671905
HLA-DRB1_RA	NOTCH4	6	32224067	32578530	354463	True	0.217636	112.51657818006946	0.6447931969544225
HLA-DRB1_RA	PBX2	6	32190202	32578530	388328	True	3.105	13.749650759298108	0.6108571348403558
HLA-DRB1_RA	PFDN6	6	33289302	32578530	710772	True	1.303468	5.620380888000018	0.28773652027345265
HLA-DRB1_RA	PHF1	6	33410399	32578530	831869	True	2.307205	6.165208746270194	0.16638541105074023
HLA-DRB1_RA	PPT2	6	32153441	32578530	425089	True	1.661124	12.534697470711814	0.5740189957771573
HLA-DRB1_RA	PPT2-EGFL8	6	32153845	32578530	424685	True	1.661124	0.0	0.5744238435283484
HLA-DRB1_RA	PRRC2A	6	31620715	32578530	957815	True	3.432625	23.484551390403883	0.04017512671534196
HLA-DRB1_RA	PRRT1	6	32153083	32578530	425447	True	1.035623	38.60770059930391	0.5736602445520921
HLA-DRB1_RA	PSMB8	6	32844679	32578530	266149	True	2.602259	12.182775192638708	0.7332925145254162
HLA-DRB1_RA	PSMB9	6	32844136	32578530	265606	True	1.691722	78.54827955769696	0.7338366539533784
HLA-DRB1_RA	RGL2	6	33298942	32578530	720412	True	2.539305	17.038380552227906	0.27807629175493487
HLA-DRB1_RA	RING1	6	33208500	32578530	629970	True	1.543832	8.032871076709636	0.36870807470843947
HLA-DRB1_RA	RNF5	6	32178405	32578530	400125	True	3.731912	52.08913077326085	0.5990353800858998
HLA-DRB1_RA	RPS18	6	33272075	32578530	693545	True	1.563471	114.26125986131362	0.30499966930753
HLA-DRB1_RA	RXRB	6	33200665	32578530	622135	True	2.234109	16.335372125142975	0.3765595156257202
HLA-DRB1_RA	SAPCD1	6	31762996	32578530	815534	True	0.815663	8.754277638323977	0.18275468831733654
HLA-DRB1_RA	SKIV2L	6	31959117	32578530	619413	True	1.814955	124.09664734429576	0.37928722745428933
HLA-DRB1_RA	SLC39A7	6	33200445	32578530	621915	True	2.234109	7.292216135472144	0.3767799772724084
HLA-DRB1_RA	SLC44A4	6	31879046	32578530	699484	True	1.44698	22.527367861505763	0.2990482069453435
HLA-DRB1_RA	SMIM40	6	33329279	32578530	750749	True	0.0	0.0	0.2476756327750309
HLA-DRB1_RA	STK19	6	31971091	32578530	607439	True	0.0	29.40309296172245	0.3912863536244897
HLA-DRB1_RA	SYNGAP1	6	33419661	32578530	841131	True	2.37586	7.062242459608917	0.15710397572516854
HLA-DRB1_RA	TAP1	6	32853816	32578530	275286	True	1.691722	20.525023657410564	0.7241363414990991
HLA-DRB1_RA	TAP2	6	32838770	32578530	260240	True	2.410658	45.37672175760169	0.7392139139357815
HLA-DRB1_RA	TAPBP	6	33314387	32578530	735857	True	2.187835	45.3804663343339	0.2625988820590316
HLA-DRB1_RA	TNXB	6	32115334	32578530	463196	True	0.744611	16.68619603100585	0.5358320322755851
HLA-DRB1_RA	TSBP1	6	32371912	32578530	206618	True	0.0	10.55911294792376	0.7929484340208397
HLA-DRB1_RA	VARS1	6	31795752	32578530	782778	True	0.0	5.314728628607385	0.2155794233124162
HLA-DRB1_RA	VPS52	6	33272047	32578530	693517	True	1.563471	11.113011531560188	0.30502772806256295
HLA-DRB1_RA	VWA7	6	31777328	32578530	801202	True	1.255305	30.12374866458308	0.19711676250067645
HLA-DRB1_RA	WDR46	6	33289247	32578530	710717	True	1.303512	20.04512773782266	0.28779163568512467
HLA-DRB1_RA	XXbac-BPG116M5.17	6	31927698	32578530	650832	True	0.0	0.0	0.3478022980120372
HLA-DRB1_RA	XXbac-BPG181M17.5	6	32953122	32578530	374592	True	0.0	0.0	0.6246219583808494
HLA-DRB1_RA	XXbac-BPG185D15.13	6	33329286	32578530	750756	True	0.0	0.0	0.2476686180862726
HLA-DRB1_RA	XXbac-BPG246D15.9	6	32838822	32578530	260292	True	0.0	0.0	0.7391618048192916
HLA-DRB1_RA	XXbac-BPG300A18.14	6	32154373	32578530	424157	True	0.0	0.0	0.5749529514803999
HLA-DRB1_RA	XXbac-BPG32J3.20	6	31714072	32578530	864458	True	0.0	0.0	0.13372802648746474
HLA-DRB1_RA	XXbac-BPG32J3.22	6	31666102	32578530	912428	True	0.0	0.0	0.08565736652550437
HLA-DRB1_RA	ZBTB12	6	31902086	32578530	676444	True	0.214599	63.9084526217187	0.3221365539439587
HLA-DRB1_RA	ZBTB22	6	33317942	32578530	739412	True	1.785278	12.23953604946537	0.25903642226822965
HLA-DRB1_RA	ZBTB9	6	33453970	32578530	875440	True	0.844785	0.0	0.12272298192414921
CFTR_CF_LUNG	ANKRD7	7	118214669	117559593	655076	True	0.059036	13.723005420533086	0.34354939242774374
CFTR_CF_LUNG	ASZ1	7	117428123	117559593	131470	True	0.125444	0.0	0.8682541241359407
CFTR_CF_LUNG	CAPZA2	7	116811070	117559593	748523	True	0.935824	38.46456535841505	0.24990630380015755
CFTR_CF_LUNG	CFTR	7	117287120	117559593	272473	True	0.413339	8.7122631952317	0.7269552442815255
CFTR_CF_LUNG	CTB-114A6.2	7	116954391	117559593	605202	True	0.0	0.0	0.3935280477319507
CFTR_CF_LUNG	CTTNBP2	7	117874139	117559593	314546	True	0.457792	26.136840179641037	0.684793958549202
CFTR_CF_LUNG	LSM8	7	118184144	117559593	624551	True	0.872952	17.952137382825082	0.37413844590572665
CFTR_CF_LUNG	MET	7	116672196	117559593	887397	True	1.169335	47.55870400177925	0.11074089142664745
CFTR_CF_LUNG	ST7	7	116953238	117559593	606355	True	1.079965	19.57156713595119	0.39237262828362596
CFTR_CF_LUNG	WNT2	7	117323152	117559593	236441	True	0.322557	6.957676553867551	0.7630628536154708
LEP_OBESITY	AHCYL2	7	129225023	128241278	983745	True	0.933388	36.98445583435464	0.014190715357959571
LEP_OBESITY	ARF5	7	127588386	128241278	652892	True	0.500858	7.566023865217625	0.3457379753203208
LEP_OBESITY	ATP6V1F	7	128862856	128241278	621578	True	1.639694	10.190390462189168	0.377117684431199
LEP_OBESITY	ATP6V1FNB	7	128866330	128241278	625052	True	0.0	18.590340720597723	0.37363639461031395
LEP_OBESITY	CALU	7	128739292	128241278	498014	True	1.748486	58.03834639518374	0.5009409703920009
LEP_OBESITY	CCDC136	7	128790757	128241278	549479	True	0.741492	26.205502194023925	0.44936797654288074
LEP_OBESITY	FAM71F1	7	128709061	128241278	467783	True	0.280562	12.095432670156825	0.5312354069421368
LEP_OBESITY	FAM71F2	7	128671693	128241278	430415	True	0.148265	38.66642175155947	0.5686818197305157
LEP_OBESITY	FLNC	7	128830406	128241278	589128	True	3.881305	14.187996942533855	0.4096357773177033
LEP_OBESITY	FSCN3	7	127591409	128241278	649869	True	0.456058	4.70070848572461	0.34876731876549494
LEP_OBESITY	GCC1	7	127593611	128241278	647667	True	0.500858	14.012294864776305	0.35097393942916466
LEP_OBESITY	GRM8	7	127253093	128241278	988185	True	0.043803	16.115406258902652	0.009741398488434805
LEP_OBESITY	HILPDA	7	128455849	128241278	214571	True	1.609154	13.544229631954702	0.7849787454930625
LEP_OBESITY	IMPDH1	7	128410252	128241278	168974	True	0.664876	45.74222306017307	0.8306714259659728
LEP_OBESITY	IRF5	7	128937457	128241278	696179	True	2.213574	85.95656698293779	0.3023601421376362
LEP_OBESITY	KCP	7	128910719	128241278	669441	True	0.801825	34.366022808972566	0.32915424899740053
LEP_OBESITY	LEP	7	128241278	128241278	0	True	0.460774	18.6012477520768	1.0
LEP_OBESITY	LRRC4	7	128032107	128241278	209171	True	1.420054	20.063965552738043	0.7903900768208629
LEP_OBESITY	METTL2B	7	128476729	128241278	235451	True	0.400225	71.23455051004873	0.7640549310255675
LEP_OBESITY	OPN1SW	7	128775794	128241278	534516	True	0.325397	49.47238685265141	0.46436237481285814
LEP_OBESITY	PAX4	7	127618142	128241278	623136	True	0.191707	0.0	0.3755564151332891
LEP_OBESITY	PRRT4	7	128361685	128241278	120407	True	1.536243	43.549516866939626	0.8793403386691733
LEP_OBESITY	RBM28	7	128343908	128241278	102630	True	0.489948	11.920330447281264	0.8971546418199711
LEP_OBESITY	RP11-286H14.4	7	129126518	128241278	885240	True	0.0	14.19898891044081	0.11290241766258546
LEP_OBESITY	SMO	7	129188633	128241278	947355	True	0.467252	32.119205837117484	0.05065707591697011
LEP_OBESITY	SND1	7	127652194	128241278	589084	True	0.912321	48.21579651824351	0.40967986964704095
LEP_OBESITY	TNPO3	7	129055173	128241278	813895	True	1.524771	57.99559263582367	0.18439712758516336
LEP_OBESITY	TSPAN33	7	129144707	128241278	903429	True	0.504107	108.91223632334048	0.09467524997344434
LEP_OBESITY	ZNF800	7	127431924	128241278	809354	True	1.737836	9.848430977778444	0.1889476563924859
FMRP_ASD_ID	AFF2	X	148500617	147912050	588567	True	0.652045	10.319993732227536	0.4101979545167581
FMRP_ASD_ID	FMR1	X	147911919	147912050	131	True	0.479098	10.964130186304446	0.9998687251103812
FMRP_ASD_ID	FMR1NB	X	147981337	147912050	69287	True	0.042655	5.433027776907291	0.9305676085723505
F8_HEMOPHILIA	ARHGAP4	X	153934999	154835794	900795	True	2.300596	9.442609507860054	0.09731477714333814
F8_HEMOPHILIA	ATP6AP1	X	154428633	154835794	407161	True	0.706756	10.09590253355701	0.5919846157854547
F8_HEMOPHILIA	AVPR2	X	153902531	154835794	933263	True	0.677733	5.548087744726044	0.06477864648574116
F8_HEMOPHILIA	BRCC3	X	155071420	154835794	235626	True	0.665926	18.540630132334105	0.763879563806611
F8_HEMOPHILIA	CLIC2	X	155334657	154835794	498863	True	0.592656	7.936572810545152	0.5000901888554634
F8_HEMOPHILIA	CMC4	X	155071136	154835794	235342	True	0.665926	0.0	0.7641641597505175
F8_HEMOPHILIA	CTAG1A	X	154585133	154835794	250661	True	0.0	0.0	0.7488130144522631
F8_HEMOPHILIA	CTAG1B	X	154619282	154835794	216512	True	0.0	0.0	0.7830336725102365
F8_HEMOPHILIA	CTAG2	X	154653579	154835794	182215	True	0.048051	0.0	0.8174026411305273
F8_HEMOPHILIA	DKC1	X	154762742	154835794	73052	True	1.600989	7.317777281241717	0.9267947081188008
F8_HEMOPHILIA	DNASE1L1	X	154412112	154835794	423682	True	1.393647	45.775570538177305	0.5754289482175676
F8_HEMOPHILIA	EMD	X	154379273	154835794	456521	True	0.0	10.059112132982886	0.5425210390557829
F8_HEMOPHILIA	F8	X	155026940	154835794	191146	True	0.39207	32.57203052861727	0.8084529003733818
F8_HEMOPHILIA	F8A1	X	154886355	154835794	50561	True	0.0	0.0	0.9493329030990895
F8_HEMOPHILIA	F8A2	X	155382095	154835794	546301	True	0.0	0.0	0.45255264523913075
F8_HEMOPHILIA	F8A3	X	155458620	154835794	622826	True	0.0	0.0	0.3758670656354406
F8_HEMOPHILIA	FAM3A	X	154516242	154835794	319552	True	1.342935	124.64073383539323	0.6797774539886523
F8_HEMOPHILIA	FAM50A	X	154444141	154835794	391653	True	0.711428	51.21715415765605	0.6075251576801823
F8_HEMOPHILIA	FLNA	X	154374634	154835794	461160	True	3.751092	7.569479907774831	0.5378723046058447
F8_HEMOPHILIA	FUNDC2	X	155025980	154835794	190186	True	1.196522	21.213247158593745	0.8094149148316575
F8_HEMOPHILIA	G6PD	X	154547572	154835794	288222	True	1.49571	5.473656844998164	0.711173196673835
F8_HEMOPHILIA	GAB3	X	154751583	154835794	84211	True	0.820123	6.941073155404577	0.9156122921397406
F8_HEMOPHILIA	GDI1	X	154436913	154835794	398881	True	0.712866	10.92272296080717	0.6002819904880821
F8_HEMOPHILIA	GS1-273L24.6	X	155065519	154835794	229725	True	0.0	0.0	0.7697929464298241
F8_HEMOPHILIA	H2AB1	X	154884972	154835794	49178	True	0.0	26.463974652711844	0.9507188051780429
F8_HEMOPHILIA	H2AB2	X	155380709	154835794	544915	True	0.0	0.0	0.45394155361326616
F8_HEMOPHILIA	H2AB3	X	155460005	154835794	624211	True	0.0	0.0	0.3744791593596992
F8_HEMOPHILIA	HCFC1	X	153971818	154835794	863976	True	5.826538	41.465217711972	0.13421103791339062
F8_HEMOPHILIA	IKBKG	X	154541199	154835794	294595	True	1.49571	12.032340656502525	0.7047868236086365
F8_HEMOPHILIA	IRAK1	X	154019902	154835794	815892	True	1.347159	12.864206070258838	0.1823959370922712
F8_HEMOPHILIA	L1CAM	X	153886173	154835794	949621	True	0.324512	5.789686831956366	0.048386320956082085
F8_HEMOPHILIA	LAGE3	X	154479257	154835794	356537	True	0.684181	24.933104087845862	0.6427148448851896
F8_HEMOPHILIA	MECP2	X	154137103	154835794	698691	True	1.207355	6.088734230766781	0.29984287097181495
F8_HEMOPHILIA	MPP1	X	154821007	154835794	14787	True	0.870192	8.065991668989536	0.9851819710473732
F8_HEMOPHILIA	MTCP1	X	155147937	154835794	312143	True	0.665926	7.187794117075701	0.6872020009900732
F8_HEMOPHILIA	NAA10	X	153935080	154835794	900714	True	0.832427	7.524065990544095	0.09739594711325517
F8_HEMOPHILIA	OPN1LW	X	154144243	154835794	691551	True	0.0	0.0	0.30699785350524
F8_HEMOPHILIA	OPN1MW	X	154182596	154835794	653198	True	0.0	0.0	0.34543133321174535
F8_HEMOPHILIA	OPN1MW2	X	154219756	154835794	616038	True	0.0	0.0	0.38266930953416456
F8_HEMOPHILIA	OPN1MW3	X	154257538	154835794	578256	True	0.0	0.0	0.42053059105767476
F8_HEMOPHILIA	PLXNA3	X	154458281	154835794	377513	True	0.443365	98.58923288622375	0.6216948289718671
F8_HEMOPHILIA	RAB39B	X	155264491	154835794	428697	True	0.271164	13.890195422334822	0.5704034247714714
F8_HEMOPHILIA	RENBP	X	153944687	154835794	891107	True	0.773499	7.50841001133943	0.10702310638476975
F8_HEMOPHILIA	RPL10	X	154389955	154835794	445839	True	2.075274	43.08542098082641	0.5532254541008872
F8_HEMOPHILIA	SLC10A3	X	154490690	154835794	345104	True	0.662952	17.832142349187063	0.6541718358242159
F8_HEMOPHILIA	SMIM9	X	154834662	154835794	1132	True	0.204546	4.137394019655661	0.99886562461795
F8_HEMOPHILIA	SPRY3	X	155612572	154835794	776778	True	0.377173	23.617656908472902	0.22159201367663883
F8_HEMOPHILIA	TAZ	X	154411524	154835794	424270	True	0.946638	25.172983087844933	0.5748397143618738
F8_HEMOPHILIA	TEX28	X	154295853	154835794	539941	True	1.016048	4.5824021057060165	0.4589259910252068
F8_HEMOPHILIA	TKTL1	X	154295795	154835794	539999	True	1.016048	6.388233158541956	0.45886786931835266
F8_HEMOPHILIA	TMEM187	X	153972754	154835794	863040	True	5.826538	91.81956730121354	0.1351490020102094
F8_HEMOPHILIA	TMLHE	X	155719098	154835794	883304	True	0.641396	57.060443309815575	0.11484248015344134
F8_HEMOPHILIA	U52112.13	X	153909223	154835794	926571	True	0.0	0.0	0.07148468893863746
F8_HEMOPHILIA	UBL4A	X	154486615	154835794	349179	True	0.662952	11.743977778027578	0.6500882848685147
F8_HEMOPHILIA	VBP1	X	155197007	154835794	361213	True	0.822268	11.693109829518084	0.638029032794672
APOE_AD	AC011530.4	19	45785973	44908684	877289	True	0.0	0.0	0.12087010199357451
APOE_AD	AC084219.2	19	44025354	44908684	883330	True	0.0	0.0	0.11481642559519634
APOE_AD	APOC1	19	44914247	44908684	5563	True	1.087901	38.5353718700572	0.9944253266339715
APOE_AD	APOC2	19	44946035	44908684	37351	True	0.514647	53.45939651803072	0.9625706228843197
APOE_AD	APOC4	19	44942237	44908684	33553	True	0.514647	13.350596983825335	0.9663765925848727
APOE_AD	APOC4-APOC2	19	44942238	44908684	33554	True	0.514647	0.0	0.9663755904864787
APOE_AD	APOE	19	44905791	44908684	2893	True	1.187639	37.69998091464559	0.9971009293460507
APOE_AD	BCAM	19	44809071	44908684	99613	True	0.77551	24.151209447582467	0.900177972674781
APOE_AD	BCL3	19	44747705	44908684	160979	True	3.162468	5.947494588180746	0.8386832026262995
APOE_AD	BLOC1S3	19	45178784	44908684	270100	True	2.771184	24.590968508290587	0.7293332237705756
APOE_AD	CBLC	19	44777869	44908684	130815	True	0.564244	12.52977332181807	0.868910498584035
APOE_AD	CEACAM16	19	44699151	44908684	209533	True	0.764681	11.054371415198942	0.7900273172022214
APOE_AD	CEACAM19	19	44662278	44908684	246406	True	0.303486	52.1604741891444	0.753076943118891
APOE_AD	CEACAM20	19	44529788	44908684	378896	True	0.210042	5.241458247869973	0.6203089268929138
APOE_AD	CKM	19	45322875	44908684	414191	True	2.243008	5.831049012837142	0.5849398640753738
APOE_AD	CLASRP	19	45039045	44908684	130361	True	0.723166	5.230840614435895	0.8693654512549278
APOE_AD	CLPTM1	19	44954585	44908684	45901	True	1.542021	38.78202676319236	0.9540026816153024
APOE_AD	CTC-512J12.6	19	44401608	44908684	507076	True	0.0	0.0	0.49185995474523647
APOE_AD	DMPK	19	45782552	44908684	873868	True	2.254408	30.355494449651985	0.12429828059957548
APOE_AD	DMWD	19	45792845	44908684	884161	True	1.056528	28.18857782833619	0.1139836818297515
APOE_AD	EML2	19	45645602	44908684	736918	True	1.470986	29.71621498346603	0.2615356556629582
APOE_AD	ERCC1	19	45478828	44908684	570144	True	3.073173	29.26538736527697	0.4286596132301038
APOE_AD	ERCC2	19	45370918	44908684	462234	True	0.926386	28.386845562240733	0.5367960509306489
APOE_AD	EXOC3L2	19	45245407	44908684	336723	True	0.160184	24.383108770715264	0.6625704224646409
APOE_AD	FBXO46	19	45730896	44908684	822212	True	1.219151	6.868051089520034	0.17606267524195662
APOE_AD	FOSB	19	45467995	44908684	559311	True	3.498581	5.624263247864151	0.43951534513270785
APOE_AD	FOXA3	19	45863989	44908684	955305	True	1.924016	6.548830916061549	0.042690393684375105
APOE_AD	GEMIN7	19	45079195	44908684	170511	True	1.85651	55.67019344557825	0.8291312007343377
APOE_AD	GIPR	19	45668221	44908684	759537	True	1.329941	13.912843507316396	0.23886919208823276
APOE_AD	GPR4	19	45602212	44908684	693528	True	0.629363	5.0349112396340265	0.3050167049802286
APOE_AD	IGSF23	19	44613563	44908684	295121	True	0.690349	12.939294606764554	0.704259719853373
APOE_AD	IRF2BP1	19	45886141	44908684	977457	True	2.98459	7.452884002251424	0.020491910059664886
APOE_AD	KLC3	19	45333434	44908684	424750	True	0.17465	33.739790232525046	0.574358707132736
APOE_AD	MARK4	19	45079288	44908684	170604	True	0.535856	111.45638634121384	0.8290380055836922
APOE_AD	MEIOSIN	19	45733439	44908684	824755	True	0.0	6.431427523268964	0.17351433902592028
APOE_AD	MYPOP	19	45902613	44908684	993929	True	1.042484	10.372501007489213	0.0039853453130855865
APOE_AD	NECTIN2	19	44846175	44908684	62509	True	1.789921	107.61530258453868	0.9373598314871341
APOE_AD	NKPD1	19	45160815	44908684	252131	True	0.471269	15.518900068985849	0.7473399298130285
APOE_AD	OPA3	19	45602212	44908684	693528	True	2.891185	16.882364182610505	0.3050167049802286
APOE_AD	POLR1G	19	45406644	44908684	497960	True	0.0	44.72937938417604	0.5009950837052788
APOE_AD	PPM1N	19	45488777	44908684	580093	True	1.130672	66.83244342603594	0.4186897363078286
APOE_AD	PPP1R13L	19	45406349	44908684	497665	True	3.787995	19.777751883141068	0.5012907027315199
APOE_AD	PPP1R37	19	45091396	44908684	182712	True	2.424185	25.886634978324484	0.8169045982286909
APOE_AD	PVR	19	44643798	44908684	264886	True	0.893642	59.26731680698944	0.7345581647970851
APOE_AD	QPCTL	19	45692403	44908684	783719	True	2.654201	9.04824636029619	0.2146364487236273
APOE_AD	RELB	19	45001449	44908684	92765	True	1.268987	5.997803689930005	0.9070403424771472
APOE_AD	RSPH6A	19	45815308	44908684	906624	True	1.315167	13.291380270809434	0.09147354560449583
APOE_AD	RTN2	19	45497055	44908684	588371	True	1.130672	18.573532658275635	0.4103943658019894
APOE_AD	SIX5	19	45769252	44908684	860568	True	3.463651	7.816693136070398	0.13762618924026915
APOE_AD	SNRPD2	19	45692569	44908684	783885	True	2.654201	47.81677002780474	0.21447010039021708
APOE_AD	SYMPK	19	45863194	44908684	954510	True	1.924016	26.23594198785074	0.04348706190763463
APOE_AD	TOMM40	19	44890569	44908684	18115	True	2.880936	5.9972854747698445	0.9818469875920177
APOE_AD	TRAPPC6A	19	45178237	44908684	269553	True	2.771184	9.7944383835819	0.7298813715921139
APOE_AD	VASP	19	45506579	44908684	597895	True	2.02244	8.722762214699108	0.40085038069717993
APOE_AD	ZNF112	19	44367217	44908684	541467	True	0.337293	35.24227457901104	0.4573967888759062
APOE_AD	ZNF155	19	43967862	44908684	940822	True	0.519605	79.01416367711097	0.05720378472521459
APOE_AD	ZNF180	19	44500524	44908684	408160	True	0.753305	60.50809087989775	0.5909835194898116
APOE_AD	ZNF221	19	43951223	44908684	957461	True	0.627954	8.138923422640518	0.04052986954683102
APOE_AD	ZNF222	19	44025342	44908684	883342	True	0.413697	5.6069409925829445	0.11480440041446793
APOE_AD	ZNF223	19	44051367	44908684	857317	True	1.355765	73.81142021616176	0.14088401111928373
APOE_AD	ZNF224	19	44094339	44908684	814345	True	0.488484	7.219976638309721	0.18394618330784662
APOE_AD	ZNF225	19	44112181	44908684	796503	True	0.900622	8.690305970434158	0.20182562285425676
APOE_AD	ZNF226	19	44165073	44908684	743611	True	0.846229	14.858145909532665	0.2548286111116679
APOE_AD	ZNF227	19	44207547	44908684	701137	True	0.627278	5.1782677418333085	0.2973917383000002
APOE_AD	ZNF229	19	44448578	44908684	460106	True	0.540195	12.86214920312432	0.5389285163131597
APOE_AD	ZNF230	19	44002957	44908684	905727	True	0.378029	6.317727633504686	0.09237242786394706
APOE_AD	ZNF233	19	44259880	44908684	648804	True	0.146105	46.47936321389695	0.3498345535551445
APOE_AD	ZNF234	19	44141554	44908684	767130	True	0.907746	41.06796277854653	0.23126025898230895
APOE_AD	ZNF235	19	44305046	44908684	603638	True	0.556219	13.06406771652502	0.39509532962022476
APOE_AD	ZNF284	19	44072159	44908684	836525	True	0.385794	39.3141141174624	0.16171964092810343
APOE_AD	ZNF285	19	44401608	44908684	507076	True	0.359763	71.32242406942187	0.49185995474523647
APOE_AD	ZNF296	19	45076587	44908684	167903	True	1.77242	8.982987540745548	0.8317446733459866
APOE_AD	ZNF45	19	43935282	44908684	973402	True	0.662653	25.70221104737242	0.024555419047485483
TREM2_AD	APOBEC2	6	41053202	41129252	76050	True	0.663187	24.385244058060195	0.9237904171334775
TREM2_AD	BYSL	6	41921499	41129252	792247	True	2.364274	7.960344012448562	0.20609055361927875
TREM2_AD	CCND3	6	42050357	41129252	921105	True	1.69976	12.75702151578431	0.07696215876044432
TREM2_AD	FOXP4	6	41546381	41129252	417129	True	0.705439	33.58586431140056	0.5819956989936927
TREM2_AD	FRS3	6	41786542	41129252	657290	True	1.288228	30.71749344249685	0.3413307465833455
TREM2_AD	LRFN2	6	40587364	41129252	541888	True	0.750097	75.08825715430281	0.4569749054520166
TREM2_AD	MDFI	6	41636882	41129252	507630	True	0.669217	9.56486624196173	0.49130479223493995
TREM2_AD	MED20	6	41921139	41129252	791887	True	2.364274	42.93219291908961	0.20645130904113218
TREM2_AD	NCR2	6	41335608	41129252	206356	True	0.778444	0.0	0.7932109838000774
TREM2_AD	NFYA	6	41072974	41129252	56278	True	3.154616	69.56547580505195	0.9436039065803793
TREM2_AD	OARD1	6	41097787	41129252	31465	True	3.154616	7.071712222670243	0.9684689740316222
TREM2_AD	PGC	6	41754109	41129252	624857	True	1.171535	16.68746511159075	0.3738318037971512
TREM2_AD	PRICKLE4	6	41780782	41129252	651530	True	1.28745	31.98365623276145	0.3471028333329993
TREM2_AD	RP11-298J23.10	6	41780349	41129252	651097	True	0.0	97.67278415089363	0.3475367419376174
TREM2_AD	RP5-973N23.5	6	41921139	41129252	791887	True	0.0	0.0	0.20645130904113218
TREM2_AD	TAF8	6	42050513	41129252	921261	True	0.946314	9.303344863514551	0.07680583141097463
TREM2_AD	TFEB	6	41736259	41129252	607007	True	2.877391	20.73651542838752	0.3917192601307137
TREM2_AD	TOMM6	6	41787662	41129252	658410	True	1.596447	18.295478860288604	0.34020839638202394
TREM2_AD	TREM1	6	41286682	41129252	157430	True	1.38144	38.08243567824847	0.8422396498267372
TREM2_AD	TREM2	6	41163186	41129252	33934	True	0.298941	7.740778943025199	0.9659947930967446
TREM2_AD	TREML1	6	41154337	41129252	25085	True	0.352226	5.85301662661357	0.974862361785579
TREM2_AD	TREML2	6	41201149	41129252	71897	True	0.785451	8.941676487212343	0.9279521317639137
TREM2_AD	TREML4	6	41228339	41129252	99087	True	0.589074	166.57007016375937	0.9007050764300445
TREM2_AD	TSPO2	6	41042467	41129252	86785	True	1.501726	5.226262543859622	0.913032890873489
TREM2_AD	UNC5CL	6	41039221	41129252	90031	True	1.501726	19.05528691679662	0.9097800794864446
TREM2_AD	USP49	6	41895375	41129252	766123	True	1.349602	25.205617228485877	0.23226937206510434
SORL1_AD	BLID	11	122116215	121378665	737550	True	0.467007	4.856594822657235	0.2609023294779268
SORL1_AD	GRIK4	11	120511746	121378665	866919	True	1.674606	92.68724312449793	0.13126186233973947
SORL1_AD	SC5D	11	121292681	121378665	85984	True	0.678941	26.352761818845515	0.9138355716871128
SORL1_AD	SORL1	11	121452314	121378665	73649	True	0.953219	12.722562704078534	0.9261964553775606
SORL1_AD	TBCEL	11	121024072	121378665	354593	True	0.669754	8.81583685620389	0.6446629241631978
SORL1_AD	TBCEL-TECTA	11	121024125	121378665	354540	True	0.0	0.0	0.6447160353780816
SORL1_AD	TECTA	11	121101243	121378665	277422	True	0.050669	11.08058402194635	0.7219958593294358
SNCA_PD	CCSER1	4	90127535	89724099	403436	True	0.214375	11.000121619482456	0.595717432303243
SNCA_PD	FAM13A	4	89111398	89724099	612701	True	2.348609	11.635702338800565	0.3860133118750664
SNCA_PD	GPRIN3	4	89307800	89724099	416299	True	0.844547	16.174234499157556	0.5828274406607437
SNCA_PD	MMRN1	4	89879532	89724099	155433	True	1.152158	25.31066183364869	0.8442408403196293
SNCA_PD	SNCA	4	89838315	89724099	114216	True	0.76162	15.34926713492535	0.885544329826657
SNCA_PD	TIGD2	4	89111533	89724099	612566	True	0.673452	10.713597427431637	0.3861485951582614
LRRK2_PD	ABCD2	12	39619803	40340400	720597	True	0.79038	9.457162129251136	0.27789090355203794
LRRK2_PD	C12orf40	12	39626167	40340400	714233	True	0.747722	5.1702492947503895	0.2842682577316902
LRRK2_PD	CNTN1	12	40692439	40340400	352039	True	0.34666	169.558763746809	0.6472222834615685
LRRK2_PD	KIF21A	12	39443390	40340400	897010	True	1.017378	27.646031864474445	0.1011077195647686
LRRK2_PD	LRRK2	12	40196744	40340400	143656	True	0.780656	34.47960032104578	0.8560425531062044
LRRK2_PD	MUC19	12	40393395	40340400	52995	True	0.061341	5.317502033477014	0.9468937956080031
LRRK2_PD	PDZRN4	12	41188320	40340400	847920	True	0.279348	15.705370668472217	0.15030072972805053
LRRK2_PD	SLC2A13	12	40106089	40340400	234311	True	0.322108	9.89570754539829	0.7651973231947699
GBA_PD	ADAM15	1	155050566	155204239	153673	True	1.410184	41.45375107812949	0.8460045334931346
GBA_PD	ADAR	1	154628013	155204239	576226	True	1.34564	13.615300793578218	0.4225648507975701
GBA_PD	AQP10	1	154321090	155204239	883149	True	0.317821	9.845840884225163	0.1149978054045171
GBA_PD	ARHGEF2	1	156007070	155204239	802831	True	2.258836	13.357060884156253	0.19548434421678995
GBA_PD	ASH1L	1	155563162	155204239	358923	True	2.315919	9.254181452405946	0.6403238381170171
GBA_PD	ATP8B2	1	154325525	155204239	878714	True	1.200501	34.34427489540725	0.11944211178207165
GBA_PD	C1orf189	1	154206333	155204239	997906	True	0.800391	0.0	0.0
GBA_PD	C1orf43	1	154220637	155204239	983602	True	2.191825	12.76038023731083	0.014334015428306923
GBA_PD	CHRNB2	1	154567778	155204239	636461	True	0.38605	23.53128648036869	0.36220345403274457
GBA_PD	CKS1B	1	154974653	155204239	229586	True	4.187551	4.618219090392934	0.7699322381065952
GBA_PD	CLK2	1	155278491	155204239	74252	True	1.646325	4.096145242739701	0.9255921900459563
GBA_PD	DAP3	1	155687960	155204239	483721	True	1.583188	12.736274005080714	0.5152639627379734
GBA_PD	DCST1	1	155033824	155204239	170415	True	0.426287	13.644561890143926	0.8292274021801653
GBA_PD	DCST2	1	155033781	155204239	170458	True	0.426297	26.25628646256956	0.8291843119492217
GBA_PD	DPM3	1	155140595	155204239	63644	True	2.063448	4.875968800694639	0.9362224498099019
GBA_PD	EFNA1	1	155127876	155204239	76363	True	2.366431	11.930435495046142	0.9234767603361439
GBA_PD	EFNA3	1	155078837	155204239	125402	True	1.317794	5.695100359667135	0.8743348571909578
GBA_PD	EFNA4	1	155063737	155204239	140502	True	1.244531	5.331134387689192	0.8592031714409974
GBA_PD	FAM189B	1	155255483	155204239	51244	True	0.854655	13.799499704110666	0.9486484698959622
GBA_PD	FDPS	1	155308748	155204239	104509	True	1.517352	18.959745867878706	0.8952716989375753
GBA_PD	FLAD1	1	154983338	155204239	220901	True	2.110071	10.81495957074616	0.7786354626588076
GBA_PD	GBA	1	155244699	155204239	40460	True	1.323142	71.34474147823032	0.9594550989772583
GBA_PD	GON4L	1	155859400	155204239	655161	True	2.652152	7.322818426182934	0.34346421406425054
GBA_PD	HAX1	1	154272589	155204239	931650	True	0.913541	19.879923159735764	0.06639503119532297
GBA_PD	HCN3	1	155277463	155204239	73224	True	1.161114	69.41324283614888	0.9266223471950263
GBA_PD	IL6R	1	154405193	155204239	799046	True	2.986306	23.907409171935917	0.19927728663822042
GBA_PD	KCNN3	1	154870281	155204239	333958	True	0.636495	21.9582836886555	0.6653412245241536
GBA_PD	KHDC4	1	155934413	155204239	730174	True	0.0	5.114318831866194	0.26829380723234453
GBA_PD	KRTCAP2	1	155173475	155204239	30764	True	2.138555	4.985265306908514	0.9691714450058422
GBA_PD	LAMTOR2	1	156054782	155204239	850543	True	2.221355	6.02846022126219	0.1476722256404912
GBA_PD	LENEP	1	154993586	155204239	210653	True	4.657423	0.0	0.7889049670008998
GBA_PD	LMNA	1	156082573	155204239	878334	True	2.9055	15.024232375045043	0.11982290917180571
GBA_PD	MEX3A	1	156082465	155204239	878226	True	1.933238	21.415677823528423	0.11993113579836179
GBA_PD	MSTO1	1	155610205	155204239	405966	True	1.355393	17.968922937950556	0.593182123366329
GBA_PD	MTX1	1	155208695	155204239	4456	True	3.235708	6.150613758477054	0.9955346495561707
GBA_PD	MUC1	1	155192916	155204239	11323	True	3.458893	22.58935771402756	0.9886532398843177
GBA_PD	PBXIP1	1	154956123	155204239	248116	True	2.706311	14.140543456854076	0.7513633548650875
GBA_PD	PKLR	1	155301438	155204239	97199	True	1.145657	35.08516569613388	0.9025970381979866
GBA_PD	PMVK	1	154936719	155204239	267520	True	3.0844	12.991744846160731	0.7319186376271913
GBA_PD	PYGO2	1	154963853	155204239	240386	True	2.708867	9.510954638793448	0.7591095754509944
GBA_PD	RAB25	1	156061160	155204239	856921	True	1.057867	8.844621446275234	0.14128084208332248
GBA_PD	RIT1	1	155911404	155204239	707165	True	0.893725	43.67300500355616	0.2913510891807445
GBA_PD	RP11-201K10.3	1	155187272	155204239	16967	True	0.0	0.0	0.9829973965483723
GBA_PD	RP11-540D14.8	1	155063748	155204239	140491	True	0.0	0.0	0.8592141945233318
GBA_PD	RUSC1	1	155320894	155204239	116655	True	4.463629	8.447159073650226	0.8831002118436005
GBA_PD	RXFP4	1	155941638	155204239	737399	True	1.505315	0.0	0.2610536463354264
GBA_PD	SCAMP3	1	155262430	155204239	58191	True	0.968143	11.554019260130431	0.9416868923525863
GBA_PD	SEMA4A	1	156147366	155204239	943127	True	1.335117	102.87853864645402	0.05489394792695901
GBA_PD	SHC1	1	154974395	155204239	229844	True	4.187551	24.778119113781024	0.7696736967209337
GBA_PD	SHE	1	154502412	155204239	701827	True	0.392777	20.945697266629523	0.29670029040811463
GBA_PD	SLC25A44	1	156193932	155204239	989693	True	1.13794	24.417234602743665	0.00823023411022683
GBA_PD	SLC50A1	1	155135344	155204239	68895	True	2.063448	18.220421544601805	0.930960431142813
GBA_PD	SSR2	1	156020951	155204239	816712	True	0.556492	8.562614144033612	0.18157421640916083
GBA_PD	SYT11	1	155859567	155204239	655328	True	2.652152	11.3874110899171	0.3432968636324464
GBA_PD	TDRD10	1	154502219	155204239	702020	True	0.39284	53.76036773102645	0.29650688541806547
GBA_PD	THBS3	1	155209051	155204239	4812	True	3.235708	74.7444380617091	0.9951779025278934
GBA_PD	TRIM46	1	155173787	155204239	30452	True	2.138555	7.33059385179885	0.9694840997047818
GBA_PD	UBAP2L	1	154220179	155204239	984060	True	2.191825	6.434312711126041	0.013875054363837847
GBA_PD	UBE2Q1	1	154559028	155204239	645211	True	0.970757	7.27241645418199	0.3534350930849198
GBA_PD	UBQLN4	1	156053798	155204239	849559	True	2.221355	14.575482605053478	0.14865829046022372
GBA_PD	YY1AP1	1	155689000	155204239	484761	True	1.583188	41.05371775230101	0.5142217804081748
GBA_PD	ZBTB7B	1	155002630	155204239	201609	True	2.109741	19.076991331159714	0.7979679448765715
LRP5_BMD_OSTEO	ACY3	11	67650730	68069157	418427	True	1.825642	18.17978999925453	0.5806949752782327
LRP5_BMD_OSTEO	AIP	11	67468174	68069157	600983	True	1.830318	18.64439716409296	0.39775590085639334
LRP5_BMD_OSTEO	ALDH3B1	11	68008578	68069157	60579	True	1.870199	61.40941449464791	0.9392938813876257
LRP5_BMD_OSTEO	ALDH3B2	11	67681224	68069157	387933	True	0.750235	75.32643449171867	0.6112529637060004
LRP5_BMD_OSTEO	ANKRD13D	11	67289300	68069157	779857	True	2.839992	24.880635220742636	0.21850655272139863
LRP5_BMD_OSTEO	AP003419.11	11	67373584	68069157	695573	True	0.0	0.0	0.3029674137644227
LRP5_BMD_OSTEO	C11orf24	11	68272001	68069157	202844	True	1.633925	167.22566627950482	0.7967303533599357
LRP5_BMD_OSTEO	CABP2	11	67524517	68069157	544640	True	0.097667	0.0	0.4542171306716264
LRP5_BMD_OSTEO	CABP4	11	67452406	68069157	616751	True	0.787113	6.191705283181841	0.3819548133792161
LRP5_BMD_OSTEO	CARNS1	11	67414968	68069157	654189	True	1.986504	19.738164002860312	0.34443825370325465
LRP5_BMD_OSTEO	CDK2AP2	11	67508649	68069157	560508	True	1.699679	12.406739415291106	0.4383158333550454
LRP5_BMD_OSTEO	CHKA	11	68121444	68069157	52287	True	2.067752	15.115031405791571	0.9476032812709815
LRP5_BMD_OSTEO	CLCF1	11	67374177	68069157	694980	True	2.010161	13.62873628736319	0.3035616581120867
LRP5_BMD_OSTEO	CORO1B	11	67443821	68069157	625336	True	1.220663	21.78949153460606	0.37335179866640744
LRP5_BMD_OSTEO	CPT1A	11	68844410	68069157	775253	True	1.325136	12.534591865019786	0.22312021372754554
LRP5_BMD_OSTEO	GAL	11	68683779	68069157	614622	True	0.222703	39.57309366161474	0.38408828086012115
LRP5_BMD_OSTEO	GPR152	11	67452729	68069157	616428	True	0.86932	5.6955094722265125	0.38227849116049006
LRP5_BMD_OSTEO	GRK2	11	67266473	68069157	802684	True	1.546146	4.8871303471428575	0.19563165268071336
LRP5_BMD_OSTEO	GSTP1	11	67583742	68069157	485415	True	1.257426	30.32078385084576	0.5135664080584744
LRP5_BMD_OSTEO	IGHMBP2	11	68903863	68069157	834706	True	0.32999	189.9561584939313	0.16354245790685695
LRP5_BMD_OSTEO	KDM2A	11	67119263	68069157	949894	True	2.33592	7.430730286734852	0.04811274809450994
LRP5_BMD_OSTEO	KMT5B	11	68213828	68069157	144671	True	1.507962	5.547971163838707	0.8550254232362567
LRP5_BMD_OSTEO	LRP5	11	68312591	68069157	243434	True	1.145611	33.85452700188974	0.7560551795459692
LRP5_BMD_OSTEO	MRGPRD	11	68980986	68069157	911829	True	0.124092	35.06153581603329	0.0862576234635326
LRP5_BMD_OSTEO	MRGPRF	11	69013382	68069157	944225	True	1.707367	14.54224069148235	0.053793643890306275
LRP5_BMD_OSTEO	MRPL21	11	68903835	68069157	834678	True	0.32999	181.4609891758033	0.16357051666189004
LRP5_BMD_OSTEO	NDUFS8	11	68030617	68069157	38540	True	1.566907	40.50346056234655	0.9613791278938096
LRP5_BMD_OSTEO	NDUFV1	11	67605653	68069157	463504	True	0.637418	53.06160988203063	0.5355233859702216
LRP5_BMD_OSTEO	NUDT8	11	67629937	68069157	439220	True	2.586467	60.07992313317607	0.5598583433710189
LRP5_BMD_OSTEO	PITPNM1	11	67506263	68069157	562894	True	2.463606	5.299859846973533	0.4359248265868729
LRP5_BMD_OSTEO	POLD4	11	67356972	68069157	712185	True	2.625791	6.953173290812656	0.2863205552426782
LRP5_BMD_OSTEO	PPP1CA	11	67421183	68069157	647974	True	1.127948	5.475741523668035	0.3506662952221953
LRP5_BMD_OSTEO	PPP6R3	11	68460731	68069157	391574	True	2.014249	7.990850920482462	0.6076043234533113
LRP5_BMD_OSTEO	PTPRCAP	11	67437682	68069157	631475	True	1.219599	0.0	0.3671999166254136
LRP5_BMD_OSTEO	RAD9A	11	67317871	68069157	751286	True	0.944648	52.15217572037068	0.247137505937433
LRP5_BMD_OSTEO	RPS6KB2	11	67428460	68069157	640697	True	1.883728	60.824146220178	0.3579585652356033
LRP5_BMD_OSTEO	SSH3	11	67303478	68069157	765679	True	2.288419	35.62455587449488	0.23271430375205682
LRP5_BMD_OSTEO	TBC1D10C	11	67403915	68069157	665242	True	1.683727	6.691217960202186	0.3333620601539624
LRP5_BMD_OSTEO	TBX10	11	67639763	68069157	429394	True	0.891675	31.30090146351916	0.5697049621908277
LRP5_BMD_OSTEO	TCIRG1	11	68039025	68069157	30132	True	1.546952	44.91158392594568	0.9698047711908737
LRP5_BMD_OSTEO	TESMIN	11	68751520	68069157	682363	True	0.919443	38.76907872101	0.31620513354965296
LRP5_BMD_OSTEO	TMEM134	11	67469272	68069157	599885	True	1.219272	10.036561637041151	0.3988562048930461
LRP5_BMD_OSTEO	TPCN2	11	69048932	68069157	979775	True	0.926853	40.90731443706251	0.018169045982286858
LRP5_BMD_OSTEO	UNC93B1	11	68004982	68069157	64175	True	1.872198	36.6688461217204	0.9356903355626682
COL1A1_OI_BMD	ABCC3	17	50634777	50184238	450539	True	2.139082	45.064198601808144	0.5485155916489128
COL1A1_OI_BMD	ABI3	17	49210411	50184238	973827	True	1.474424	41.16983300046603	0.02412952723001971
COL1A1_OI_BMD	ACSF2	17	50426158	50184238	241920	True	0.761156	35.434421338470386	0.7575723565145415
COL1A1_OI_BMD	ANKRD40	17	50707914	50184238	523676	True	1.504692	54.85129865311715	0.47522512140422046
COL1A1_OI_BMD	ANKRD40CL	17	50767557	50184238	583319	True	0.0	8.187882465037113	0.41545696688866485
COL1A1_OI_BMD	CACNA1G	17	50560715	50184238	376477	True	0.731438	10.007785036853958	0.6227330029080895
COL1A1_OI_BMD	CHAD	17	50468906	50184238	284668	True	0.338857	23.9167733810135	0.714734654366243
COL1A1_OI_BMD	COL1A1	17	50201632	50184238	17394	True	1.893852	33.26797232774349	0.9825695005341184
COL1A1_OI_BMD	DLX3	17	49995224	50184238	189014	True	0.354349	10.689177161920416	0.810589374149469
COL1A1_OI_BMD	DLX4	17	49968970	50184238	215268	True	0.561341	9.7403296843678	0.7842802829124186
COL1A1_OI_BMD	EME1	17	50373220	50184238	188982	True	0.835703	15.362807573749464	0.8106214412980781
COL1A1_OI_BMD	EPN3	17	50532682	50184238	348444	True	1.208542	55.01516946146885	0.650824827188132
COL1A1_OI_BMD	FAM117A	17	49789180	50184238	395058	True	0.737308	7.245786255263334	0.6041130126484859
COL1A1_OI_BMD	GNGT2	17	49210574	50184238	973664	True	1.474424	30.454538247790367	0.024292869268247697
COL1A1_OI_BMD	ITGA3	17	50055968	50184238	128270	True	2.11136	13.43438237118916	0.8714608389968594
COL1A1_OI_BMD	KAT7	17	49788648	50184238	395590	True	1.864866	6.044626902504945	0.6035798963028582
COL1A1_OI_BMD	LRRC59	17	50397523	50184238	213285	True	1.016079	26.320890217918222	0.7862674440277941
COL1A1_OI_BMD	LUC7L3	17	50719565	50184238	535327	True	1.708752	4.952806935692764	0.46354967301529404
COL1A1_OI_BMD	MRPL27	17	50373207	50184238	188969	True	0.835703	23.280168402324957	0.8106344685772007
COL1A1_OI_BMD	MYCBPAP	17	50508384	50184238	324146	True	0.495669	69.2854171153216	0.6751738139664457
COL1A1_OI_BMD	NGFR	17	49495293	50184238	688945	True	0.28763	14.114025094220484	0.3096093219201007
COL1A1_OI_BMD	NME1	17	51153559	50184238	969321	True	1.59593	90.3656739027184	0.02864498259355086
COL1A1_OI_BMD	NME1-NME2	17	51153590	50184238	969352	True	1.59593	0.0	0.028613917543335754
COL1A1_OI_BMD	NME2	17	51165435	50184238	981197	True	1.174915	65.79934098374828	0.016744062065966125
COL1A1_OI_BMD	NXPH3	17	49575871	50184238	608367	True	0.559473	6.20977748588066	0.39035640631482327
COL1A1_OI_BMD	PDK2	17	50094737	50184238	89501	True	1.21158	67.8880187391707	0.9103111916352843
COL1A1_OI_BMD	PHB	17	49414901	50184238	769337	True	0.745607	5.500296425499216	0.22904862782666902
COL1A1_OI_BMD	PHOSPHO1	17	49230787	50184238	953451	True	0.620415	14.124172738005592	0.04454828410691991
COL1A1_OI_BMD	PPP1R9B	17	50150677	50184238	33561	True	2.135942	19.568100936013742	0.9663685757977204
COL1A1_OI_BMD	RSAD1	17	50478860	50184238	294622	True	1.016794	19.921818781734054	0.7047597669519975
COL1A1_OI_BMD	SAMD14	17	50130160	50184238	54078	True	1.174738	24.23859091971044	0.9458085230472609
COL1A1_OI_BMD	SGCA	17	50164214	50184238	20024	True	1.042053	122.3313960588421	0.9799339817578009
COL1A1_OI_BMD	SLC35B1	17	49709014	50184238	475224	True	1.08814	6.065176454594705	0.5237787927921067
COL1A1_OI_BMD	SPAG9	17	51120868	50184238	936630	True	2.108905	10.365223562693318	0.06140458119301817
COL1A1_OI_BMD	SPATA20	17	50543058	50184238	358820	True	1.029073	261.31223567394375	0.6404270542516028
COL1A1_OI_BMD	SPOP	17	49678163	50184238	506075	True	1.703061	7.145793584023622	0.4928630552376677
COL1A1_OI_BMD	TAC4	17	49848017	50184238	336221	True	0.408407	13.50320315015896	0.6630734758584476
COL1A1_OI_BMD	TMEM92	17	50271406	50184238	87168	True	0.918009	52.41693731873064	0.9126490871885728
COL1A1_OI_BMD	TOB1	17	50867978	50184238	683740	True	3.252837	36.40225765839546	0.3148252440610638
COL1A1_OI_BMD	WFIKKN2	17	50834650	50184238	650412	True	0.705979	13.480105095914892	0.3482231793375328
COL1A1_OI_BMD	XYLT2	17	50346126	50184238	161888	True	0.989001	26.865332117330368	0.8377722951861197
COL1A1_OI_BMD	ZNF652	17	49362473	50184238	821765	True	1.327915	18.9646783485458	0.17651061322409123
WNT16_BMD_FRACTURE	AASS	7	122144308	121415807	728501	True	0.911396	12.773675965832563	0.2699703178455686
WNT16_BMD_FRACTURE	CPED1	7	120988697	121415807	427110	True	2.155818	97.28358176929888	0.5719937549228084
WNT16_BMD_FRACTURE	FAM3C	7	121396364	121415807	19443	True	0.630189	53.12909477989764	0.9805162009247363
WNT16_BMD_FRACTURE	FEZF1	7	122310691	121415807	894884	True	0.96366	52.40852245280805	0.10323818075049151
WNT16_BMD_FRACTURE	ING3	7	120950763	121415807	465044	True	1.346599	8.102175047442266	0.5339801544434044
WNT16_BMD_FRACTURE	PTPRZ1	7	121873089	121415807	457282	True	0.837509	43.0509243606414	0.5417584421779206
WNT16_BMD_FRACTURE	TSPAN12	7	120858402	121415807	557405	True	0.726303	79.09510385173459	0.44142534467174266
WNT16_BMD_FRACTURE	WNT16	7	121325367	121415807	90440	True	0.412684	31.550708318146626	0.9093702212432835
CFH_AMD	ASPM	1	197146694	196690107	456587	True	0.942049	4.948423041527461	0.5424549005617764
CFH_AMD	CFH	1	196652043	196690107	38064	True	0.366588	22.759772848073425	0.9618561267293713
CFH_AMD	CFHR1	1	196819731	196690107	129624	True	0.0	54.29654267569872	0.8701039977713332
CFH_AMD	CFHR2	1	196943738	196690107	253631	True	0.0	0.0	0.7458367822219728
CFH_AMD	CFHR3	1	196774813	196690107	84706	True	0.082363	64.01491768455537	0.9151162534346923
CFH_AMD	CFHR4	1	196888014	196690107	197907	True	0.029253	15.947209900766568	0.8016777131312969
CFH_AMD	CFHR5	1	196977556	196690107	287449	True	0.049498	0.0	0.7119478187324257
CFH_AMD	CRB1	1	197268204	196690107	578097	True	0.136955	11.161047697911966	0.4206899247023267
CFH_AMD	F13B	1	197067260	196690107	377153	True	0.082256	12.148413302004712	0.6220555843937204
CFH_AMD	KCNT2	1	196609225	196690107	80882	True	1.756722	18.54470583959928	0.9189482776934902
CFH_AMD	ZBTB41	1	197201293	196690107	511186	True	0.761917	11.255279193289828	0.48774133034574396
MYOC_GLAUCOMA	C1orf105	1	172420685	171629364	791321	True	0.095684	38.32275358832375	0.2070184967321571
MYOC_GLAUCOMA	DNM3	1	171841498	171629364	212134	True	0.393159	29.93225608136	0.7874208592793309
MYOC_GLAUCOMA	EEF1AKNMT	1	171781660	171629364	152296	True	0.0	26.316162580675964	0.8473844229817238
MYOC_GLAUCOMA	FMO1	1	171248471	171629364	380893	True	0.640543	22.52515606581846	0.6183077364000216
MYOC_GLAUCOMA	FMO2	1	171185249	171629364	444115	True	0.476768	26.163522705384995	0.5549530717322073
MYOC_GLAUCOMA	FMO3	1	171090901	171629364	538463	True	0.074474	26.809581451618055	0.4604070924515936
MYOC_GLAUCOMA	FMO4	1	171314183	171629364	315181	True	0.554937	76.162720980533	0.6841576260689884
MYOC_GLAUCOMA	MROH9	1	170935526	171629364	693838	True	0.05652	15.0490653862997	0.3047060544780771
MYOC_GLAUCOMA	MYOC	1	171652688	171629364	23324	True	0.632695	21.28017999240791	0.9766270570574783
MYOC_GLAUCOMA	MYOCOS	1	171600621	171629364	28743	True	0.0	23.14631273696222	0.9711966858601913
MYOC_GLAUCOMA	PIGC	1	172444086	171629364	814722	True	0.637298	58.44676768921562	0.18356839221329468
MYOC_GLAUCOMA	PRRC2C	1	171485530	171629364	143834	True	1.629933	24.06237580409996	0.8558641795920658
MYOC_GLAUCOMA	PRRX1	1	170662728	171629364	966636	True	1.822909	13.945467377794838	0.03133561678154051
MYOC_GLAUCOMA	SUCO	1	172532349	171629364	902985	True	2.231924	29.34164512159581	0.09512018166039682
MYOC_GLAUCOMA	VAMP4	1	171742074	171629364	112710	True	1.822818	26.316694444286608	0.8870534900080769
ABCA4_STARGARDT	ABCA4	1	94121148	94458393	337245	True	1.226969	7.738197275938939	0.6620473271029537
ABCA4_STARGARDT	ABCD3	1	94418389	94458393	40004	True	1.113753	67.57926718019749	0.9599120558449393
ABCA4_STARGARDT	ALG14	1	95072951	94458393	614558	True	0.815064	16.64810517661498	0.38415241515733944
ABCA4_STARGARDT	ARHGAP29	1	94275068	94458393	183325	True	1.039251	21.614400875340888	0.8162903119131462
ABCA4_STARGARDT	BCAR3	1	93847150	94458393	611243	True	0.810706	19.76244369564767	0.38747437133357254
ABCA4_STARGARDT	CNN3	1	94927223	94458393	468830	True	1.725423	18.42244386500498	0.5301862099235799
ABCA4_STARGARDT	DNTTIP2	1	93879918	94458393	578475	True	1.225898	12.572351628813069	0.4203111315093806
ABCA4_STARGARDT	F3	1	94541759	94458393	83366	True	0.948464	15.547538860674878	0.9164590652827019
ABCA4_STARGARDT	GCLM	1	93909456	94458393	548937	True	0.571305	22.856669747844613	0.44991111387244886
ABCA4_STARGARDT	RWDD3	1	95234210	94458393	775817	True	0.654389	39.467765557185686	0.22255503023330858
ABCA4_STARGARDT	SLC44A3	1	94820342	94458393	361949	True	1.189615	61.46649358031859	0.6372914883766607
ABCA4_STARGARDT	TLCD4	1	95117355	94458393	658962	True	0.0	66.61958251738783	0.3396552380685155
ABCA4_STARGARDT	TLCD4-RWDD3	1	95117923	94458393	659530	True	0.0	0.0	0.33908604618070237
GJB2_DEAFNESS	CRYL1	13	20525873	20189539	336334	True	1.156155	38.4589239804658	0.6629602387399214
GJB2_DEAFNESS	EEF1AKMT1	13	20773961	20189539	584422	True	1.128285	8.961352025021672	0.4143516523600419
GJB2_DEAFNESS	GJA3	13	20161052	20189539	28487	True	0.475666	15.283631000758024	0.9714532230490648
GJB2_DEAFNESS	GJB2	13	20192938	20189539	3399	True	0.776966	25.489022251392125	0.9965938675586679
GJB2_DEAFNESS	GJB6	13	20232365	20189539	42826	True	0.21059	31.54747604390221	0.9570841341769666
GJB2_DEAFNESS	IFT88	13	20567138	20189539	377599	True	0.810708	55.104109154727176	0.6216086485099799
GJB2_DEAFNESS	IL17D	13	20702127	20189539	512588	True	0.590059	27.38726063426213	0.486336388397304
GJB2_DEAFNESS	LATS2	13	21061586	20189539	872047	True	1.206614	22.584811228588787	0.1261231017751171
GJB2_DEAFNESS	MPHOSPH8	13	19633659	20189539	555880	True	0.802835	28.337875188788534	0.44295354472264925
GJB2_DEAFNESS	MRPL57	13	21176658	20189539	987119	True	1.372274	8.291413402664658	0.010809635376478388
GJB2_DEAFNESS	PSPC1	13	19783019	20189539	406520	True	1.091774	10.475540263931704	0.5926269608560326
GJB2_DEAFNESS	SAP18	13	21140514	20189539	950975	True	1.013224	20.351027529092285	0.04702947973055582
GJB2_DEAFNESS	SKA3	13	21176552	20189539	987013	True	1.372274	9.189085650796963	0.010915857806246265
GJB2_DEAFNESS	TPTE2	13	19536762	20189539	652777	True	0.0	14.694384264392957	0.34585321663563506
GJB2_DEAFNESS	XPO4	13	20903048	20189539	713509	True	0.700088	13.496566156775666	0.284993776968973
GJB2_DEAFNESS	ZMYM2	13	19958677	20189539	230862	True	5.844367	4.90818537222341	0.7686535605558038
GJB2_DEAFNESS	ZMYM5	13	19863649	20189539	325890	True	2.1197	8.697941944184548	0.6734261543672451
SLC26A4_PENDRED	BCAP29	7	107580246	107301262	278984	True	0.774525	23.37239043329429	0.7204305816379499
SLC26A4_PENDRED	CBLL1	7	107743949	107301262	442687	True	1.608718	74.10529745429795	0.5563840682388923
SLC26A4_PENDRED	CCDC71L	7	106661158	107301262	640104	True	0.949195	12.403062199343122	0.3585528095832674
SLC26A4_PENDRED	COG5	7	107564261	107301262	262999	True	0.920174	71.25771173886204	0.7364491244666331
SLC26A4_PENDRED	DLD	7	107891162	107301262	589900	True	0.993184	16.46251084226447	0.40886215735750664
SLC26A4_PENDRED	DUS4L	7	107563484	107301262	262222	True	0.920174	6.202721376835867	0.7372277549188
SLC26A4_PENDRED	DUS4L-BCAP29	7	107563971	107301262	262709	True	0.0	0.0	0.7367397330009039
SLC26A4_PENDRED	GPR22	7	107470018	107301262	168756	True	0.245803	5.878430307976717	0.8308898834158729
SLC26A4_PENDRED	HBP1	7	107168961	107301262	132301	True	3.168854	14.33433553491204	0.8674213803704958
SLC26A4_PENDRED	LAMB1	7	108003213	107301262	701951	True	0.829583	52.72841858359224	0.296576030207254
SLC26A4_PENDRED	LAMB4	7	108130361	107301262	829099	True	0.259782	8.247743294502799	0.16916122360222308
SLC26A4_PENDRED	PIK3CG	7	106865278	107301262	435984	True	0.784322	6.830187483425075	0.563101133774123
SLC26A4_PENDRED	PRKAR2B	7	107044705	107301262	256557	True	0.474159	15.154645801800656	0.7429046423210202
SLC26A4_PENDRED	SLC26A3	7	107803225	107301262	501963	True	0.331317	47.68366474875809	0.4969836838339483
SLC26A4_PENDRED	SLC26A4	7	107660828	107301262	359566	True	0.251028	15.889939171555875	0.6396794888496511
PNPLA3_NAFLD	ARHGAP8	22	44752558	43928847	823711	True	0.585074	39.30425572480268	0.17456052974929503
PNPLA3_NAFLD	BIK	22	43110750	43928847	818097	True	1.09521	31.60714131535105	0.18018631013341935
PNPLA3_NAFLD	EFCAB6	22	43812337	43928847	116510	True	0.42312	19.718505297869413	0.8832455161107359
PNPLA3_NAFLD	MCAT	22	43143398	43928847	785449	True	0.682819	19.08154658958661	0.21290281850194304
PNPLA3_NAFLD	MPPED1	22	43411196	43928847	517651	True	0.313377	63.65533269474345	0.48126276422829406
PNPLA3_NAFLD	PACSIN2	22	43015149	43928847	913698	True	1.907881	29.70134119924256	0.08438470156507727
PNPLA3_NAFLD	PARVB	22	43999211	43928847	70364	True	1.259262	39.760970943976325	0.9294883486019725
PNPLA3_NAFLD	PARVG	22	44172956	43928847	244109	True	1.33746	32.90597982131388	0.7553787631299942
PNPLA3_NAFLD	PNPLA3	22	43923792	43928847	5055	True	0.520061	43.78432278884811	0.9949343926181424
PNPLA3_NAFLD	PNPLA5	22	43892013	43928847	36834	True	0.299671	13.37179811231626	0.963088707754037
PNPLA3_NAFLD	PRR5	22	44668547	43928847	739700	True	0.602426	7.442868306310622	0.25874781793074697
PNPLA3_NAFLD	PRR5-ARHGAP8	22	44702233	43928847	773386	True	1.051378	0.0	0.2249911314292128
PNPLA3_NAFLD	RTL6	22	44498233	43928847	569386	True	0.0	34.095123854953535	0.429419203812784
PNPLA3_NAFLD	SAMM50	22	43955442	43928847	26595	True	2.010371	67.22841766307708	0.973349193210583
PNPLA3_NAFLD	SCUBE1	22	43343372	43928847	585475	True	0.502665	32.16291621720044	0.4132964427511209
PNPLA3_NAFLD	SHISAL1	22	44312951	43928847	384104	True	0.0	16.66107559706616	0.6150899984567685
PNPLA3_NAFLD	SULT4A1	22	43862513	43928847	66334	True	0.341687	18.165938071247098	0.9335268051299421
PNPLA3_NAFLD	TSPO	22	43151547	43928847	777300	True	1.067999	85.21911624190756	0.22106891831495146
PNPLA3_NAFLD	TTLL1	22	43089419	43928847	839428	True	0.466223	18.563994872927807	0.15881054929021365
PNPLA3_NAFLD	TTLL12	22	43187134	43928847	741713	True	1.015863	77.42973617231878	0.25673059386355024
TM6SF2_NAFLD_CVD	AC002985.3	19	18934397	19268740	334343	True	0.0	0.0	0.6649554166424493
TM6SF2_NAFLD_CVD	ARMC6	19	19033575	19268740	235165	True	1.458467	17.477891072121807	0.7643415311662621
TM6SF2_NAFLD_CVD	ATP13A1	19	19663676	19268740	394936	True	1.373675	17.782750374798354	0.6042352686525585
TM6SF2_NAFLD_CVD	BORCS8	19	19192591	19268740	76149	True	1.349271	28.722184573429136	0.9236912093924678
TM6SF2_NAFLD_CVD	BORCS8-MEF2B	19	19192158	19268740	76582	True	1.349271	0.0	0.9232573007878497
TM6SF2_NAFLD_CVD	CERS1	19	18896727	19268740	372013	True	0.610651	13.969865987712623	0.6272063701390712
TM6SF2_NAFLD_CVD	CILP2	19	19538248	19268740	269508	True	0.275461	26.0529595759806	0.7299264660198456
TM6SF2_NAFLD_CVD	COMP	19	18791305	19268740	477435	True	0.167501	15.125600526309931	0.5215631532428906
TM6SF2_NAFLD_CVD	COPE	19	18919387	19268740	349353	True	1.838695	15.1637214686136	0.6499139197479522
TM6SF2_NAFLD_CVD	CRLF1	19	18607741	19268740	660999	True	1.228243	17.116108705078183	0.33761396363986185
TM6SF2_NAFLD_CVD	CRTC1	19	18683678	19268740	585062	True	0.477324	17.268932055767067	0.41371030938785813
TM6SF2_NAFLD_CVD	CTC-260F20.3	19	19516227	19268740	247487	True	0.0	0.0	0.7519936747549368
TM6SF2_NAFLD_CVD	DDX49	19	18919705	19268740	349035	True	1.838695	8.950150383239563	0.6502325870372561
TM6SF2_NAFLD_CVD	ELL	19	18522116	19268740	746624	True	1.915472	32.81867959475929	0.25180928865043406
TM6SF2_NAFLD_CVD	FKBP8	19	18544077	19268740	724663	True	1.055972	9.784333361218692	0.2738163714818831
TM6SF2_NAFLD_CVD	GATAD2A	19	19385826	19268740	117086	True	1.682636	29.704683653785757	0.8826683074357705
TM6SF2_NAFLD_CVD	GDF1	19	18896158	19268740	372582	True	0.610651	0.0	0.626636176152864
TM6SF2_NAFLD_CVD	GDF15	19	18374731	19268740	894009	True	1.3081	17.722214353596012	0.10411501684527402
TM6SF2_NAFLD_CVD	GMIP	19	19643657	19268740	374917	True	1.480307	15.721511628230116	0.6242962764027875
TM6SF2_NAFLD_CVD	HAPLN4	19	19262804	19268740	5936	True	1.055807	24.4554235084319	0.9940515439329957
TM6SF2_NAFLD_CVD	HOMER3	19	18941261	19268740	327479	True	0.975155	202.5836940781829	0.6718338200191201
TM6SF2_NAFLD_CVD	IQCN	19	18274509	19268740	994231	True	0.0	53.85385335209994	0.003682711598086419
TM6SF2_NAFLD_CVD	ISYNA1	19	18438167	19268740	830573	True	1.880329	10.693253391922289	0.16768413056941234
TM6SF2_NAFLD_CVD	JUND	19	18281622	19268740	987118	True	4.426247	5.374222629482053	0.010810637474872431
TM6SF2_NAFLD_CVD	KLHL26	19	18637025	19268740	631715	True	0.904064	11.199687168588463	0.36695941301084467
TM6SF2_NAFLD_CVD	KXD1	19	18557762	19268740	710978	True	1.144472	19.61593704907426	0.2875300880042809
TM6SF2_NAFLD_CVD	LPAR2	19	19628930	19268740	360190	True	0.999335	43.27645895521079	0.639054179451772
TM6SF2_NAFLD_CVD	LRRC25	19	18397622	19268740	871118	True	0.668811	39.51893306251049	0.12705405118317759
TM6SF2_NAFLD_CVD	LSM4	19	18323112	19268740	945628	True	1.457821	32.04145761703705	0.052387699843472246
TM6SF2_NAFLD_CVD	MAU2	19	19320829	19268740	52089	True	1.306615	29.30065405939957	0.9478016967530007
TM6SF2_NAFLD_CVD	MEF2B	19	19192131	19268740	76609	True	0.840365	20.715185902618767	0.9232302441312108
TM6SF2_NAFLD_CVD	NCAN	19	19211958	19268740	56782	True	0.580166	13.16240019955749	0.9430988489897846
TM6SF2_NAFLD_CVD	NDUFA13	19	19515736	19268740	246996	True	0.626623	81.36317122101066	0.7524857050664091
TM6SF2_NAFLD_CVD	NR2C2AP	19	19203414	19268740	65326	True	0.684157	5.612827375207135	0.9345369203111316
TM6SF2_NAFLD_CVD	PBX4	19	19618693	19268740	349953	True	0.621602	10.570984546494593	0.6493126607115299
TM6SF2_NAFLD_CVD	PGPEP1	19	18340598	19268740	928142	True	0.640971	81.01616721278415	0.06991039236160523
TM6SF2_NAFLD_CVD	REX1BD	19	18588685	19268740	680055	True	0.0	45.06485261208043	0.3185179766430907
TM6SF2_NAFLD_CVD	RFXANK	19	19192229	19268740	76511	True	1.349271	17.05873709068105	0.9233284497738263
TM6SF2_NAFLD_CVD	SLC25A42	19	19063994	19268740	204746	True	1.060383	17.97757987760096	0.794824362214477
TM6SF2_NAFLD_CVD	SSBP4	19	18418864	19268740	849876	True	3.059186	39.201457769092976	0.1483406252693139
TM6SF2_NAFLD_CVD	SUGP1	19	19320509	19268740	51769	True	1.306615	28.896295459974382	0.9481223682390927
TM6SF2_NAFLD_CVD	SUGP2	19	19034023	19268740	234717	True	1.458467	9.33119210940723	0.7647904712467908
TM6SF2_NAFLD_CVD	TM6SF2	19	19273391	19268740	4651	True	0.430911	27.551805552710825	0.9953392403693334
TM6SF2_NAFLD_CVD	TMEM161A	19	19138513	19268740	130227	True	0.669012	218.1773971897486	0.8694997324397288
TM6SF2_NAFLD_CVD	TMEM59L	19	18607430	19268740	661310	True	1.228243	16.346688092417878	0.3373023110393163
TM6SF2_NAFLD_CVD	TSSK6	19	19515548	19268740	246808	True	0.626623	16.604460444254865	0.752674099564488
TM6SF2_NAFLD_CVD	UBA52	19	18571730	19268740	697010	True	0.888038	37.80593544818368	0.30152739837219134
TM6SF2_NAFLD_CVD	UPF1	19	18831959	19268740	436781	True	0.686509	7.023527133504643	0.5623024613540755
TM6SF2_NAFLD_CVD	YJEFN3	19	19528861	19268740	260121	True	0.25074	30.46311091252942	0.7393331636446719
TM6SF2_NAFLD_CVD	ZNF101	19	19668796	19268740	400056	True	1.3342	20.97233650873184	0.5991045248750884
TM6SF2_NAFLD_CVD	ZNF14	19	19733112	19268740	464372	True	0.471165	27.754383706093925	0.5346535645641974
TM6SF2_NAFLD_CVD	ZNF253	19	19865882	19268740	597142	True	1.087104	28.41222282975776	0.4016049607878899
TM6SF2_NAFLD_CVD	ZNF486	19	20167214	19268740	898474	True	0.881951	18.61663172078753	0.0996406475158983
TM6SF2_NAFLD_CVD	ZNF506	19	19821751	19268740	553011	True	0.867968	51.82130788220557	0.4458285650151417
TM6SF2_NAFLD_CVD	ZNF682	19	20039505	19268740	770765	True	0.737635	51.290251052513504	0.22761763131998403
TM6SF2_NAFLD_CVD	ZNF90	19	20077994	19268740	809254	True	0.552347	29.86885951518349	0.18904786623188963
TM6SF2_NAFLD_CVD	ZNF93	19	19900913	19268740	632173	True	1.913127	71.68386603817135	0.3665004519463757
HFE_HEMOCHROMATOSIS	ABT1	6	26596953	26090951	506002	True	0.907192	21.79766428497312	0.4929362084204324
HFE_HEMOCHROMATOSIS	BTN1A1	6	26500303	26090951	409352	True	0.374383	15.26302615046213	0.5897890182041194
HFE_HEMOCHROMATOSIS	BTN2A1	6	26457904	26090951	366953	True	0.697158	61.379912897043134	0.632276988012899
HFE_HEMOCHROMATOSIS	BTN2A2	6	26383096	26090951	292145	True	0.425488	64.35622271103098	0.7072419646740273
HFE_HEMOCHROMATOSIS	BTN3A1	6	26402237	26090951	311286	True	0.570672	37.35014644004909	0.6880607993137631
HFE_HEMOCHROMATOSIS	BTN3A2	6	26365159	26090951	274208	True	1.088991	140.048347804603	0.7252166035678711
HFE_HEMOCHROMATOSIS	BTN3A3	6	26440472	26090951	349521	True	0.768047	26.663458218262857	0.6497455672177539
HFE_HEMOCHROMATOSIS	CARMIL1	6	25279078	26090951	811873	True	0.963041	38.38213193734787	0.18642337053790636
HFE_HEMOCHROMATOSIS	H1-1	6	26017787	26090951	73164	True	0.0	0.0	0.9266824730986686
HFE_HEMOCHROMATOSIS	H1-2	6	26056470	26090951	34481	True	0.0	13.74522963648016	0.9654466452752063
HFE_HEMOCHROMATOSIS	H1-3	6	26234987	26090951	144036	True	0.0	5.199705739983571	0.8556617557164703
HFE_HEMOCHROMATOSIS	H1-4	6	26156329	26090951	65378	True	0.0	6.153647421817882	0.9344848111946416
HFE_HEMOCHROMATOSIS	H1-6	6	26108135	26090951	17184	True	0.0	5.857144574442886	0.9827799411968663
HFE_HEMOCHROMATOSIS	H2AC1	6	25726562	26090951	364389	True	0.0	0.0	0.6348463682952101
HFE_HEMOCHROMATOSIS	H2AC4	6	26033618	26090951	57333	True	0.0	4.291568901288787	0.9425466927746702
HFE_HEMOCHROMATOSIS	H2AC6	6	26124145	26090951	33194	True	0.0	5.081915642019948	0.966736345908332
HFE_HEMOCHROMATOSIS	H2AC7	6	26199293	26090951	108342	True	0.0	5.174810244284806	0.891430655793231
HFE_HEMOCHROMATOSIS	H2AC8	6	26216975	26090951	126024	True	0.0	13.547753425479565	0.8737115519898668
HFE_HEMOCHROMATOSIS	H2BC1	6	25726777	26090951	364174	True	0.0	23.69208912023341	0.6350618194499281
HFE_HEMOCHROMATOSIS	H2BC10	6	26272931	26090951	181980	True	0.0	0.0	0.817638134253126
HFE_HEMOCHROMATOSIS	H2BC3	6	26043713	26090951	47238	True	0.0	6.468942808766711	0.9526628760624748
HFE_HEMOCHROMATOSIS	H2BC4	6	26123926	26090951	32975	True	0.0	6.773232595101642	0.9669558054566262
HFE_HEMOCHROMATOSIS	H2BC5	6	26158146	26090951	67195	True	0.0	27.078667345550148	0.9326639984126761
HFE_HEMOCHROMATOSIS	H2BC6	6	26172059	26090951	81108	True	0.0	4.435883363905437	0.9187218034564377
HFE_HEMOCHROMATOSIS	H2BC7	6	26199520	26090951	108569	True	0.0	5.889932430155703	0.8912031794577846
HFE_HEMOCHROMATOSIS	H2BC8	6	26216692	26090951	125741	True	0.0	5.1292409613217576	0.8739951458353793
HFE_HEMOCHROMATOSIS	H2BC9	6	26251651	26090951	160700	True	0.0	5.055701448511967	0.8389627880782358
HFE_HEMOCHROMATOSIS	H3C1	6	26020451	26090951	70500	True	0.0	0.0	0.9293520632203834
HFE_HEMOCHROMATOSIS	H3C2	6	26032099	26090951	58852	True	0.0	0.0	0.9410245053141277
HFE_HEMOCHROMATOSIS	H3C3	6	26045384	26090951	45567	True	0.0	0.0	0.9543373824789109
HFE_HEMOCHROMATOSIS	H3C4	6	26197286	26090951	106335	True	0.0	6.548809401499712	0.8934418672700635
HFE_HEMOCHROMATOSIS	H3C6	6	26224199	26090951	133248	True	0.0	60.64327638871053	0.8664723931913427
HFE_HEMOCHROMATOSIS	H3C7	6	26250635	26090951	159684	True	0.0	0.0	0.8399809200465775
HFE_HEMOCHROMATOSIS	H3C8	6	26271815	26090951	180864	True	0.0	5.397232684978865	0.8187564760608714
HFE_HEMOCHROMATOSIS	H4C1	6	26021649	26090951	69302	True	0.0	0.0	0.9305525770964399
HFE_HEMOCHROMATOSIS	H4C2	6	26027283	26090951	63668	True	0.0	5.948145453297416	0.9361983994484451
HFE_HEMOCHROMATOSIS	H4C3	6	26103933	26090951	12982	True	0.0	4.876612289569477	0.9869907586486102
HFE_HEMOCHROMATOSIS	H4C4	6	26189112	26090951	98161	True	0.0	0.0	0.9016330195429229
HFE_HEMOCHROMATOSIS	H4C5	6	26204552	26090951	113601	True	0.0	6.176094950574466	0.8861606203389898
HFE_HEMOCHROMATOSIS	H4C6	6	26240393	26090951	149442	True	0.0	0.0	0.8502444117983057
HFE_HEMOCHROMATOSIS	H4C7	6	26246996	26090951	156045	True	0.0	0.0	0.8436275561024786
HFE_HEMOCHROMATOSIS	H4C8	6	26285638	26090951	194687	True	0.0	14.68659261617494	0.8049044699600965
HFE_HEMOCHROMATOSIS	HFE	6	26087281	26090951	3670	True	0.742357	19.64467493602285	0.9963222988938838
HFE_HEMOCHROMATOSIS	HMGN4	6	26538366	26090951	447415	True	2.136557	42.941240031288245	0.5516461470318847
HFE_HEMOCHROMATOSIS	RP1-34B20.21	6	26199293	26090951	108342	True	0.0	0.0	0.891430655793231
HFE_HEMOCHROMATOSIS	SCGN	6	25652201	26090951	438750	True	0.177101	45.597802261399856	0.5603293296162164
HFE_HEMOCHROMATOSIS	SLC17A1	6	25832052	26090951	258899	True	0.091871	23.75069889212683	0.7405577278821853
HFE_HEMOCHROMATOSIS	SLC17A2	6	25930691	26090951	160260	True	0.142686	11.018509841814888	0.8394037113716122
HFE_HEMOCHROMATOSIS	SLC17A3	6	25882286	26090951	208665	True	0.23827	22.447587326397034	0.7908971386082457
HFE_HEMOCHROMATOSIS	SLC17A4	6	25754699	26090951	336252	True	0.220227	16.21058076823656	0.6630424108082325
HFE_HEMOCHROMATOSIS	TRIM38	6	25962802	26090951	128149	True	0.873772	57.36198823017797	0.871582092902538
HFE_HEMOCHROMATOSIS	ZNF322	6	26659752	26090951	568801	True	0.526827	73.12459838313562	0.4300054313732957
PKD1_POLYCYSTIC	ABCA3	16	2340746	2088708	252038	True	0.587846	11.626034822768636	0.7474331249636739
PKD1_POLYCYSTIC	AMDHD2	16	2520357	2088708	431649	True	1.226456	16.6136901319359	0.5674452303122739
PKD1_POLYCYSTIC	ATP6V0C	16	2513952	2088708	425244	True	2.123768	28.63920784847637	0.5738636705260816
PKD1_POLYCYSTIC	BAIAP3	16	1333638	2088708	755070	True	0.701674	39.21660601558202	0.24334556561439658
PKD1_POLYCYSTIC	BICDL2	16	3036944	2088708	948236	True	0.760338	92.3745825900704	0.049774227231823454
PKD1_POLYCYSTIC	BRICD5	16	2210905	2088708	122197	True	1.673407	36.14493536502455	0.8775465825438469
PKD1_POLYCYSTIC	C16orf91	16	1420756	2088708	667952	True	1.353423	5.92843831096068	0.3306463735061218
PKD1_POLYCYSTIC	C1QTNF8	16	1096244	2088708	992464	True	0.628901	56.18133211662705	0.00545341946034994
PKD1_POLYCYSTIC	CACNA1H	16	1153106	2088708	935602	True	0.526721	54.73919665551941	0.06243473834208835
PKD1_POLYCYSTIC	CASKIN1	16	2196605	2088708	107897	True	0.246357	12.377118981976636	0.8918765895785775
PKD1_POLYCYSTIC	CCDC154	16	1444556	2088708	644152	True	0.6888	64.72415215672495	0.3544963152842051
PKD1_POLYCYSTIC	CCNF	16	2429394	2088708	340686	True	1.006908	12.59220643375172	0.6585991065290719
PKD1_POLYCYSTIC	CEMP1	16	2531417	2088708	442709	True	1.773245	0.0	0.5563620220742234
PKD1_POLYCYSTIC	CLCN7	16	1475084	2088708	613624	True	1.245116	74.18488069415737	0.38508837505737015
PKD1_POLYCYSTIC	CLDN6	16	3020071	2088708	931363	True	2.649843	5.6015860005056375	0.06668263343441161
PKD1_POLYCYSTIC	CLDN9	16	3012923	2088708	924215	True	3.688895	23.67762976246567	0.0738456327549889
PKD1_POLYCYSTIC	CRAMP1	16	1612337	2088708	476371	True	1.329934	10.887985181927792	0.5226293859341461
PKD1_POLYCYSTIC	DNASE1L2	16	2235816	2088708	147108	True	0.54289	6.707639799083817	0.8525833094499883
PKD1_POLYCYSTIC	E4F1	16	2223580	2088708	134872	True	1.222948	5.464764127437957	0.8648449853994264
PKD1_POLYCYSTIC	ECI1	16	2252300	2088708	163592	True	1.411302	48.68654618855781	0.8360647195226805
PKD1_POLYCYSTIC	ELOB	16	2777280	2088708	688572	True	1.646572	6.618186637031988	0.3099831046210766
PKD1_POLYCYSTIC	EME2	16	1772810	2088708	315898	True	1.569333	99.23888666350776	0.6834391215204638
PKD1_POLYCYSTIC	FAHD1	16	1826941	2088708	261767	True	1.050118	137.22652732546428	0.7376837096880868
PKD1_POLYCYSTIC	FLYWCH1	16	2911931	2088708	823223	True	2.021788	178.76198151184914	0.17504955376558518
PKD1_POLYCYSTIC	FLYWCH2	16	2883213	2088708	794505	True	1.872572	46.23158687272426	0.20382781544554296
PKD1_POLYCYSTIC	GFER	16	1984193	2088708	104515	True	1.481362	35.83759990376118	0.895265686347211
PKD1_POLYCYSTIC	GNPTG	16	1351931	2088708	736777	True	0.807551	24.23312261708344	0.2616769515365175
PKD1_POLYCYSTIC	HAGH	16	1827157	2088708	261551	True	1.050118	78.378196626046	0.7379001629411989
PKD1_POLYCYSTIC	HCFC1R1	16	3024286	2088708	935578	True	4.7431	15.233003033101369	0.062458788703545265
PKD1_POLYCYSTIC	HS3ST6	16	1918415	2088708	170293	True	0.366919	22.32249342104795	0.8293496581842378
PKD1_POLYCYSTIC	IFT140	16	1612072	2088708	476636	True	1.329934	28.691269156565355	0.5223638298597263
PKD1_POLYCYSTIC	IGFALS	16	1794971	2088708	293737	True	0.83845	62.90176827068505	0.7056466240307203
PKD1_POLYCYSTIC	IL32	16	3065297	2088708	976589	True	1.024551	53.53756905687274	0.021361731465689204
PKD1_POLYCYSTIC	JPT2	16	1678256	2088708	410452	True	0.0	118.06171750041338	0.5886867099706786
PKD1_POLYCYSTIC	KCTD5	16	2682523	2088708	593815	True	0.739482	55.86448254016288	0.40493894214485127
PKD1_POLYCYSTIC	KREMEN2	16	2964216	2088708	875508	True	1.138609	5.7795074960657296	0.12265483923335463
PKD1_POLYCYSTIC	LA16c-431H6.6	16	1632259	2088708	456449	True	0.0	0.0	0.5425931901401535
PKD1_POLYCYSTIC	LINC00514	16	2988256	2088708	899548	True	0.788908	0.0	0.09856439384070248
PKD1_POLYCYSTIC	MAPK8IP3	16	1706183	2088708	382525	True	1.354092	18.278435857085714	0.6166723118209531
PKD1_POLYCYSTIC	MEIOB	16	1884294	2088708	204414	True	0.925606	29.381051806441945	0.7951570588812974
PKD1_POLYCYSTIC	MLST8	16	2204248	2088708	115540	True	1.678705	81.98810406326557	0.8842175515529519
PKD1_POLYCYSTIC	MMP25	16	3046062	2088708	957354	True	1.033837	130.43000377456852	0.04063709407499305
PKD1_POLYCYSTIC	MRPS34	16	1773150	2088708	315558	True	1.569333	40.06294975280798	0.6837798349744364
PKD1_POLYCYSTIC	MSRB1	16	1943293	2088708	145415	True	1.967595	12.283497504668258	0.8542798620310931
PKD1_POLYCYSTIC	NDUFB10	16	1959538	2088708	129170	True	1.544023	20.32769520847019	0.870558950442226
PKD1_POLYCYSTIC	NME3	16	1771561	2088708	317147	True	1.569333	8.246384772336892	0.6821875006263115
PKD1_POLYCYSTIC	NOXO1	16	1984192	2088708	104516	True	1.320609	0.0	0.895264684248817
PKD1_POLYCYSTIC	NPW	16	2009926	2088708	78782	True	0.741643	37.71937610848709	0.9210526843209681
PKD1_POLYCYSTIC	NTHL1	16	2047866	2088708	40842	True	1.312688	7.094412415128105	0.9590722973907362
PKD1_POLYCYSTIC	NTN3	16	2471297	2088708	382589	True	1.182783	4.513915394084176	0.6166081775237346
PKD1_POLYCYSTIC	NUBP2	16	1782932	2088708	305776	True	1.481925	12.552615574125664	0.6935823614649075
PKD1_POLYCYSTIC	PAQR4	16	2969270	2088708	880562	True	0.793079	28.651854862048907	0.1175902339498911
PKD1_POLYCYSTIC	PDPK1	16	2537979	2088708	449271	True	1.77413	9.169197764835433	0.5497862524125519
PKD1_POLYCYSTIC	PERCC1	16	1431078	2088708	657630	True	0.0	18.838000483785	0.3409900331293729
PKD1_POLYCYSTIC	PGP	16	2214840	2088708	126132	True	1.673407	39.62602380826635	0.8736033253633108
PKD1_POLYCYSTIC	PKD1	16	2135898	2088708	47190	True	0.952703	15.428599824865731	0.9527109767853886
PKD1_POLYCYSTIC	PKMYT1	16	2980479	2088708	891771	True	1.100752	15.788126906683518	0.10635771305112907
PKD1_POLYCYSTIC	PRSS21	16	2817180	2088708	728472	True	0.175547	8.486546665997304	0.2699993786989957
PKD1_POLYCYSTIC	PRSS22	16	2858170	2088708	769462	True	1.747308	57.50537239403793	0.22892336552741444
PKD1_POLYCYSTIC	PRSS27	16	2720551	2088708	631843	True	0.627582	21.03987565455866	0.36683114441640796
PKD1_POLYCYSTIC	PRSS33	16	2787948	2088708	699240	True	0.386072	17.242637379759774	0.29929271895348863
PKD1_POLYCYSTIC	PRSS41	16	2798470	2088708	709762	True	0.610046	67.7708200487445	0.28874863965143005
PKD1_POLYCYSTIC	PTX4	16	1488981	2088708	599727	True	0.662112	5.751009664426323	0.39901453643930396
PKD1_POLYCYSTIC	RAB26	16	2140803	2088708	52095	True	2.324635	7.148348517508495	0.9477956841626366
PKD1_POLYCYSTIC	RNF151	16	1966823	2088708	121885	True	1.372957	11.668303504103108	0.8778592372427864
PKD1_POLYCYSTIC	RNPS1	16	2268397	2088708	179689	True	2.144908	30.118476687889903	0.8199339416738651
PKD1_POLYCYSTIC	RP11-20I23.1	16	2496032	2088708	407324	True	0.0	0.0	0.5918212737472267
PKD1_POLYCYSTIC	RP11-20I23.3	16	2513965	2088708	425257	True	0.0	0.0	0.5738506432469591
PKD1_POLYCYSTIC	RPL3L	16	1957606	2088708	131102	True	1.333953	64.31581016376624	0.8686228963449463
PKD1_POLYCYSTIC	RPS2	16	1964841	2088708	123867	True	1.860356	32.12336942931936	0.8758730782258048
PKD1_POLYCYSTIC	SLC9A3R2	16	2025356	2088708	63352	True	1.463252	9.823061246506697	0.9365150625409607
PKD1_POLYCYSTIC	SPSB3	16	1793700	2088708	295008	True	1.481925	5.256717633060936	0.7043729569718992
PKD1_POLYCYSTIC	SRRM2	16	2752626	2088708	663918	True	3.56052	6.927301697824074	0.3346888384276675
PKD1_POLYCYSTIC	SYNGR3	16	1989660	2088708	99048	True	1.321877	53.30296342909443	0.9007441582674119
PKD1_POLYCYSTIC	TBC1D24	16	2475051	2088708	386343	True	1.174457	63.5512550435145	0.6128463001525194
PKD1_POLYCYSTIC	TBL3	16	1972053	2088708	116655	True	1.473139	17.140181660513722	0.8831002118436005
PKD1_POLYCYSTIC	TEDC2	16	2460086	2088708	371378	True	0.0	5.808015527933611	0.6278427026192848
PKD1_POLYCYSTIC	TELO2	16	1493344	2088708	595364	True	0.874632	67.54749442835863	0.40338669173248787
PKD1_POLYCYSTIC	THOC6	16	3024027	2088708	935319	True	4.7431	5.145504489215225	0.06271833218760081
PKD1_POLYCYSTIC	TMEM204	16	1528688	2088708	560020	True	0.876428	86.12653465747941	0.43880485737133557
PKD1_POLYCYSTIC	TNFRSF12A	16	3018445	2088708	929737	True	4.7431	7.579681115211411	0.06831204542311597
PKD1_POLYCYSTIC	TPSAB1	16	1240379	2088708	848329	True	1.738953	19.889784145820773	0.14989087148488933
PKD1_POLYCYSTIC	TPSB2	16	1230184	2088708	858524	True	0.0	53.30206920182235	0.139674478357681
PKD1_POLYCYSTIC	TPSD1	16	1256059	2088708	832649	True	0.218715	130.88860641103943	0.16560377430339135
PKD1_POLYCYSTIC	TPSG1	16	1225257	2088708	863451	True	0.271959	23.76128414405243	0.13473713957026012
PKD1_POLYCYSTIC	TRAF7	16	2155698	2088708	66990	True	2.337198	9.863802803473252	0.9328694285834538
PKD1_POLYCYSTIC	TSC2	16	2047967	2088708	40741	True	1.31272	25.22336490933128	0.959173509328534
PKD1_POLYCYSTIC	TSR3	16	1351878	2088708	736830	True	0.807567	24.66506195892292	0.26162384032163355
PKD1_POLYCYSTIC	UBE2I	16	1308880	2088708	779828	True	1.26698	46.863231884955816	0.21853561357482565
PKD1_POLYCYSTIC	UNKL	16	1414751	2088708	673957	True	0.819056	15.885983157922109	0.32462877264992895
PKD1_POLYCYSTIC	ZG16B	16	2830169	2088708	741461	True	1.565896	77.68369619407976	0.2569831226588476
PKD1_POLYCYSTIC	ZNF598	16	2009821	2088708	78887	True	1.01149	12.074679655952025	0.9209474639895943
DMD_MUSCULAR_DYSTROPHY	DMD	X	33339609	32386297	953312	True	0.0	5.719392040345045	0.04468757578369109
MYBPC3_HCM	ACP2	11	47248906	47352926	104020	True	1.455227	38.06596538046694	0.8957617250522594
MYBPC3_HCM	AGBL2	11	47715389	47352926	362463	True	0.719344	10.100404360602376	0.6367764098021256
MYBPC3_HCM	AMBRA1	11	46594125	47352926	758801	True	0.933017	5.683543181598758	0.2396067365062441
MYBPC3_HCM	ARFGAP2	11	47177125	47352926	175801	True	1.651245	14.644834016497272	0.8238301002298813
MYBPC3_HCM	ARHGAP1	11	46700619	47352926	652307	True	1.942822	31.70187208026114	0.34632420288083243
MYBPC3_HCM	ATG13	11	46617527	47352926	735399	True	1.545913	17.719608316226342	0.26305784312350056
MYBPC3_HCM	C11orf49	11	46936689	47352926	416237	True	0.279314	63.77463126536109	0.5828895707611739
MYBPC3_HCM	C1QTNF4	11	47594411	47352926	241485	True	0.69393	82.80958145161806	0.7580082693159476
MYBPC3_HCM	CELF1	11	47565569	47352926	212643	True	0.664925	11.57324644714192	0.786910791196766
MYBPC3_HCM	CHRM4	11	46391776	47352926	961150	True	1.329673	7.313221669977608	0.03683312857122811
MYBPC3_HCM	CKAP5	11	46846308	47352926	506618	True	1.188926	6.111783426893823	0.49231891580970555
MYBPC3_HCM	DDB2	11	47214465	47352926	138461	True	2.099198	21.735959409476475	0.8612484542632272
MYBPC3_HCM	F2	11	46719196	47352926	633730	True	0.666053	14.48687433088599	0.36494018474685996
MYBPC3_HCM	FAM180B	11	47586678	47352926	233752	True	1.200631	8.81100967935622	0.7657574961970366
MYBPC3_HCM	FNBP4	11	47767443	47352926	414517	True	3.561059	25.427275897173697	0.5846131799989177
MYBPC3_HCM	HARBI1	11	46617909	47352926	735017	True	1.545913	5.541625073118301	0.2634406447100228
MYBPC3_HCM	KBTBD4	11	47578976	47352926	226050	True	1.19799	4.051043528210628	0.7734756580279104
MYBPC3_HCM	LRP4	11	46918642	47352926	434284	True	0.498218	63.34373213990872	0.5648047010439861
MYBPC3_HCM	MADD	11	47269161	47352926	83765	True	2.888067	29.12862732971679	0.9160592280234812
MYBPC3_HCM	MDK	11	46380756	47352926	972170	True	1.745453	11.67703477333372	0.025790004268939182
MYBPC3_HCM	MTCH2	11	47642607	47352926	289681	True	1.447962	33.09310224878869	0.7097111351169348
MYBPC3_HCM	MYBPC3	11	47352702	47352926	224	True	0.794914	27.628186161869948	0.9997755299597357
MYBPC3_HCM	NDUFS3	11	47565336	47352926	212410	True	1.19799	12.383573852497848	0.7871442801225766
MYBPC3_HCM	NR1H3	11	47248300	47352926	104626	True	1.459374	14.401249970931293	0.895154453425473
MYBPC3_HCM	NUP160	11	47848555	47352926	495629	True	1.585783	8.431198893842858	0.5033309750617794
MYBPC3_HCM	OR4B1	11	48216810	47352926	863884	True	0.084583	0.0	0.134303230965642
MYBPC3_HCM	OR4C3	11	48324920	47352926	971994	True	0.066736	0.0	0.025966373586289726
MYBPC3_HCM	OR4S1	11	48306223	47352926	953297	True	0.065648	0.0	0.04470260725960162
MYBPC3_HCM	OR4X1	11	48263861	47352926	910935	True	0.083423	0.0	0.08715349942780182
MYBPC3_HCM	OR4X2	11	48245104	47352926	892178	True	0.082593	0.0	0.10594985900475595
MYBPC3_HCM	PACSIN3	11	47186443	47352926	166483	True	3.659666	34.07459043528633	0.8331676530655192
MYBPC3_HCM	PSMC3	11	47426473	47352926	73547	True	2.28886	15.028772872926996	0.9262986694137524
MYBPC3_HCM	PTPMT1	11	47565430	47352926	212504	True	0.995531	8.041828544594889	0.7870500828735372
MYBPC3_HCM	PTPRJ	11	47980558	47352926	627632	True	1.208924	19.086691176072325	0.37105098075369825
MYBPC3_HCM	RAPSN	11	47449143	47352926	96217	True	0.606182	15.689376775061902	0.9035810988209311
MYBPC3_HCM	SLC39A13	11	47407132	47352926	54206	True	1.546587	16.383129756903827	0.9456802544528242
MYBPC3_HCM	SPI1	11	47378547	47352926	25621	True	1.531559	5.052445221919625	0.9743252370463751
MYBPC3_HCM	ZNF408	11	46701030	47352926	651896	True	1.942822	15.201812204133468	0.3467360653207817
HEXA_TAY_SACHS	ADPGK	15	72785846	72346580	439266	True	1.528082	24.612441116505178	0.5598122468448932
HEXA_TAY_SACHS	ARIH1	15	72474330	72346580	127750	True	3.255191	5.298543408926944	0.8719819301617587
HEXA_TAY_SACHS	BBS4	15	72686179	72346580	339599	True	2.063982	26.082932681928085	0.6596883874833902
HEXA_TAY_SACHS	CELF6	15	72320157	72346580	26423	True	0.283117	10.00467199092259	0.9735215541343574
HEXA_TAY_SACHS	GOLGA6B	15	72654738	72346580	308158	True	0.0	9.318693623337452	0.6911953630903112
HEXA_TAY_SACHS	GRAMD2A	15	72197787	72346580	148793	True	0.0	8.011979116705106	0.8508947736560357
HEXA_TAY_SACHS	HEXA	15	72376420	72346580	29840	True	1.156288	16.689202639341083	0.9700973839219326
HEXA_TAY_SACHS	HIGD2B	15	72686182	72346580	339602	True	2.063982	4.131316776549805	0.6596853811882082
HEXA_TAY_SACHS	MYO9A	15	72118577	72346580	228003	True	2.640294	11.079727932443744	0.7715185598643559
HEXA_TAY_SACHS	NEO1	15	73051710	72346580	705130	True	0.775544	48.28126005428842	0.29339035941261005
HEXA_TAY_SACHS	NR2E3	15	71792638	72346580	553942	True	0.237633	6.932475362883787	0.4448956114102931
HEXA_TAY_SACHS	PARP6	15	72272999	72346580	73581	True	1.065917	13.573866267172717	0.9262645980683551
HEXA_TAY_SACHS	PKM	15	72231822	72346580	114758	True	4.44677	10.60959130837369	0.8850011924970889
HEXA_TAY_SACHS	RP11-106M3.2	15	72375981	72346580	29401	True	0.0	0.0	0.9705373051169148
HEXA_TAY_SACHS	RP11-106M3.5	15	72319946	72346580	26634	True	0.0	0.0	0.9733101113732155
HEXA_TAY_SACHS	SENP8	15	72114258	72346580	232322	True	2.640294	7.209310996179796	0.7671904969005097
HEXA_TAY_SACHS	TMEM202	15	72398302	72346580	51722	True	0.308583	0.0	0.9481694668636124
IRS1_T2D_INSULIN	AGFG1	2	227472152	226795828	676324	True	0.65119	15.060659993238678	0.32225680575124316
IRS1_T2D_INSULIN	COL4A3	2	227164624	226795828	368796	True	0.859922	49.88068141315714	0.6304301206726886
IRS1_T2D_INSULIN	COL4A4	2	227164453	226795828	368625	True	0.859922	27.20401090158208	0.630601479498069
IRS1_T2D_INSULIN	IRS1	2	226799820	226795828	3992	True	1.111115	16.41582035275964	0.9959996232110039
IRS1_T2D_INSULIN	MFF	2	227325151	226795828	529323	True	0.467202	42.55488328948528	0.46956627177309285
IRS1_T2D_INSULIN	RHBDD1	2	226835581	226795828	39753	True	1.422881	30.662045825266123	0.9601635825418426
IRS1_T2D_INSULIN	SCYGR1	2	227387949	226795828	592121	True	0.0	0.0	0.4066364968243502
IRS1_T2D_INSULIN	SCYGR2	2	227598893	226795828	803065	True	0.0	0.0	0.19524985319258525
IRS1_T2D_INSULIN	SCYGR3	2	227614840	226795828	819012	True	0.0	0.0	0.17926939010287546
IRS1_T2D_INSULIN	SCYGR4	2	227616998	226795828	821170	True	0.0	0.0	0.1771068617685433
IRS1_T2D_INSULIN	SCYGR5	2	227666804	226795828	870976	True	0.0	0.0	0.1271963491551309
IRS1_T2D_INSULIN	SCYGR6	2	227724757	226795828	928929	True	0.0	0.0	0.06912174092549794
IRS1_T2D_INSULIN	SCYGR7	2	227728335	226795828	932507	True	0.0	0.0	0.06553623287163324
IRS1_T2D_INSULIN	SCYGR8	2	227745845	226795828	950017	True	0.0	0.0	0.04798948999204333
IRS1_T2D_INSULIN	SLC19A3	2	227718028	226795828	922200	True	0.5915	28.021878397666416	0.07586486101897372
IRS1_T2D_INSULIN	TM4SF20	2	227381995	226795828	586167	True	1.334876	20.051640835293615	0.4126029906624472
MTNR1B_T2D_MELATONIN	CEP295	11	93661682	92708710	952972	True	0.745577	40.54707943560093	0.045028289237663666
MTNR1B_T2D_MELATONIN	DEUP1	11	93329971	92708710	621261	True	0.300641	22.80091981951836	0.3774353496221087
MTNR1B_T2D_MELATONIN	FAT3	11	92224818	92708710	483892	True	0.084761	27.15748561666902	0.5150926039125929
MTNR1B_T2D_MELATONIN	MTNR1B	11	92969651	92708710	260941	True	0.07879	14.679317929800932	0.7385114429615616
MTNR1B_T2D_MELATONIN	SLC36A4	11	93197991	92708710	489281	True	1.184189	30.872312212460148	0.509692295667127
MTNR1B_T2D_MELATONIN	SMCO4	11	93543391	92708710	834681	True	1.563297	79.763412359243	0.1635675103667079
TSHR_HYPOTHYROID	CEP128	14	80959517	81158324	198807	True	0.38065	18.106407995395497	0.8007758245766635
TSHR_HYPOTHYROID	DIO2	14	80387757	81158324	770567	True	0.601689	15.954242943734023	0.2278160468020034
TSHR_HYPOTHYROID	GTF2A1	14	81221377	81158324	63053	True	1.381923	12.9773201160605	0.9368146899607779
TSHR_HYPOTHYROID	SEL1L	14	81533853	81158324	375529	True	0.484266	18.20862378453321	0.6236829921856367
TSHR_HYPOTHYROID	STON2	14	81436465	81158324	278141	True	0.53976	10.874447171067736	0.7212753505841232
TSHR_HYPOTHYROID	TSHR	14	80954989	81158324	203335	True	0.999806	10.324174932952284	0.7962383230484635
TG_THYROID_CANCER	CCN4	8	133191039	132929738	261301	True	0.0	23.172535089287848	0.7381506875397081
TG_THYROID_CANCER	HHLA1	8	132111159	132929738	818579	True	0.07275	13.088775786784485	0.17970329870749346
TG_THYROID_CANCER	KCNQ3	8	132481095	132929738	448643	True	0.267776	31.413531973921863	0.5504155702040072
TG_THYROID_CANCER	LRRC6	8	132675592	132929738	254146	True	0.257467	113.95829552438886	0.7453207015490437
TG_THYROID_CANCER	NDRG1	8	133302022	132929738	372284	True	1.577926	6.371115745877998	0.6269348014742872
TG_THYROID_CANCER	OC90	8	132059382	132929738	870356	True	0.158612	0.0	0.1278176501594338
TG_THYROID_CANCER	PHF20L1	8	132775358	132929738	154380	True	0.646276	12.242458977500831	0.8452960499285505
TG_THYROID_CANCER	RP11-240B13.2	8	132085655	132929738	844083	True	0.0	0.0	0.1541457812659709
TG_THYROID_CANCER	SLA	8	133102912	132929738	173174	True	0.609519	26.045948622184756	0.8264626127110168
TG_THYROID_CANCER	ST3GAL1	8	133571940	132929738	642202	True	1.606545	33.427596619831334	0.3564504071525775
TG_THYROID_CANCER	TG	8	132866958	132929738	62780	True	0.244028	5.920348522926155	0.93708826282235
TG_THYROID_CANCER	TMEM71	8	132760712	132929738	169026	True	0.612959	16.045163878091806	0.8306193168494829
