locus_id	method	top_gene	score	rank_of_true	top1_correct	top3_correct	top5_correct	score_of_true	has_prediction	chr	pos	lead_snp	true_gene	gene_symbol	trait	mechanism_class	evidence_class	confidence	distance_to_tss
ENSG00000135697_B-Carotene_6564851	L2G	ENSG00000135697	0.6083623766899109	1.0	True	True	True	0.6083623766899109	True	16	81230992	rs6564851	ENSG00000135697	ENSG00000135697	B-Carotene	REGULATORY	expert curated	High	
ENSG00000242366_Bilirubin_6742078	L2G	ENSG00000242366	0.4520218968391418	1.0	True	True	True	0.4520218968391418	True	2	233763993	rs6742078	ENSG00000242366	ENSG00000242366	Bilirubin	REGULATORY	expert curated	High	
ENSG00000160211_Bilirubin_766420	L2G	ENSG00000160211	0.4123440682888031	1.0	True	True	True	0.4123440682888031	True	X	154326058	rs766420	ENSG00000160211	ENSG00000160211	Bilirubin	REGULATORY	expert curated	High	
ENSG00000126821_sphingomyelin_14∶0_m_7157785	L2G	ENSG00000126821	0.140563353896141	1.0	True	True	True	0.140563353896141	True	14	63768838	rs7157785	ENSG00000126821	ENSG00000126821	sphingomyelin 14∶0 molar percentage	CODING	expert curated	High	
ENSG00000152254_D-Glucose_560887	L2G	ENSG00000152254	0.7929866909980774	1.0	True	True	True	0.7929866909980774	True	2	168906638	rs560887	ENSG00000152254	ENSG00000152254	D-Glucose	REGULATORY	expert curated	High	
ENSG00000145321_25-Hydroxyvitamin_D2_2282679	L2G	ENSG00000145321	0.9082975387573242	1.0	True	True	True	0.9082975387573242	True	4	71742666	rs2282679	ENSG00000145321	ENSG00000145321	25-Hydroxyvitamin D2	REGULATORY	expert curated	High	
ENSG00000186104_25-Hydroxyvitamin_D2_10741657	L2G	ENSG00000186104	0.8018487691879272	1.0	True	True	True	0.8018487691879272	True	11	14893332	rs10741657	ENSG00000186104	ENSG00000186104	25-Hydroxyvitamin D2	REGULATORY	expert curated	High	
ENSG00000172893_25-Hydroxyvitamin_D2_12785878	L2G	ENSG00000172893	0.1628574728965759	1.0	True	True	True	0.1628574728965759	True	11	71456403	rs12785878	ENSG00000172893	ENSG00000172893	25-Hydroxyvitamin D2	REGULATORY	expert curated	High	
ENSG00000162551_Phosphorus_1697421	L2G	ENSG00000162551	0.8435616493225098	1.0	True	True	True	0.8435616493225098	True	1	21496799	rs1697421	ENSG00000162551	ENSG00000162551	Phosphorus	REGULATORY	expert curated	High	
ENSG00000118972_Phosphorus_2970818	L2G	ENSG00000118972	0.3967072963714599	1.0	True	True	True	0.3967072963714599	True	12	4497002	rs2970818	ENSG00000118972	ENSG00000118972	Phosphorus	REGULATORY	expert curated	High	
ENSG00000185499_Magneseium_4072037	L2G	ENSG00000185499	0.520496129989624	1.0	True	True	True	0.520496129989624	True	1	155192276	rs4072037	ENSG00000185499	ENSG00000185499	Magneseium	CODING	expert curated	High	
ENSG00000119121_Magnesium_11144134	L2G	ENSG00000119121	0.8453323841094971	1.0	True	True	True	0.8453323841094971	True	9	74884880	rs11144134	ENSG00000119121	ENSG00000119121	Magnesium	REGULATORY	expert curated	High	
ENSG00000033170_N-glycan_measurement_7159888	L2G	ENSG00000033170	0.7500061988830566	1.0	True	True	True	0.7500061988830566	True	14	65291924	rs7159888	ENSG00000033170	ENSG00000033170	N-glycan measurement	REGULATORY	expert curated	High	
ENSG00000117525_D_dimer_measurement_12029080	L2G	ENSG00000117525	0.7778772711753845	1.0	True	True	True	0.7778772711753845	True	1	94587797	rs12029080	ENSG00000117525	ENSG00000117525	D dimer measurement	CODING	expert curated	High	
ENSG00000198734_D_dimer_measurement_6687813	L2G	ENSG00000198734	0.8101757168769836	1.0	True	True	True	0.8101757168769836	True	1	169508336	rs6687813	ENSG00000198734	ENSG00000198734	D dimer measurement	CODING	expert curated	High	
ENSG00000186115_Alpha-Tocopherol_2108622	L2G	ENSG00000186115	0.7960535883903503	1.0	True	True	True	0.7960535883903503	True	19	15879621	rs2108622	ENSG00000186115	ENSG00000186115	Alpha-Tocopherol	CODING	expert curated	High	
ENSG00000197977_Docosapentaenoic_aci_3734398	L2G	ENSG00000197977	0.8116493821144104	1.0	True	True	True	0.8116493821144104	True	6	10982740	rs3734398	ENSG00000197977	ENSG00000197977	Docosapentaenoic acid	CODING	expert curated	High	
ENSG00000138207_Vitamin_A_10882272	L2G	ENSG00000138207	0.4883626401424408	1.0	True	True	True	0.4883626401424408	True	10	93588425	rs10882272	ENSG00000138207	ENSG00000138207	Vitamin A	REGULATORY	expert curated	High	
ENSG00000118271_Vitamin_A_1667255	L2G	ENSG00000118271	0.7602643370628357	1.0	True	True	True	0.7602643370628357	True	18	31607316	rs1667255	ENSG00000118271	ENSG00000118271	Vitamin A	REGULATORY	expert curated	High	
ENSG00000106546_Caffeine___Quinic_ac_12670403	L2G	ENSG00000106546	0.7087469100952148	1.0	True	True	True	0.7087469100952148	True	7	17269655	rs12670403	ENSG00000106546	ENSG00000106546	Caffeine / Quinic acid	CODING	expert curated|expert curated	High	
ENSG00000135318_Inosine_494562	L2G	ENSG00000135318	0.7907788157463074	1.0	True	True	True	0.7907788157463074	True	6	85407411	rs494562	ENSG00000135318	ENSG00000135318	Inosine	CODING	expert curated	High	
ENSG00000129214_Testosterone_12150660	L2G	ENSG00000129214	0.500919759273529	1.0	True	True	True	0.500919759273529	True	17	7618597	rs12150660	ENSG00000129214	ENSG00000129214	Testosterone	REGULATORY	expert curated	High	
ENSG00000115902_L-Alanine___L-Valine_2160387	L2G	ENSG00000115902	0.8600796461105347	1.0	True	True	True	0.8600796461105347	True	2	64993776	rs2160387	ENSG00000115902	ENSG00000115902	L-Alanine / L-Valine	CODING	expert curated	High	
ENSG00000198650_L-Phenylalanine___L-_4788815	L2G	ENSG00000198650	0.3227734267711639	1.0	True	True	True	0.3227734267711639	True	16	71600908	rs4788815	ENSG00000198650	ENSG00000198650	L-Phenylalanine / L-Tyrosine	CODING	expert curated	High	
ENSG00000110090_Linoleic_acid_2229738	L2G	ENSG00000110090	0.8714569211006165	1.0	True	True	True	0.8714569211006165	True	11	68794860	rs2229738	ENSG00000110090	ENSG00000110090	Linoleic acid	CODING	expert curated	High	
ENSG00000204310_similar_to_Phosphati_1061808	L2G	ENSG00000204310	0.1533212810754776	1.0	True	True	True	0.1533212810754776	True	6	32168770	rs1061808	ENSG00000204310	ENSG00000204310	similar to Phosphatidylcholine(18:0/14:0)|Phosphatidylcholine(16:1/18:0)	CODING	expert curated	High	
ENSG00000145246_sphingolipid_measure_13106975	L2G	ENSG00000145246	0.8394704461097717	1.0	True	True	True	0.8394704461097717	True	4	47549846	rs13106975	ENSG00000145246	ENSG00000145246	sphingolipid measurement	REGULATORY	expert curated	High	
ENSG00000214435_Dimethylarsinate_9527	L2G	ENSG00000214435	0.3941238522529602	1.0	True	True	True	0.3941238522529602	True	10	102863821	rs9527	ENSG00000214435	ENSG00000214435	Dimethylarsinate	CODING	expert curated	High	
ENSG00000197891_Urea_504915	L2G	ENSG00000197891	0.6326772570610046	1.0	True	True	True	0.6326772570610046	True	11	64696613	rs504915	ENSG00000197891	ENSG00000197891	Urea	CODING	expert curated|expert curated	High	
ENSG00000132874_Urea_7227483	L2G	ENSG00000132874	0.8613525032997131	1.0	True	True	True	0.8613525032997131	True	18	45607165	rs7227483	ENSG00000132874	ENSG00000132874	Urea	CODING	expert curated	High	
ENSG00000163581_D-Glucose_1280	L2G	ENSG00000163581	0.7646968364715576	1.0	True	True	True	0.7646968364715576	True	3	170995501	rs1280	ENSG00000163581	ENSG00000163581	D-Glucose	REGULATORY	expert curated	High	
ENSG00000073792_D-Glucose_7651090	L2G	ENSG00000073792	0.8056023120880127	1.0	True	True	True	0.8056023120880127	True	3	185795604	rs7651090	ENSG00000073792	ENSG00000073792	D-Glucose	REGULATORY	expert curated	High	
ENSG00000175426_D-Glucose_4869272	L2G	ENSG00000175426	0.9034771919250488	1.0	True	True	True	0.9034771919250488	True	5	96203744	rs4869272	ENSG00000175426	ENSG00000175426	D-Glucose	REGULATORY	expert curated	High	
GCK_D-Glucose_6975024	L2G	ENSG00000106633	0.7246212363243103	1.0	True	True	True	0.7246212363243103	True	7	44192287	rs6975024	ENSG00000106633	GCK	D-Glucose	REGULATORY	expert curated	High	
MTNR1B_D-Glucose_10830963	L2G	ENSG00000134640	0.88795006275177	1.0	True	True	True	0.88795006275177	True	11	92975544	rs10830963	ENSG00000134640	MTNR1B	D-Glucose	REGULATORY	expert curated	High	
ENSG00000139515_D-Glucose_11619319	L2G	ENSG00000139515	0.7280177474021912	1.0	True	True	True	0.7280177474021912	True	13	27913462	rs11619319	ENSG00000139515	ENSG00000139515	D-Glucose	REGULATORY	expert curated|expert curated	High	
ENSG00000174827_Uric_acid_1471633	L2G	ENSG00000174827	0.5602608919143677	1.0	True	True	True	0.5602608919143677	True	1	145711327	rs1471633	ENSG00000174827	ENSG00000174827	Uric acid	REGULATORY	expert curated	High	
SLC2A9_Uric_acid_12498742	L2G	ENSG00000109667	0.8976175785064697	1.0	True	True	True	0.8976175785064697	True	4	9942428	rs12498742	ENSG00000109667	SLC2A9	Uric acid	REGULATORY	expert curated	High	
ENSG00000118777_Uric_acid_2231142	L2G	ENSG00000118777	0.9345482587814332	1.0	True	True	True	0.9345482587814332	True	4	88131171	rs2231142	ENSG00000118777	ENSG00000118777	Uric acid	REGULATORY	expert curated	High	
ENSG00000123684_Stearic_acid_11119805	L2G	ENSG00000123684	0.5184386372566223	1.0	True	True	True	0.5184386372566223	True	1	211744902	rs11119805	ENSG00000123684	ENSG00000123684	Stearic acid	CODING	expert curated	High	
ENSG00000211452_Thyroxine_2235544	L2G	ENSG00000211452	0.7004968523979187	1.0	True	True	True	0.7004968523979187	True	1	53909897	rs2235544	ENSG00000211452	ENSG00000211452	Thyroxine	REGULATORY	expert curated	High	
ENSG00000178919_Thyroxine_7045138	L2G	ENSG00000178919	0.7362110614776611	1.0	True	True	True	0.7362110614776611	True	9	97829181	rs7045138	ENSG00000178919	ENSG00000178919	Thyroxine	REGULATORY	expert curated	High	
ENSG00000107187_Thyroxine_7860634	L2G	ENSG00000107187	0.7202634811401367	1.0	True	True	True	0.7202634811401367	True	9	136197833	rs7860634	ENSG00000107187	ENSG00000107187	Thyroxine	REGULATORY	expert curated	High	
ENSG00000180543_Estradiol_1864729	L2G	ENSG00000180543	0.7711325287818909	1.0	True	True	True	0.7711325287818909	True	8	97269961	rs1864729	ENSG00000180543	ENSG00000180543	Estradiol	REGULATORY	expert curated	High	
ENSG00000143416_Copper_2769264	L2G	ENSG00000143416	0.6179081797599792	1.0	True	True	True	0.6179081797599792	True	1	151372265	rs2769264	ENSG00000143416	ENSG00000143416	Copper	CODING	expert curated	High	
ENSG00000135218_high_density_lipopro_2366858	L2G	ENSG00000135218	0.8675518035888672	1.0	True	True	True	0.8675518035888672	True	7	80711306	rs2366858	ENSG00000135218	ENSG00000135218	high density lipoprotein cholesterol measurement	REGULATORY	expert curated	High	
ENSG00000132837_Dimethlyglycine_248386	L2G	ENSG00000132837	0.5828512907028198	1.0	True	True	True	0.5828512907028198	True	5	79034404	rs248386	ENSG00000132837	ENSG00000132837	Dimethlyglycine	CODING	expert curated	High	
ENSG00000038002_L-Asparagine_4690522	L2G				False	False	False		False	4	177439897	rs4690522	ENSG00000038002	ENSG00000038002	L-Asparagine	CODING	expert curated	High	
ENSG00000114491_Orotic_acid_9844948	L2G	ENSG00000114491	0.6389009952545166	1.0	True	True	True	0.6389009952545166	True	3	124732217	rs9844948	ENSG00000114491	ENSG00000114491	Orotic acid	CODING	expert curated	High	
ENSG00000123561_Thyroxine_7883218	L2G				False	False	False		False	X	106032618	rs7883218	ENSG00000123561	ENSG00000123561	Thyroxine	REGULATORY	expert curated	High	
ENSG00000177000_Homocysteine_1801133	L2G	ENSG00000177000	0.5085261464118958	1.0	True	True	True	0.5085261464118958	True	1	11796321	rs1801133	ENSG00000177000	ENSG00000177000	Homocysteine	REGULATORY	expert curated	High	
ENSG00000132763_Homocysteine_4660306	L2G	ENSG00000132763	0.1350546181201934	1.0	True	True	True	0.1350546181201934	True	1	45513003	rs4660306	ENSG00000132763	ENSG00000132763	Homocysteine	REGULATORY	expert curated	High	
ENSG00000116984_Homocysteine_2275565	L2G	ENSG00000116984	0.6068892478942871	1.0	True	True	True	0.6068892478942871	True	1	236885376	rs2275565	ENSG00000116984	ENSG00000116984	Homocysteine	REGULATORY	expert curated	High	
ENSG00000146085_Homocysteine_9369898	L2G	ENSG00000146085	0.6218398809432983	1.0	True	True	True	0.6218398809432983	True	6	49414480	rs9369898	ENSG00000146085	ENSG00000146085	Homocysteine	REGULATORY	expert curated	High	
ENSG00000134612_Homocysteine_7130284	L2G	ENSG00000077498	0.9371636509895324		False	False	False		True	11	89415204	rs7130284	ENSG00000134612	ENSG00000134612	Homocysteine	REGULATORY	expert curated	High	
ENSG00000015413_Homocysteine_154657	L2G	ENSG00000015413	0.2580609619617462	1.0	True	True	True	0.2580609619617462	True	16	89641688	rs154657	ENSG00000015413	ENSG00000015413	Homocysteine	REGULATORY	expert curated	High	
ENSG00000171766_Homo-L-arginine_1153858	L2G	ENSG00000171766	0.7114214897155762	1.0	True	True	True	0.7114214897155762	True	15	45360505	rs1153858	ENSG00000171766	ENSG00000171766	Homo-L-arginine	CODING	expert curated	High	
ENSG00000137869_Estradiol_2414095	L2G	ENSG00000137869	0.8897843956947327	1.0	True	True	True	0.8897843956947327	True	15	51232095	rs2414095	ENSG00000137869	ENSG00000137869	Estradiol	REGULATORY	expert curated	High	
ENSG00000144481_Calcium_1550532	L2G	ENSG00000144481	0.0241450686007738	1.0	True	True	True	0.0241450686007738	True	2	233356202	rs1550532	ENSG00000144481	ENSG00000144481	Calcium	REGULATORY	expert curated	High	
ENSG00000036828_Calcium_1801725	L2G	ENSG00000036828	0.6532006859779358	1.0	True	True	True	0.6532006859779358	True	3	122284910	rs1801725	ENSG00000036828	ENSG00000036828	Calcium	REGULATORY	expert curated	High	
ENSG00000169919_Calcium_17711722	L2G	ENSG00000169919	0.3865381777286529	1.0	True	True	True	0.3865381777286529	True	7	65806210	rs17711722	ENSG00000169919	ENSG00000169919	Calcium	REGULATORY	expert curated	High	
ENSG00000019186_Calcium_1570669	L2G	ENSG00000019186	0.9125267267227172	1.0	True	True	True	0.9125267267227172	True	20	54157888	rs1570669	ENSG00000019186	ENSG00000019186	Calcium	REGULATORY	expert curated	High	
ENSG00000168264_Cholesterol_558971	L2G	ENSG00000168264	0.6442743539810181	1.0	True	True	True	0.6442743539810181	True	1	234717659	rs558971	ENSG00000168264	ENSG00000168264	Cholesterol	REGULATORY	expert curated	High	
ENSG00000073734_Cholesterol_2287623	L2G	ENSG00000073734	0.817063570022583	1.0	True	True	True	0.817063570022583	True	2	168973645	rs2287623	ENSG00000073734	ENSG00000073734	Cholesterol	REGULATORY	expert curated	High	
PPARG_Cholesterol_7616006	L2G	ENSG00000132170	0.8215081691741943	1.0	True	True	True	0.8215081691741943	True	3	12226148	rs7616006	ENSG00000132170	PPARG	Cholesterol	REGULATORY	expert curated	High	
LPA_Cholesterol_10455872	L2G	ENSG00000198670	0.9115719795227052	1.0	True	True	True	0.9115719795227052	True	6	160589086	rs10455872	ENSG00000198670	LPA	Cholesterol	REGULATORY	expert curated	High	
ENSG00000167910_Cholesterol_4738684	L2G	ENSG00000167910	0.6766420006752014	1.0	True	True	True	0.6766420006752014	True	8	58480714	rs4738684	ENSG00000167910	ENSG00000167910	Cholesterol	REGULATORY	expert curated|expert curated	High	
ENSG00000147852_Cholesterol_3780181	L2G	ENSG00000147852	0.9073983430862428	1.0	True	True	True	0.9073983430862428	True	9	2640759	rs3780181	ENSG00000147852	ENSG00000147852	Cholesterol	REGULATORY	expert curated	High	
ENSG00000186951_Cholesterol_4253772	L2G	ENSG00000186951	0.7815185785293579	1.0	True	True	True	0.7815185785293579	True	22	46231706	rs4253772	ENSG00000186951	ENSG00000186951	Cholesterol	REGULATORY	expert curated	High	
ENSG00000163382_high_density_lipopro_12145743	L2G	ENSG00000163382	0.0230828057974576	1.0	True	True	True	0.0230828057974576	True	1	156730859	rs12145743	ENSG00000163382	ENSG00000163382	high density lipoprotein cholesterol measurement	REGULATORY	expert curated	High	
ENSG00000143641_high_density_lipopro_4846914	L2G	ENSG00000143641	0.8442267179489136	1.0	True	True	True	0.8442267179489136	True	1	230159944	rs4846914	ENSG00000143641	ENSG00000143641	high density lipoprotein cholesterol measurement	REGULATORY	expert curated	High	
ENSG00000182851_high_density_lipopro_10087900	L2G	ENSG00000277494	0.6404131650924683		False	False	False		True	8	143221248	rs10087900	ENSG00000182851	ENSG00000182851	high density lipoprotein cholesterol measurement	REGULATORY	expert curated	High	
ENSG00000165029_high_density_lipopro_1883025	L2G	ENSG00000165029	0.9310108423233032	1.0	True	True	True	0.9310108423233032	True	9	104902020	rs1883025	ENSG00000165029	ENSG00000165029	high density lipoprotein cholesterol measurement	REGULATORY	expert curated	High	
ENSG00000025434_high_density_lipopro_3847502	L2G	ENSG00000025434	0.3668130040168762	1.0	True	True	True	0.3668130040168762	True	11	47312134	rs3847502	ENSG00000025434	ENSG00000025434	high density lipoprotein cholesterol measurement	REGULATORY	expert curated	High	
ENSG00000062282_high_density_lipopro_499974	L2G	ENSG00000062282	0.5067803263664246	1.0	True	True	True	0.5067803263664246	True	11	75743976	rs499974	ENSG00000062282	ENSG00000062282	high density lipoprotein cholesterol measurement	REGULATORY	expert curated	High	
ENSG00000110921_high_density_lipopro_2241210	L2G	ENSG00000110921	0.4673299491405487	1.0	True	True	True	0.4673299491405487	True	12	109512339	rs2241210	ENSG00000110921	ENSG00000110921	high density lipoprotein cholesterol measurement	REGULATORY	expert curated	High	
ENSG00000073060_high_density_lipopro_838876	L2G	ENSG00000073060	0.8420650362968445	1.0	True	True	True	0.8420650362968445	True	12	124775342	rs838876	ENSG00000073060	ENSG00000073060	high density lipoprotein cholesterol measurement	REGULATORY	expert curated	High	
ENSG00000142208_high_density_lipopro_4983559	L2G	ENSG00000142208	0.424535870552063	1.0	True	True	True	0.424535870552063	True	14	104810872	rs4983559	ENSG00000142208	ENSG00000142208	high density lipoprotein cholesterol measurement	REGULATORY	expert curated	High	
ENSG00000166035_high_density_lipopro_1532085	L2G	ENSG00000166035	0.8958879113197327	1.0	True	True	True	0.8958879113197327	True	15	58391167	rs1532085	ENSG00000166035	ENSG00000166035	high density lipoprotein cholesterol measurement	REGULATORY	expert curated	High	
CETP_high_density_lipopro_247616	L2G	ENSG00000087237	0.7922613620758057	1.0	True	True	True	0.7922613620758057	True	16	56955678	rs247616	ENSG00000087237	CETP	high density lipoprotein cholesterol measurement	REGULATORY	expert curated	High	
ENSG00000213398_high_density_lipopro_16942887	L2G	ENSG00000213398	0.7093852162361145	1.0	True	True	True	0.7093852162361145	True	16	67894139	rs16942887	ENSG00000213398	ENSG00000213398	high density lipoprotein cholesterol measurement	REGULATORY	expert curated	High	
ENSG00000131748_high_density_lipopro_113612868	L2G	ENSG00000131748	0.4860241711139679	1.0	True	True	True	0.4860241711139679	True	17	39665182	rs113612868	ENSG00000131748	ENSG00000131748	high density lipoprotein cholesterol measurement	REGULATORY	expert curated	High	
ENSG00000101670_high_density_lipopro_4939883	L2G	ENSG00000101670	0.8793745636940002	1.0	True	True	True	0.8793745636940002	True	18	49640844	rs4939883	ENSG00000101670	ENSG00000101670	high density lipoprotein cholesterol measurement	REGULATORY	expert curated	High	
ENSG00000101076_high_density_lipopro_1800961	L2G	ENSG00000101076	0.92031592130661	1.0	True	True	True	0.92031592130661	True	20	44413724	rs1800961	ENSG00000101076	ENSG00000101076	high density lipoprotein cholesterol measurement	REGULATORY	expert curated	High	
ENSG00000157978_low_density_lipoprot_10903129	L2G	ENSG00000157978	0.5680201649665833	1.0	True	True	True	0.5680201649665833	True	1	25442446	rs10903129	ENSG00000157978	ENSG00000157978	low density lipoprotein cholesterol measurement	REGULATORY	expert curated	High	
PCSK9_low_density_lipoprot_11591147	L2G	ENSG00000169174	0.8091106414794922	1.0	True	True	True	0.8091106414794922	True	1	55039974	rs11591147	ENSG00000169174	PCSK9	low density lipoprotein cholesterol measurement	REGULATORY	expert curated	High	
ENSG00000134243_low_density_lipoprot_646776	L2G	ENSG00000134243	0.3018595576286316	1.0	True	True	True	0.3018595576286316	True	1	109275908	rs646776	ENSG00000134243	ENSG00000134243	low density lipoprotein cholesterol measurement	REGULATORY	expert curated	High	
APOB_low_density_lipoprot_1367117	L2G	ENSG00000084674	0.8742649555206299	1.0	True	True	True	0.8742649555206299	True	2	21041028	rs1367117	ENSG00000084674	APOB	low density lipoprotein cholesterol measurement	REGULATORY	expert curated	High	
ENSG00000125629_low_density_lipoprot_10490626	L2G	ENSG00000125629	0.830141544342041	1.0	True	True	True	0.830141544342041	True	2	118078265	rs10490626	ENSG00000125629	ENSG00000125629	low density lipoprotein cholesterol measurement	REGULATORY	expert curated	High	
ENSG00000113161_low_density_lipoprot_12916	L2G	ENSG00000113161	0.6277629733085632	1.0	True	True	True	0.6277629733085632	True	5	75360714	rs12916	ENSG00000113161	ENSG00000113161	low density lipoprotein cholesterol measurement	REGULATORY	expert curated	High	
ENSG00000007944_low_density_lipoprot_3757354	L2G	ENSG00000007944	0.8612657785415649	1.0	True	True	True	0.8612657785415649	True	6	16127176	rs3757354	ENSG00000007944	ENSG00000007944	low density lipoprotein cholesterol measurement	REGULATORY	expert curated	High	
ENSG00000015520_low_density_lipoprot_2073547	L2G	ENSG00000015520	0.7612727284431458	1.0	True	True	True	0.7612727284431458	True	7	44542732	rs2073547	ENSG00000015520	ENSG00000015520	low density lipoprotein cholesterol measurement	REGULATORY	expert curated	High	
ENSG00000257017_low_density_lipoprot_2000999	L2G	ENSG00000257017	0.3470425307750702	1.0	True	True	True	0.3470425307750702	True	16	72074194	rs2000999	ENSG00000257017	ENSG00000257017	low density lipoprotein cholesterol measurement	REGULATORY	expert curated	High	
ENSG00000091583_low_density_lipoprot_1801689	L2G	ENSG00000091583	0.8487421274185181	1.0	True	True	True	0.8487421274185181	True	17	66214462	rs1801689	ENSG00000091583	ENSG00000091583	low density lipoprotein cholesterol measurement	REGULATORY	expert curated	High	
LDLR_low_density_lipoprot_6511720	L2G	ENSG00000130164	0.7089647054672241	1.0	True	True	True	0.7089647054672241	True	19	11091630	rs6511720	ENSG00000130164	LDLR	low density lipoprotein cholesterol measurement	REGULATORY	expert curated	High	
ANGPTL3_triglyceride_measure_4587594	L2G	ENSG00000132855	0.3883585333824157	1.0	True	True	True	0.3883585333824157	True	1	62668259	rs4587594	ENSG00000132855	ANGPTL3	triglyceride measurement	REGULATORY	expert curated	High	
ENSG00000163956_triglyceride_measure_6831256	L2G	ENSG00000163956	0.0675248727202415	1.0	True	True	True	0.0675248727202415	True	4	3471412	rs6831256	ENSG00000163956	ENSG00000163956	triglyceride measurement	REGULATORY	expert curated	High	
ENSG00000105974_triglyceride_measure_38855	L2G	ENSG00000105974	0.837794303894043	1.0	True	True	True	0.837794303894043	True	7	116717990	rs38855	ENSG00000105974	ENSG00000105974	triglyceride measurement	REGULATORY	expert curated	High	
ENSG00000175445_triglyceride_measure_12678919	L2G	ENSG00000175445	0.8615663647651672	1.0	True	True	True	0.8615663647651672	True	8	19986711	rs12678919	ENSG00000175445	ENSG00000175445	triglyceride measurement	REGULATORY	expert curated	High	
ENSG00000173334_triglyceride_measure_2954022	L2G	ENSG00000173334	0.789846658706665	1.0	True	True	True	0.789846658706665	True	8	125470379	rs2954022	ENSG00000173334	ENSG00000173334	triglyceride measurement	REGULATORY	expert curated	High	
ENSG00000153904_Asymmetric_dimethyla_28489187	L2G	ENSG00000153904	0.399748831987381	1.0	True	True	True	0.399748831987381	True	1	85331427	rs28489187	ENSG00000153904	ENSG00000153904	Asymmetric dimethylarginine	CODING	expert curated	High	
ENSG00000167772_triglyceride_measure_116843064	L2G	ENSG00000167772	0.5291906595230103	1.0	True	True	True	0.5291906595230103	True	19	8364439	rs116843064	ENSG00000167772	ENSG00000167772	triglyceride measurement	REGULATORY	expert curated	High	
ENSG00000165841_Desmethylcitalopram__1074145	L2G	ENSG00000165841	0.7260921597480774	1.0	True	True	True	0.7260921597480774	True	10	94922089	rs1074145	ENSG00000165841	ENSG00000165841	Desmethylcitalopram / Citalopram	CODING	expert curated	High	
ENSG00000100197_Didemethylcitalopram_1065852	L2G	ENSG00000100197	0.4564585089683532	1.0	True	True	True	0.4564585089683532	True	22	42130692	rs1065852	ENSG00000100197	ENSG00000100197	Didemethylcitalopram	CODING	expert curated	High	
ENSG00000176920_L-Fucose_2287921	L2G	ENSG00000176920	0.7270334362983704	1.0	True	True	True	0.7270334362983704	True	19	48725015	rs2287921	ENSG00000176920	ENSG00000176920	L-Fucose	CODING	expert curated	High	
ENSG00000021488_L-Lysine_8101881	L2G	ENSG00000021488	0.7269759178161621	1.0	True	True	True	0.7269759178161621	True	19	32873722	rs8101881	ENSG00000021488	ENSG00000021488	L-Lysine	CODING	expert curated	High	
ENSG00000132744_N-Acetyl-L-phenylala_12288023	L2G	ENSG00000132744	0.4271759688854217	1.0	True	True	True	0.4271759688854217	True	11	67653870	rs12288023	ENSG00000132744	ENSG00000132744	N-Acetyl-L-phenylalanine	CODING	expert curated	High	
ENSG00000118094_Trehalose_507080	L2G	ENSG00000118094	0.6485798954963684	1.0	True	True	True	0.6485798954963684	True	11	118678873	rs507080	ENSG00000118094	ENSG00000118094	Trehalose	CODING	expert curated	High	
ENSG00000144908_Homocysteine_10934753	L2G	ENSG00000144908	0.8270715475082397	1.0	True	True	True	0.8270715475082397	True	3	126187336	rs10934753	ENSG00000144908	ENSG00000144908	Homocysteine	REGULATORY	expert curated	High	
ENSG00000124713_Homocysteine_9296404	L2G	ENSG00000124713	0.4096564054489136	1.0	True	True	True	0.4096564054489136	True	6	42958065	rs9296404	ENSG00000124713	ENSG00000124713	Homocysteine	REGULATORY	expert curated	High	
ENSG00000160200_Homocysteine_234714	L2G	ENSG00000160200	0.8812231421470642	1.0	True	True	True	0.8812231421470642	True	21	43067923	rs234714	ENSG00000160200	ENSG00000160200	Homocysteine	REGULATORY	expert curated	High	
ENSG00000147576_(S)-3,4-Dihydroxybut_1030420	L2G	ENSG00000147576	0.7139258980751038	1.0	True	True	True	0.7139258980751038	True	8	66448490	rs1030420	ENSG00000147576	ENSG00000147576	(S)-3,4-Dihydroxybutyric acid	CODING	expert curated	High	
ENSG00000131187___Bradykinin_2731672	L2G	ENSG00000131187	0.3509427905082702	1.0	True	True	True	0.3509427905082702	True	5	177415473	rs2731672	ENSG00000131187	ENSG00000131187	/ Bradykinin	CODING	expert curated	High	
ENSG00000156006_1-methylxanthine_4921914	L2G	ENSG00000156006	0.8296717405319214	1.0	True	True	True	0.8296717405319214	True	8	18414928	rs4921914	ENSG00000156006	ENSG00000156006	1-methylxanthine	CODING	expert curated	High	
ENSG00000108839_12-HETE_2271316	L2G	ENSG00000108839	0.2521572113037109	1.0	True	True	True	0.2521572113037109	True	17	7012082	rs2271316	ENSG00000108839	ENSG00000108839	12-HETE	CODING	expert curated|expert curated	High	
ENSG00000133027_2-Arachidonoylglycer_748196	L2G	ENSG00000133027	0.5973041653633118	1.0	True	True	True	0.5973041653633118	True	17	17519454	rs748196	ENSG00000133027	ENSG00000133027	2-Arachidonoylglycerophosphocholine	CODING	expert curated	High	
ENSG00000116882_2-Hydroxy-3-methylbu_12141041	L2G	ENSG00000116882	0.7443451285362244	1.0	True	True	True	0.7443451285362244	True	1	119410153	rs12141041	ENSG00000116882	ENSG00000116882	2-Hydroxy-3-methylbutyric acid	CODING	expert curated	High	
ENSG00000134333_2-Hydroxy-3-methylbu_2403254	L2G	ENSG00000134333	0.8097401857376099	1.0	True	True	True	0.8097401857376099	True	11	18303599	rs2403254	ENSG00000134333	ENSG00000134333	2-Hydroxy-3-methylbutyric acid	CODING	expert curated	High	
ENSG00000131203_5-Hydroxy-L-tryptoph_2160860	L2G	ENSG00000131203	0.154893547296524	1.0	True	True	True	0.154893547296524	True	8	39965626	rs2160860	ENSG00000131203	ENSG00000131203	5-Hydroxy-L-tryptophan	CODING	expert curated	High	
ENSG00000145626_5alpha-pregnan-3beta_10491431	L2G	ENSG00000145626	0.8919064998626709	1.0	True	True	True	0.8919064998626709	True	5	35967898	rs10491431	ENSG00000145626	ENSG00000145626	5alpha-pregnan-3beta,20alpha-diol disulfate	CODING	expert curated	High	
ENSG00000198721_9-Decenoylcarnitine_9392556	L2G	ENSG00000198721	0.7796810865402222	1.0	True	True	True	0.7796810865402222	True	6	4145964	rs9392556	ENSG00000198721	ENSG00000198721	9-Decenoylcarnitine	CODING	expert curated	High	
ENSG00000144644_Acetylcarnosine_6804368	L2G	ENSG00000144644	0.6767867803573608	1.0	True	True	True	0.6767867803573608	True	3	30712081	rs6804368	ENSG00000144644	ENSG00000144644	Acetylcarnosine	CODING	expert curated	High	
ENSG00000198610_Androsterone_sulfate_17134585	L2G	ENSG00000198610	0.7813404202461243	1.0	True	True	True	0.7813404202461243	True	10	5214309	rs17134585	ENSG00000198610	ENSG00000198610	Androsterone sulfate / Epiandrosterone Sulfate	CODING	expert curated	High	
ENSG00000149485_Arachidonate___8,11,_174548	L2G	ENSG00000149485	0.647498369216919	1.0	True	True	True	0.647498369216919	True	11	61803876	rs174548	ENSG00000149485	ENSG00000149485	Arachidonate / 8,11,14-Eicosatrienoic acid	CODING	expert curated	High	
ENSG00000125505_Arachidonate|1-Arach_2576452	L2G	ENSG00000125505	0.2221895009279251	1.0	True	True	True	0.2221895009279251	True	19	54172738	rs2576452	ENSG00000125505	ENSG00000125505	Arachidonate|1-Arachidonoylglycerophosphoinositol	CODING	expert curated	High	
ENSG00000159640_Aspartylphenylalanin_4343	L2G	ENSG00000159640	0.7812104821205139	1.0	True	True	True	0.7812104821205139	True	17	63488670	rs4343	ENSG00000159640	ENSG00000159640	Aspartylphenylalanine / 	CODING	expert curated	High	
ENSG00000145692_Betaine_16876394	L2G	ENSG00000145692	0.8244755268096924	1.0	True	True	True	0.8244755268096924	True	5	79050946	rs16876394	ENSG00000145692	ENSG00000145692	Betaine	CODING	expert curated|expert curated	High	
ENSG00000111181_Betaine_499368	L2G	ENSG00000111181	0.7959287166595459	1.0	True	True	True	0.7959287166595459	True	12	211754	rs499368	ENSG00000111181	ENSG00000111181	Betaine	CODING	expert curated	High	
ENSG00000113889_Bradykinin_5030062	L2G	ENSG00000113889	0.7874383926391602	1.0	True	True	True	0.7874383926391602	True	3	186736391	rs5030062	ENSG00000113889	ENSG00000113889	Bradykinin	CODING	expert curated	High	
ENSG00000164344_Bradykinin_4253311	L2G	ENSG00000164344	0.918249249458313	1.0	True	True	True	0.918249249458313	True	4	186253529	rs4253311	ENSG00000164344	ENSG00000164344	Bradykinin	CODING	expert curated	High	
ENSG00000122971_Butyrylcarnitine_2066938	L2G	ENSG00000122971	0.7583908438682556	1.0	True	True	True	0.7583908438682556	True	12	120722812	rs2066938	ENSG00000122971	ENSG00000122971	Butyrylcarnitine	CODING	expert curated	High	
CFH_C3f,_complement_C3_d_7535263	L2G	ENSG00000000971	0.8379813432693481	1.0	True	True	True	0.8379813432693481	True	1	196713216	rs7535263	ENSG00000000971	CFH	C3f, complement C3 derived peptide	CODING	expert curated	High	
ENSG00000166825_C3f,_complement_C3_d_2007084	L2G	ENSG00000166825	0.6439918279647827	1.0	True	True	True	0.6439918279647827	True	15	89802104	rs2007084	ENSG00000166825	ENSG00000166825	C3f, complement C3 derived peptide	CODING	expert curated|expert curated	High	
ENSG00000059573_Citrulline_56322409	L2G	ENSG00000059573	0.5399184823036194	1.0	True	True	True	0.5399184823036194	True	10	95636205	rs56322409	ENSG00000059573	ENSG00000059573	Citrulline	CODING	expert curated	High	
ENSG00000049319_cortolone_glucuronid_559555	L2G	ENSG00000013016	0.7131427526473999		False	False	False		True	2	31585905	rs559555	ENSG00000049319	ENSG00000049319	cortolone glucuronide	CODING	expert curated	High	
ENSG00000100031_Cysteineglutathione__2330809	L2G	ENSG00000100031	0.6633222699165344	1.0	True	True	True	0.6633222699165344	True	22	24606114	rs2330809	ENSG00000100031	ENSG00000100031	Cysteineglutathione disulfide	CODING	expert curated	High	
ENSG00000171503_Decanoylcarnitine_8396	L2G	ENSG00000171503	0.4348527491092682	1.0	True	True	True	0.4348527491092682	True	4	158709665	rs8396	ENSG00000171503	ENSG00000171503	Decanoylcarnitine	CODING	expert curated	High	
ENSG00000117448_erythritol_7542172	L2G	ENSG00000117448	0.0129651855677366	1.0	True	True	True	0.0129651855677366	True	1	46525009	rs7542172	ENSG00000117448	ENSG00000117448	erythritol	CODING	expert curated	High	
ENSG00000140284_Ethyl_10-undecenoate_1365505	L2G	ENSG00000140284	0.754988968372345	1.0	True	True	True	0.754988968372345	True	15	50184941	rs1365505	ENSG00000140284	ENSG00000140284	Ethyl 10-undecenoate / 	CODING	expert curated	High	
ENSG00000175164_Fibrinopeptide_A_649129	L2G	ENSG00000175164	0.7776183485984802	1.0	True	True	True	0.7776183485984802	True	9	133278860	rs649129	ENSG00000175164	ENSG00000175164	Fibrinopeptide A	CODING	expert curated	High	
ENSG00000157184_Glutarylcarnitine_13375749	L2G	ENSG00000157184	0.5015401840209961	1.0	True	True	True	0.5015401840209961	True	1	53230210	rs13375749	ENSG00000157184	ENSG00000157184	Glutarylcarnitine	CODING	expert curated	High	
ENSG00000105607_Glutarylcarnitine_8012	L2G	ENSG00000105607	0.6455138921737671	1.0	True	True	True	0.6455138921737671	True	19	12899706	rs8012	ENSG00000105607	ENSG00000105607	Glutarylcarnitine	CODING	expert curated	High	
ENSG00000078070_hydroxyisovaleroyl_c_2270968	L2G	ENSG00000078070	0.4715950787067413	1.0	True	True	True	0.4715950787067413	True	3	183037421	rs2270968	ENSG00000078070	ENSG00000078070	hydroxyisovaleroyl carnitine	CODING	expert curated	High	
ENSG00000137198_Hypoxanthine_6459467	L2G	ENSG00000137198	0.9012625217437744	1.0	True	True	True	0.9012625217437744	True	6	16287961	rs6459467	ENSG00000137198	ENSG00000137198	Hypoxanthine	CODING	expert curated	High	
ENSG00000132437_Indoleacetic_acid_7809234	L2G	ENSG00000132437	0.7234278321266174	1.0	True	True	True	0.7234278321266174	True	7	50542681	rs7809234	ENSG00000132437	ENSG00000132437	Indoleacetic acid	CODING	expert curated	High	
ENSG00000171097_Indolelactic_acid_15676	L2G	ENSG00000171097	0.1350481361150741	1.0	True	True	True	0.1350481361150741	True	9	128809748	rs15676	ENSG00000171097	ENSG00000171097	Indolelactic acid	CODING	expert curated	High	
ENSG00000175003_isobutyrylcarnitine_662138	L2G	ENSG00000175003	0.8420100808143616	1.0	True	True	True	0.8420100808143616	True	6	160143444	rs662138	ENSG00000175003	ENSG00000175003	isobutyrylcarnitine	CODING	expert curated	High	
ENSG00000140374_isobutyrylcarnitine_2404602	L2G	ENSG00000140374	0.7165998220443726	1.0	True	True	True	0.7165998220443726	True	15	76738451	rs2404602	ENSG00000140374	ENSG00000140374	isobutyrylcarnitine	CODING	expert curated	High	
ENSG00000136143_Ketoleucine_4941615	L2G	ENSG00000136143	0.4726876318454742	1.0	True	True	True	0.4726876318454742	True	13	47885766	rs4941615	ENSG00000136143	ENSG00000136143	Ketoleucine	CODING	expert curated	High	
ENSG00000117054_L-Acetylcarnitine|He_4949874	L2G	ENSG00000117054	0.6627025604248047	1.0	True	True	True	0.6627025604248047	True	1	75696204	rs4949874	ENSG00000117054	ENSG00000117054	L-Acetylcarnitine|Hexanoylcarnitine	CODING	expert curated	High	
ENSG00000162174_L-Asparagine_3017098	L2G	ENSG00000162174	0.5487123727798462	1.0	True	True	True	0.5487123727798462	True	11	62409471	rs3017098	ENSG00000162174	ENSG00000162174	L-Asparagine	CODING	expert curated	High	
ENSG00000166183_L-Asparagine_2011069	L2G	ENSG00000166183	0.0682270228862762	1.0	True	True	True	0.0682270228862762	True	14	104141731	rs2011069	ENSG00000166183	ENSG00000166183	L-Asparagine	CODING	expert curated	High	
ENSG00000103257_L-Kynurenine_8051149	L2G	ENSG00000103257	0.8844506740570068	1.0	True	True	True	0.8844506740570068	True	16	87845216	rs8051149	ENSG00000103257	ENSG00000103257	L-Kynurenine	CODING	expert curated	High	
ENSG00000092621_L-Serine_1163251	L2G	ENSG00000092621	0.7754506468772888	1.0	True	True	True	0.7754506468772888	True	1	119667132	rs1163251	ENSG00000092621	ENSG00000092621	L-Serine	CODING	expert curated	High	
ENSG00000151790_L-Tryptophan_13122250	L2G	ENSG00000151790	0.8484599590301514	1.0	True	True	True	0.8484599590301514	True	4	155887136	rs13122250	ENSG00000151790	ENSG00000151790	L-Tryptophan	CODING	expert curated	High	
ENSG00000197375_L-Valine___Isovalery_272889	L2G	ENSG00000197375	0.7567741274833679	1.0	True	True	True	0.7567741274833679	True	5	132329685	rs272889	ENSG00000197375	ENSG00000197375	L-Valine / Isovalerylcarnitine	CODING	expert curated	High	
ENSG00000159445_Linoleic_acid___5,8-_6693388	L2G	ENSG00000159445	0.66619473695755	1.0	True	True	True	0.66619473695755	True	1	151958169	rs6693388	ENSG00000159445	ENSG00000159445	Linoleic acid / 5,8-Tetradecadienoic acid	CODING	expert curated	High	
ENSG00000007933_Methylcysteine_7061710	L2G	ENSG00000007933	0.7288227081298828	1.0	True	True	True	0.7288227081298828	True	1	171111474	rs7061710	ENSG00000007933	ENSG00000007933	Methylcysteine	CODING	expert curated	High	
ENSG00000105655_myo-Inositol_4808136	L2G	ENSG00000105655	0.3777974247932434	1.0	True	True	True	0.3777974247932434	True	19	18508057	rs4808136	ENSG00000105655	ENSG00000105655	myo-Inositol	CODING	expert curated	High	
ENSG00000099194_Myristic_acid___Myri_603424	L2G	ENSG00000099194	0.1933839619159698	1.0	True	True	True	0.1933839619159698	True	10	100315722	rs603424	ENSG00000099194	ENSG00000099194	Myristic acid / Myristoleic acid	CODING	expert curated	High	
ENSG00000002726_N-(3-acetamidopropyl_1005390	L2G	ENSG00000002726	0.6426572799682617	1.0	True	True	True	0.6426572799682617	True	7	150846633	rs1005390	ENSG00000002726	ENSG00000002726	N-(3-acetamidopropyl)pyrrolidin-2-one	CODING	expert curated	High	
ENSG00000148832_N-(3-acetamidopropyl_11101730	L2G	ENSG00000148832	0.6299952864646912	1.0	True	True	True	0.6299952864646912	True	10	133383832	rs11101730	ENSG00000148832	ENSG00000148832	N-(3-acetamidopropyl)pyrrolidin-2-one	CODING	expert curated|expert curated	High	
ENSG00000144035_N-Acetylornithine____13538	L2G	ENSG00000144035	0.7950819730758667	1.0	True	True	True	0.7950819730758667	True	2	73641201	rs13538	ENSG00000144035	ENSG00000144035	N-Acetylornithine / myo-Inositol	CODING	expert curated	High	
ENSG00000153086_N1-Methyl-4-pyridone_6430553	L2G	ENSG00000153086	0.783187747001648	1.0	True	True	True	0.783187747001648	True	2	134873830	rs6430553	ENSG00000153086	ENSG00000153086	N1-Methyl-4-pyridone-3-carboxamide	CODING	expert curated|expert curated	High	
ENSG00000115361_Nonanoylcarnitine_3738934	L2G	ENSG00000115361	0.8404187560081482	1.0	True	True	True	0.8404187560081482	True	2	210009522	rs3738934	ENSG00000115361	ENSG00000115361	Nonanoylcarnitine	CODING	expert curated	High	
ENSG00000093010_O-methylascorbate_4680	L2G	ENSG00000093010	0.8277061581611633	1.0	True	True	True	0.8277061581611633	True	22	19963748	rs4680	ENSG00000093010	ENSG00000093010	O-methylascorbate	CODING	expert curated	High	
ENSG00000100299_O-Sulfotyrosine_6151429	L2G	ENSG00000100299	0.4989906847476959	1.0	True	True	True	0.4989906847476959	True	22	50625049	rs6151429	ENSG00000100299	ENSG00000100299	O-Sulfotyrosine	CODING	expert curated	High	
ENSG00000138074_Pantothenic_acid_1395	L2G	ENSG00000138074	0.355797678232193	1.0	True	True	True	0.355797678232193	True	2	27201768	rs1395	ENSG00000138074	ENSG00000138074	Pantothenic acid	CODING	expert curated	High	
ENSG00000125166_Phenyllactic_acid____12709013	L2G	ENSG00000125166	0.7260428667068481	1.0	True	True	True	0.7260428667068481	True	16	58795886	rs12709013	ENSG00000125166	ENSG00000125166	Phenyllactic acid / L-Phenylalanine	CODING	expert curated	High	
ENSG00000163931_Phosphate___Erythron_4687717	L2G	ENSG00000163931	0.7097921967506409	1.0	True	True	True	0.7097921967506409	True	3	53248172	rs4687717	ENSG00000163931	ENSG00000163931	Phosphate / Erythronic acid	CODING	expert curated	High	
ENSG00000128928_Propionylcarnitine___9635324	L2G	ENSG00000128928	0.5890113115310669	1.0	True	True	True	0.5890113115310669	True	15	40411012	rs9635324	ENSG00000128928	ENSG00000128928	Propionylcarnitine / Isovalerylcarnitine	CODING	expert curated	High	
ENSG00000178814_Pyroglutamic_acid_12550729	L2G	ENSG00000178814	0.1700825542211532	1.0	True	True	True	0.1700825542211532	True	8	144100505	rs12550729	ENSG00000178814	ENSG00000178814	Pyroglutamic acid	CODING	expert curated	High	
ENSG00000105398_similar_to_5-Androst_2547231	L2G	ENSG00000105398	0.7483729124069214	1.0	True	True	True	0.7483729124069214	True	19	47881800	rs2547231	ENSG00000105398	ENSG00000105398	similar to 5-Androstenediol	CODING	expert curated	High	
ENSG00000172340_Succinylcarnitine_17806888	L2G	ENSG00000172340	0.5721416473388672	1.0	True	True	True	0.5721416473388672	True	3	67365898	rs17806888	ENSG00000172340	ENSG00000172340	Succinylcarnitine	CODING	expert curated	High	
ENSG00000187048_Undecylenic_acid___1_6678639	L2G	ENSG00000187048	0.7311229705810547	1.0	True	True	True	0.7311229705810547	True	1	46866294	rs6678639	ENSG00000187048	ENSG00000187048	Undecylenic acid / 11-Hydroxy-9-tridecenoic acid	CODING	expert curated	High	
ENSG00000158825_Uridine_532545	L2G	ENSG00000158825	0.7161495089530945	1.0	True	True	True	0.7161495089530945	True	1	20588679	rs532545	ENSG00000158825	ENSG00000158825	Uridine	CODING	expert curated	High	
ENSG00000183696_Uridine_2686796	L2G	ENSG00000183696	0.0636266991496086	1.0	True	True	True	0.0636266991496086	True	7	48063314	rs2686796	ENSG00000183696	ENSG00000183696	Uridine	CODING	expert curated	High	
ENSG00000025708_Uridine_131794	L2G	ENSG00000025708	0.3756607174873352	1.0	True	True	True	0.3756607174873352	True	22	50533323	rs131794	ENSG00000025708	ENSG00000025708	Uridine	CODING	expert curated	High	
ENSG00000107611_Cobalamin_1801222	L2G	ENSG00000107611	0.8877534866333008	1.0	True	True	True	0.8877534866333008	True	10	17114152	rs1801222	ENSG00000107611	ENSG00000107611	Cobalamin	CODING	expert curated	High	
ENSG00000125798_D-Glucose_6048216	L2G	ENSG00000125798	0.8486195206642151	1.0	True	True	True	0.8486195206642151	True	20	22600630	rs6048216	ENSG00000125798	ENSG00000125798	D-Glucose	REGULATORY	expert curated	High	
ENSG00000118520_L-Arginine_2248551	L2G	ENSG00000118520	0.6183228492736816	1.0	True	True	True	0.6183228492736816	True	6	131603549	rs2248551	ENSG00000118520	ENSG00000118520	L-Arginine	CODING	expert curated	High	
ENSG00000109181_Cotinine_glucuronide_34100980	L2G	ENSG00000109181	0.846517026424408	1.0	True	True	True	0.846517026424408	True	4	68807835	rs34100980	ENSG00000109181	ENSG00000109181	Cotinine glucuronide	CODING	expert curated	High	
ENSG00000091513_Iron_8177240	L2G	ENSG00000091513	0.824573278427124	1.0	True	True	True	0.824573278427124	True	3	133758857	rs8177240	ENSG00000091513	ENSG00000091513	Iron	CODING	expert curated	High	
HFE_Iron_1800562	L2G	ENSG00000010704	0.7269479632377625	1.0	True	True	True	0.7269479632377625	True	6	26092913	rs1800562	ENSG00000010704	HFE	Iron	CODING	expert curated	High	
ENSG00000106327_Iron_7385804	L2G	ENSG00000106327	0.5774673223495483	1.0	True	True	True	0.5774673223495483	True	7	100638347	rs7385804	ENSG00000106327	ENSG00000106327	Iron	CODING	expert curated	High	
ENSG00000187045_Iron_855791	L2G	ENSG00000187045	0.6067626476287842	1.0	True	True	True	0.6067626476287842	True	22	37066896	rs855791	ENSG00000187045	ENSG00000187045	Iron	CODING	expert curated	High	
ENSG00000090661_Arachidic_acid_2100944	L2G	ENSG00000090661	0.7807442545890808	1.0	True	True	True	0.7807442545890808	True	19	8216751	rs2100944	ENSG00000090661	ENSG00000090661	Arachidic acid	CODING	expert curated	High	
ENSG00000111684_Oleic_Acid_2110073	L2G	ENSG00000111684	0.374493271112442	1.0	True	True	True	0.374493271112442	True	12	6966719	rs2110073	ENSG00000111684	ENSG00000111684	Oleic Acid	CODING	expert curated	High	
ENSG00000148218_Lead_1805313	L2G	ENSG00000148218	0.5162157416343689	1.0	True	True	True	0.5162157416343689	True	9	113388911	rs1805313	ENSG00000148218	ENSG00000148218	Lead	CODING	expert curated	High	
ENSG00000196660_Manganese_1776029	L2G	ENSG00000196660	0.8331759572029114	1.0	True	True	True	0.8331759572029114	True	1	219906686	rs1776029	ENSG00000196660	ENSG00000196660	Manganese	CODING	expert curated	High	
ENSG00000172296_Hydroxysphingomyelin_4814176	L2G	ENSG00000172296	0.8789686560630798	1.0	True	True	True	0.8789686560630798	True	20	12978750	rs4814176	ENSG00000172296	ENSG00000172296	Hydroxysphingomyeline C24:1	CODING	expert curated	High	
ENSG00000165449_L-Carnitine_1171614	L2G	ENSG00000165449	0.8991495966911316	1.0	True	True	True	0.8991495966911316	True	10	59709780	rs1171614	ENSG00000165449	ENSG00000165449	L-Carnitine	CODING	expert curated	High	
ENSG00000100033_L-Proline_2540641	L2G	ENSG00000100033	0.8998169898986816	1.0	True	True	True	0.8998169898986816	True	22	18972171	rs2540641	ENSG00000100033	ENSG00000100033	L-Proline	CODING	expert curated	High	
ENSG00000146733_L-Serine_4947534	L2G	ENSG00000146733	0.6960821151733398	1.0	True	True	True	0.6960821151733398	True	7	56011401	rs4947534	ENSG00000146733	ENSG00000146733	L-Serine	CODING	expert curated	High	
ENSG00000168389_LysoPC(16:0)_7529794	L2G	ENSG00000168389	0.558803379535675	1.0	True	True	True	0.558803379535675	True	1	39937698	rs7529794	ENSG00000168389	ENSG00000168389	LysoPC(16:0)	CODING	expert curated	High	
ENSG00000018510_PC(o-22:2(13Z,16Z)_2_7582179	L2G	ENSG00000018510	0.0246299263089895	1.0	True	True	True	0.0246299263089895	True	2	177505903	rs7582179	ENSG00000018510	ENSG00000018510	PC(o-22:2(13Z,16Z)/22:3(10Z,13Z,16Z))	CODING	expert curated	High	
ENSG00000151726_PC(o-22:2(13Z,16Z)_2_7700133	L2G	ENSG00000151726	0.8093553185462952	1.0	True	True	True	0.8093553185462952	True	4	184852657	rs7700133	ENSG00000151726	ENSG00000151726	PC(o-22:2(13Z,16Z)/22:3(10Z,13Z,16Z))	CODING	expert curated	High	
ENSG00000158201_Phosphatidyl_choline_7343008	L2G	ENSG00000158201	0.2584483921527862	1.0	True	True	True	0.2584483921527862	True	18	21683167	rs7343008	ENSG00000158201	ENSG00000158201	Phosphatidyl choline PC(14:0/18:2(9Z,12Z)) is a specific example  	CODING	expert curated	High	
ENSG00000113492_3-Aminoisobutanoic_a_37369	L2G	ENSG00000113492	0.8788458108901978	1.0	True	True	True	0.8788458108901978	True	5	35037010	rs37369	ENSG00000113492	ENSG00000113492	3-Aminoisobutanoic acid	CODING	expert curated|expert curated	High	
ENSG00000172482_alpha-Ketoisovaleric_6748734	L2G	ENSG00000172482	0.2128773629665374	1.0	True	True	True	0.2128773629665374	True	2	240898035	rs6748734	ENSG00000172482	ENSG00000172482	alpha-Ketoisovaleric acid	CODING	expert curated	High	
ENSG00000163817_Dimethylglycine___L-_17279437	L2G	ENSG00000163817	0.8189392685890198	1.0	True	True	True	0.8189392685890198	True	3	45772602	rs17279437	ENSG00000163817	ENSG00000163817	Dimethylglycine / L-Alanine	CODING	expert curated	High	
ENSG00000164089_Ethanolamine_56043887	L2G	ENSG00000164089	0.0352449268102645	1.0	True	True	True	0.0352449268102645	True	4	108784811	rs56043887	ENSG00000164089	ENSG00000164089	Ethanolamine	CODING	expert curated	High	
ENSG00000186335_Glycine___Citric_aci_3846710	L2G	ENSG00000186335	0.6597993969917297	1.0	True	True	True	0.6597993969917297	True	5	151319245	rs3846710	ENSG00000186335	ENSG00000186335	Glycine / Citric acid	CODING	expert curated	High	
ENSG00000093217_Glycolic_acid_3132440	L2G	ENSG00000093217	0.6110828518867493	1.0	True	True	True	0.6110828518867493	True	3	38354071	rs3132440	ENSG00000093217	ENSG00000093217	Glycolic acid	CODING	expert curated	High	
ENSG00000174358_L-Tyrosine_11750211	L2G	ENSG00000174358	0.5747649073600769	1.0	True	True	True	0.5747649073600769	True	5	1183445	rs11750211	ENSG00000174358	ENSG00000174358	L-Tyrosine	CODING	expert curated|expert curated	High	
ENSG00000158865_myo-Inositol_17702912	L2G	ENSG00000158865	0.3192648291587829	1.0	True	True	True	0.3192648291587829	True	16	24991279	rs17702912	ENSG00000158865	ENSG00000158865	myo-Inositol	CODING	expert curated	High	
ENSG00000158296_Succinic_acid___Citr_941206	L2G	ENSG00000158296	0.768017053604126	1.0	True	True	True	0.768017053604126	True	20	46632402	rs941206	ENSG00000158296	ENSG00000158296	Succinic acid / Citric acid	CODING	expert curated	High	
ENSG00000004809_acylcarnitine_measur_12210538	L2G	ENSG00000004809	0.9019011855125428	1.0	True	True	True	0.9019011855125428	True	6	110438805	rs12210538	ENSG00000004809	ENSG00000004809	acylcarnitine measurement	CODING	expert curated	High	
ENSG00000167701_L-Alanine___L-Aspara_750472	L2G	ENSG00000167701	0.3011373877525329	1.0	True	True	True	0.3011373877525329	True	8	144476070	rs750472	ENSG00000167701	ENSG00000167701	L-Alanine / L-Asparagine	CODING	expert curated	High	
ENSG00000095321_Methylmalonylcarniti_746872	L2G	ENSG00000095321	0.3183558881282806	1.0	True	True	True	0.3183558881282806	True	9	129102748	rs746872	ENSG00000095321	ENSG00000095321	Methylmalonylcarnitine	CODING	expert curated	High	
ENSG00000159267_Similar_to_3-Hydroxy_1571700	L2G	ENSG00000159267	0.029707483947277	1.0	True	True	True	0.029707483947277	True	21	36964534	rs1571700	ENSG00000159267	ENSG00000159267	Similar to 3-Hydroxyisovalerylcarnitine	CODING	expert curated	High	
ENSG00000255974_ratio_of_Hydroxycoti_56113850	L2G	ENSG00000255974	0.6669203639030457	1.0	True	True	True	0.6669203639030457	True	19	40847202	rs56113850	ENSG00000255974	ENSG00000255974	ratio of Hydroxycotinine to Cotinine	CODING	expert curated	High	
ENSG00000141485_Citric_acid_172642	L2G	ENSG00000141485	0.7296834588050842	1.0	True	True	True	0.7296834588050842	True	17	6692079	rs172642	ENSG00000141485	ENSG00000141485	Citric acid	CODING	expert curated	High	
ENSG00000100075_Citric_acid_2040771	L2G	ENSG00000100075	0.4712923467159271	1.0	True	True	True	0.4712923467159271	True	22	19174422	rs2040771	ENSG00000100075	ENSG00000100075	Citric acid	CODING	expert curated	High	
ENSG00000021826_Glycine_1047891	L2G	ENSG00000021826	0.822512686252594	1.0	True	True	True	0.822512686252594	True	2	210675783	rs1047891	ENSG00000021826	ENSG00000021826	Glycine	CODING	expert curated	High	
ENSG00000178445_Glycine_140348140	L2G	ENSG00000178445	0.0240448024123907	1.0	True	True	True	0.0240448024123907	True	9	5877295	rs140348140	ENSG00000178445	ENSG00000178445	Glycine	CODING	expert curated	High	
ENSG00000140905_Glycine_10083777	L2G	ENSG00000140905	0.0641963630914688	1.0	True	True	True	0.0641963630914688	True	16	81031677	rs10083777	ENSG00000140905	ENSG00000140905	Glycine	CODING	expert curated	High	
ENSG00000158874_high_density_lipopro_4503368	L2G	ENSG00000158874	0.0873182564973831	1.0	True	True	True	0.0873182564973831	True	1	161220460	rs4503368	ENSG00000158874	ENSG00000158874	high density lipoprotein cholesterol measurement	REGULATORY	expert curated	High	
ENSG00000100979_high_density_lipopro_6073958	L2G	ENSG00000100979	0.6471459269523621	1.0	True	True	True	0.6471459269523621	True	20	45923216	rs6073958	ENSG00000100979	ENSG00000100979	high density lipoprotein cholesterol measurement	REGULATORY	expert curated	High	
ENSG00000139209_L-Alanine_4554975	L2G	ENSG00000139209	0.7975620627403259	1.0	True	True	True	0.7975620627403259	True	12	46808031	rs4554975	ENSG00000139209	ENSG00000139209	L-Alanine	CODING	expert curated|expert curated	High	
ENSG00000135423_L-Glutamine_2657879	L2G	ENSG00000135423	0.4268803596496582	1.0	True	True	True	0.4268803596496582	True	12	56471554	rs2657879	ENSG00000135423	ENSG00000135423	L-Glutamine	CODING	expert curated	High	
ENSG00000084110_L-Histidine_7954638	L2G	ENSG00000084110	0.3439429700374603	1.0	True	True	True	0.3439429700374603	True	12	95921017	rs7954638	ENSG00000084110	ENSG00000084110	L-Histidine	CODING	expert curated	High	
ENSG00000171759_L-Phenylalanine_1718309	L2G	ENSG00000171759	0.8385417461395264	1.0	True	True	True	0.8385417461395264	True	12	102848618	rs1718309	ENSG00000171759	ENSG00000171759	L-Phenylalanine	CODING	expert curated	High	
ENSG00000112394_L-Tyrosine_14399	L2G	ENSG00000112394	0.8957542777061462	1.0	True	True	True	0.8957542777061462	True	6	111222741	rs14399	ENSG00000112394	ENSG00000112394	L-Tyrosine	CODING	expert curated	High	
ENSG00000163644_L-Valine_9637599	L2G	ENSG00000163644	0.7667768001556396	1.0	True	True	True	0.7667768001556396	True	4	88285078	rs9637599	ENSG00000163644	ENSG00000163644	L-Valine	CODING	expert curated	High	
ENSG00000090857_Pyruvic_acid_74249229	L2G	ENSG00000090857	0.2057729810476303	1.0	True	True	True	0.2057729810476303	True	16	69945368	rs74249229	ENSG00000090857	ENSG00000090857	Pyruvic acid	CODING	expert curated	High	
ENSG00000009950_triglyceride_measure_17145738	L2G	ENSG00000009950	0.6681140065193176	1.0	True	True	True	0.6681140065193176	True	7	73448919	rs17145738	ENSG00000009950	ENSG00000009950	triglyceride measurement	REGULATORY	expert curated	High	
PCSK9_Hypercholesterolemia_nan	L2G	ENSG00000169174	0.8091106414794922	1.0	True	True	True	0.8091106414794922	True	1	55021673		ENSG00000169174	PCSK9	Hypercholesterolemia	REGULATORY	drug	High	
PCSK9_Disorder_of_lipid_me_nan	L2G	ENSG00000169174	0.8091106414794922	1.0	True	True	True	0.8091106414794922	True	1	55023869		ENSG00000169174	PCSK9	Disorder of lipid metabolism	REGULATORY	drug	High	
PCSK9_coronary_artery_dise_nan	L2G	ENSG00000169174	0.8091106414794922	1.0	True	True	True	0.8091106414794922	True	1	55030366		ENSG00000169174	PCSK9	coronary artery disease	CODING	drug	High	
PCSK9_cardiovascular_syste_nan	L2G	ENSG00000169174	0.8091106414794922	1.0	True	True	True	0.8091106414794922	True	1	55039974		ENSG00000169174	PCSK9	cardiovascular system disease	CODING	drug	High	
ENSG00000116824_psoriasis_nan	L2G	ENSG00000116824	0.6439120769500732	1.0	True	True	True	0.6439120769500732	True	1	116744732		ENSG00000116824	ENSG00000116824	psoriasis	CODING	drug	High	
ENSG00000169418_cardiovascular_syste_nan	L2G	ENSG00000169418	0.1754378825426101	1.0	True	True	True	0.1754378825426101	True	1	153689947		ENSG00000169418	ENSG00000169418	cardiovascular system disease	CODING	drug	High	
ENSG00000169418_hypertension_nan	L2G	ENSG00000169418	0.1754378825426101	1.0	True	True	True	0.1754378825426101	True	1	153689947		ENSG00000169418	ENSG00000169418	hypertension	CODING	drug	High	
ENSG00000160712_rheumatoid_arthritis_nan	L2G	ENSG00000160712	0.7629477381706238	1.0	True	True	True	0.7629477381706238	True	1	154454494		ENSG00000160712	ENSG00000160712	rheumatoid arthritis	CODING	drug	High	
ENSG00000082482_hypertension_nan	L2G				False	False	False		False	1	215131342		ENSG00000082482	ENSG00000082482	hypertension	CODING	drug	High	
ENSG00000133019_chronic_obstructive__nan	L2G	ENSG00000133019	0.728265643119812	1.0	True	True	True	0.728265643119812	True	1	239737706		ENSG00000133019	ENSG00000133019	chronic obstructive pulmonary disease	CODING	drug	High	
ENSG00000043591_hypertension_nan	L2G	ENSG00000043591	0.8087397217750549	1.0	True	True	True	0.8087397217750549	True	10	113963919		ENSG00000043591	ENSG00000043591	hypertension	CODING	drug	High	
ENSG00000043591_cardiovascular_syste_nan	L2G	ENSG00000043591	0.8087397217750549	1.0	True	True	True	0.8087397217750549	True	10	114045297		ENSG00000043591	ENSG00000043591	cardiovascular system disease	CODING	drug	High	
ENSG00000180210_pulmonary_embolism_nan	L2G	ENSG00000180210	0.5257452130317688	1.0	True	True	True	0.5257452130317688	True	11	46684189		ENSG00000180210	ENSG00000180210	pulmonary embolism	CODING	drug	High	
ENSG00000180210_venous_thromboemboli_nan	L2G	ENSG00000180210	0.5257452130317688	1.0	True	True	True	0.5257452130317688	True	11	46739206		ENSG00000180210	ENSG00000180210	venous thromboembolism	CODING	drug	High	
ENSG00000180210_cardiovascular_syste_nan	L2G	ENSG00000180210	0.5257452130317688	1.0	True	True	True	0.5257452130317688	True	11	46739505		ENSG00000180210	ENSG00000180210	cardiovascular system disease	CODING	drug	High	
ENSG00000180210_cerebrovascular_acci_nan	L2G	ENSG00000180210	0.5257452130317688	1.0	True	True	True	0.5257452130317688	True	11	46739505		ENSG00000180210	ENSG00000180210	cerebrovascular accident	CODING	drug	High	
ENSG00000180210_deep_vein_thrombosis_nan	L2G	ENSG00000180210	0.5257452130317688	1.0	True	True	True	0.5257452130317688	True	11	46739505		ENSG00000180210	ENSG00000180210	deep vein thrombosis	CODING	drug	High	
ENSG00000197891_gout_nan	L2G	ENSG00000197891	0.6326772570610046	1.0	True	True	True	0.6326772570610046	True	11	64566642		ENSG00000197891	ENSG00000197891	gout	CODING	drug	High	
ENSG00000168065_gout_nan	L2G	ENSG00000168065	0.6126989722251892	1.0	True	True	True	0.6126989722251892	True	11	64566642		ENSG00000168065	ENSG00000168065	gout	CODING	drug	High	
ENSG00000196611_chronic_obstructive__nan	L2G	ENSG00000196611	0.7132434844970703	1.0	True	True	True	0.7132434844970703	True	11	102850214		ENSG00000196611	ENSG00000196611	chronic obstructive pulmonary disease	CODING	drug	High	
ENSG00000137745_chronic_obstructive__nan	L2G	ENSG00000137745	0.4629942774772644	1.0	True	True	True	0.4629942774772644	True	11	102850214		ENSG00000137745	ENSG00000137745	chronic obstructive pulmonary disease	CODING	drug	High	
ENSG00000149295_schizophrenia_nan	L2G	ENSG00000149295	0.7588614225387573	1.0	True	True	True	0.7588614225387573	True	11	113345201		ENSG00000149295	ENSG00000149295	schizophrenia	CODING	drug	High	
ENSG00000149295_anxiety_nan	L2G	ENSG00000149295	0.7588614225387573	1.0	True	True	True	0.7588614225387573	True	11	113493925		ENSG00000149295	ENSG00000149295	anxiety	CODING	drug	High	
ENSG00000149295_unipolar_depression_nan	L2G	ENSG00000149295	0.7588614225387573	1.0	True	True	True	0.7588614225387573	True	11	113500036		ENSG00000149295	ENSG00000149295	unipolar depression	CODING	drug	High	
ENSG00000149295_mood_disorder_nan	L2G	ENSG00000149295	0.7588614225387573	1.0	True	True	True	0.7588614225387573	True	11	113515625		ENSG00000149295	ENSG00000149295	mood disorder	CODING	drug	High	
ENSG00000149295_autism_spectrum_diso_nan	L2G	ENSG00000149295	0.7588614225387573	1.0	True	True	True	0.7588614225387573	True	11	113541721		ENSG00000149295	ENSG00000149295	autism spectrum disorder	CODING	drug	High	
ENSG00000166736_prostate_carcinoma_nan	L2G	ENSG00000166736	0.2250097841024398	1.0	True	True	True	0.2250097841024398	True	11	113936459		ENSG00000166736	ENSG00000166736	prostate carcinoma	CODING	drug	High	
ENSG00000172572_Ischemic_stroke_nan	L2G	ENSG00000172572	0.8692797422409058	1.0	True	True	True	0.8692797422409058	True	12	20424659		ENSG00000172572	ENSG00000172572	Ischemic stroke	CODING	drug	High	
ENSG00000111424_hypertension_nan	L2G	ENSG00000111424	0.5791019797325134	1.0	True	True	True	0.5791019797325134	True	12	47792780		ENSG00000111424	ENSG00000111424	hypertension	CODING	drug	High	
ENSG00000111424_chronic_obstructive__nan	L2G	ENSG00000111424	0.5791019797325134	1.0	True	True	True	0.5791019797325134	True	12	47810716		ENSG00000111424	ENSG00000111424	chronic obstructive pulmonary disease	CODING	drug	High	
ENSG00000111424_psoriasis_nan	L2G	ENSG00000111424	0.5791019797325134	1.0	True	True	True	0.5791019797325134	True	12	47814585		ENSG00000111424	ENSG00000111424	psoriasis	CODING	drug	High	
ENSG00000111424_Crohn's_disease_nan	L2G	ENSG00000111424	0.5791019797325134	1.0	True	True	True	0.5791019797325134	True	12	47814585		ENSG00000111424	ENSG00000111424	Crohn's disease	CODING	drug	High	
ENSG00000111424_rheumatoid_arthritis_nan	L2G	ENSG00000111424	0.5791019797325134	1.0	True	True	True	0.5791019797325134	True	12	48021974		ENSG00000111424	ENSG00000111424	rheumatoid arthritis	CODING	drug	High	
ENSG00000110944_psoriasis_nan	L2G	ENSG00000110944	0.2411159723997116	1.0	True	True	True	0.2411159723997116	True	12	56344189		ENSG00000110944	ENSG00000110944	psoriasis	CODING	drug	High	
ENSG00000110944_psoriasis_vulgaris_nan	L2G	ENSG00000110944	0.2411159723997116	1.0	True	True	True	0.2411159723997116	True	12	56356420		ENSG00000110944	ENSG00000110944	psoriasis vulgaris	CODING	drug	High	
ENSG00000111275_alcohol_dependence_nan	L2G	ENSG00000111275	0.8533095717430115	1.0	True	True	True	0.8533095717430115	True	12	111803962		ENSG00000111275	ENSG00000111275	alcohol dependence	CODING	drug	High	
ENSG00000133105_cardiovascular_syste_nan	L2G	ENSG00000133105	0.3810060322284698	1.0	True	True	True	0.3810060322284698	True	13	31671676		ENSG00000133105	ENSG00000133105	cardiovascular system disease	CODING	drug	High	
ENSG00000126218_osteoarthritis_nan	L2G	ENSG00000126218	0.6828978657722473	1.0	True	True	True	0.6828978657722473	True	13	113040195		ENSG00000126218	ENSG00000126218	osteoarthritis	CODING	drug	High	
ENSG00000126218_atrial_fibrillation_nan	L2G	ENSG00000126218	0.6828978657722473	1.0	True	True	True	0.6828978657722473	True	13	113218398		ENSG00000126218	ENSG00000126218	atrial fibrillation	CODING	drug	High	
ENSG00000140009_unipolar_depression_nan	L2G	ENSG00000140009	0.8221388459205627	1.0	True	True	True	0.8221388459205627	True	14	64219489		ENSG00000140009	ENSG00000140009	unipolar depression	CODING	drug	High	
ENSG00000074410_heart_failure_nan	L2G	ENSG00000074410	0.1466798335313797	1.0	True	True	True	0.1466798335313797	True	15	63445726		ENSG00000074410	ENSG00000074410	heart failure	CODING	drug	High	
ENSG00000138622_atrial_fibrillation_nan	L2G	ENSG00000138622	0.8162733912467957	1.0	True	True	True	0.8162733912467957	True	15	73359833		ENSG00000138622	ENSG00000138622	atrial fibrillation	CODING	drug	High	
ENSG00000077238_Eczema_nan	L2G	ENSG00000077238	0.8975158929824829	1.0	True	True	True	0.8975158929824829	True	16	27360218		ENSG00000077238	ENSG00000077238	Eczema	CODING	drug	High	
ENSG00000070915_metabolic_syndrome_nan	L2G	ENSG00000070915	0.1465798765420913	1.0	True	True	True	0.1465798765420913	True	16	56954132		ENSG00000070915	ENSG00000070915	metabolic syndrome	REGULATORY	drug	High	
ENSG00000070915_diabetes_mellitus_nan	L2G	ENSG00000070915	0.1465798765420913	1.0	True	True	True	0.1465798765420913	True	16	56956804		ENSG00000070915	ENSG00000070915	diabetes mellitus	CODING	drug	High	
ENSG00000070915_heart_failure_nan	L2G	ENSG00000070915	0.1465798765420913	1.0	True	True	True	0.1465798765420913	True	16	56956804		ENSG00000070915	ENSG00000070915	heart failure	CODING	drug	High	
ENSG00000258947_cancer_nan	L2G	ENSG00000258947	0.1577421277761459	1.0	True	True	True	0.1577421277761459	True	16	89957798		ENSG00000258947	ENSG00000258947	cancer	CODING	drug	High	
ENSG00000258947_squamous_cell_carcin_nan	L2G	ENSG00000258947	0.1577421277761459	1.0	True	True	True	0.1577421277761459	True	16	89960104		ENSG00000258947	ENSG00000258947	squamous cell carcinoma	CODING	drug	High	
ENSG00000159640_cardiovascular_syste_nan	L2G	ENSG00000159640	0.7812104821205139	1.0	True	True	True	0.7812104821205139	True	17	63471557		ENSG00000159640	ENSG00000159640	cardiovascular system disease	CODING	drug	High	
ENSG00000159640_hypertension_nan	L2G	ENSG00000159640	0.7812104821205139	1.0	True	True	True	0.7812104821205139	True	17	63471587		ENSG00000159640	ENSG00000159640	hypertension	CODING	drug	High	
ENSG00000171791_chronic_lymphocytic__nan	L2G	ENSG00000171791	0.9078542590141296	1.0	True	True	True	0.9078542590141296	True	18	63121512		ENSG00000171791	ENSG00000171791	chronic lymphocytic leukemia	CODING	drug	High	
ENSG00000171303_hypertension_nan	L2G	ENSG00000171303	0.7552927732467651	1.0	True	True	True	0.7552927732467651	True	2	26691496		ENSG00000171303	ENSG00000171303	hypertension	CODING	drug	High	
ENSG00000277893_androgenetic_alopeci_nan	L2G	ENSG00000277893	0.66541588306427	1.0	True	True	True	0.66541588306427	True	2	31580756		ENSG00000277893	ENSG00000277893	androgenetic alopecia	CODING	drug	High	
ENSG00000138039_polycystic_ovary_syn_nan	L2G	ENSG00000138039	0.5236791968345642	1.0	True	True	True	0.5236791968345642	True	2	48751020		ENSG00000138039	ENSG00000138039	polycystic ovary syndrome	CODING	drug	High	
ENSG00000170820_polycystic_ovary_syn_nan	L2G	ENSG00000170820	0.8028769493103027	1.0	True	True	True	0.8028769493103027	True	2	48974473		ENSG00000170820	ENSG00000170820	polycystic ovary syndrome	CODING	drug	High	
ENSG00000197635_schizophrenia_nan	L2G	ENSG00000197635	0.8205702900886536	1.0	True	True	True	0.8205702900886536	True	2	161989345		ENSG00000197635	ENSG00000197635	schizophrenia	CODING	drug	High	
ENSG00000115232_Crohn's_disease_nan	L2G	ENSG00000115232	0.8606051802635193	1.0	True	True	True	0.8606051802635193	True	2	181443625		ENSG00000115232	ENSG00000115232	Crohn's disease	CODING	drug	High	
ENSG00000101162_breast_carcinoma_nan	L2G	ENSG00000101162	0.7572972774505615	1.0	True	True	True	0.7572972774505615	True	20	59084069		ENSG00000101162	ENSG00000101162	breast carcinoma	CODING	drug	High	
PPARG_diabetes_mellitus_nan	L2G	ENSG00000132170	0.8215081691741943	1.0	True	True	True	0.8215081691741943	True	3	12288284		ENSG00000132170	PPARG	diabetes mellitus	CODING	drug	High	
PPARG_type_II_diabetes_mel_nan	L2G	ENSG00000132170	0.8215081691741943	1.0	True	True	True	0.8215081691741943	True	3	12288284		ENSG00000132170	PPARG	type II diabetes mellitus	CODING	drug	High	
ENSG00000183873_atrial_fibrillation_nan	L2G	ENSG00000183873	0.8312934637069702	1.0	True	True	True	0.8312934637069702	True	3	38592651		ENSG00000183873	ENSG00000183873	atrial fibrillation	CODING	drug	High	
ENSG00000160791_HIV-1_infection_nan	L2G	ENSG00000160791	0.5960127115249634	1.0	True	True	True	0.5960127115249634	True	3	46410189		ENSG00000160791	ENSG00000160791	HIV-1 infection	CODING	drug	High	
ENSG00000121594_primary_biliary_cirr_nan	L2G	ENSG00000121594	0.7197692394256592	1.0	True	True	True	0.7197692394256592	True	3	119431242		ENSG00000121594	ENSG00000121594	primary biliary cirrhosis	CODING	drug	High	
ENSG00000151834_ulcerative_colitis_nan	L2G	ENSG00000151834	0.7271857261657715	1.0	True	True	True	0.7271857261657715	True	4	46541289		ENSG00000151834	ENSG00000151834	ulcerative colitis	CODING	drug	High	
ENSG00000151623_atrial_fibrillation_nan	L2G	ENSG00000151623	0.7737697958946228	1.0	True	True	True	0.7737697958946228	True	4	148016386		ENSG00000151623	ENSG00000151623	atrial fibrillation	CODING	drug	High	
ENSG00000061918_coronary_artery_dise_nan	L2G	ENSG00000061918	0.3088357150554657	1.0	True	True	True	0.3088357150554657	True	4	155693032		ENSG00000061918	ENSG00000061918	coronary artery disease	CODING	drug	High	
ENSG00000061918_myocardial_infarctio_nan	L2G	ENSG00000061918	0.3088357150554657	1.0	True	True	True	0.3088357150554657	True	4	155718736		ENSG00000061918	ENSG00000061918	myocardial infarction	CODING	drug	High	
ENSG00000061918_hypertension_nan	L2G	ENSG00000061918	0.3088357150554657	1.0	True	True	True	0.3088357150554657	True	4	155721732		ENSG00000061918	ENSG00000061918	hypertension	CODING	drug	High	
ENSG00000061918_cardiovascular_syste_nan	L2G	ENSG00000061918	0.3088357150554657	1.0	True	True	True	0.3088357150554657	True	4	155725188		ENSG00000061918	ENSG00000061918	cardiovascular system disease	CODING	drug	High	
ENSG00000142319_insomnia_nan	L2G	ENSG00000142319	0.0498126037418842	1.0	True	True	True	0.0498126037418842	True	5	1442864		ENSG00000142319	ENSG00000142319	insomnia	CODING	drug	High	
ENSG00000113161_hyperlipidemia_nan	L2G	ENSG00000113161	0.6277629733085632	1.0	True	True	True	0.6277629733085632	True	5	75309395		ENSG00000113161	ENSG00000113161	hyperlipidemia	REGULATORY	drug	High	
ENSG00000113161_Hypercholesterolemia_nan	L2G	ENSG00000113161	0.6277629733085632	1.0	True	True	True	0.6277629733085632	True	5	75309395		ENSG00000113161	ENSG00000113161	Hypercholesterolemia	REGULATORY	drug	High	
ENSG00000113161_Disorder_of_lipid_me_nan	L2G	ENSG00000113161	0.6277629733085632	1.0	True	True	True	0.6277629733085632	True	5	75309395		ENSG00000113161	ENSG00000113161	Disorder of lipid metabolism	REGULATORY	drug	High	
ENSG00000113161_cerebrovascular_acci_nan	L2G	ENSG00000113161	0.6277629733085632	1.0	True	True	True	0.6277629733085632	True	5	75329662		ENSG00000113161	ENSG00000113161	cerebrovascular accident	CODING	drug	High	
ENSG00000113161_atrial_fibrillation_nan	L2G	ENSG00000113161	0.6277629733085632	1.0	True	True	True	0.6277629733085632	True	5	75329662		ENSG00000113161	ENSG00000113161	atrial fibrillation	CODING	drug	High	
ENSG00000113161_heart_failure_nan	L2G	ENSG00000113161	0.6277629733085632	1.0	True	True	True	0.6277629733085632	True	5	75329662		ENSG00000113161	ENSG00000113161	heart failure	CODING	drug	High	
ENSG00000113161_diabetes_mellitus_nan	L2G	ENSG00000113161	0.6277629733085632	1.0	True	True	True	0.6277629733085632	True	5	75329662		ENSG00000113161	ENSG00000113161	diabetes mellitus	CODING	drug	High	
ENSG00000113161_coronary_heart_disea_nan	L2G	ENSG00000113161	0.6277629733085632	1.0	True	True	True	0.6277629733085632	True	5	75329662		ENSG00000113161	ENSG00000113161	coronary heart disease	CODING	drug	High	
ENSG00000113161_cardiovascular_syste_nan	L2G	ENSG00000113161	0.6277629733085632	1.0	True	True	True	0.6277629733085632	True	5	75360714		ENSG00000113161	ENSG00000113161	cardiovascular system disease	CODING	drug	High	
ENSG00000113525_asthma_nan	L2G	ENSG00000113525	0.1620352119207382	1.0	True	True	True	0.1620352119207382	True	5	132461855		ENSG00000113525	ENSG00000113525	asthma	CODING	drug	High	
ENSG00000113580_atrial_fibrillation_nan	L2G	ENSG00000113580	0.8344990611076355	1.0	True	True	True	0.8344990611076355	True	5	143270839		ENSG00000113580	ENSG00000113580	atrial fibrillation	CODING	drug	High	
ENSG00000113302_psoriasis_nan	L2G	ENSG00000113302	0.8267093300819397	1.0	True	True	True	0.8267093300819397	True	5	159242905		ENSG00000113302	ENSG00000113302	psoriasis	CODING	drug	High	
ENSG00000113302_psoriatic_arthritis_nan	L2G	ENSG00000113302	0.8267093300819397	1.0	True	True	True	0.8267093300819397	True	5	159328837		ENSG00000113302	ENSG00000113302	psoriatic arthritis	CODING	drug	High	
ENSG00000022355_anxiety_nan	L2G	ENSG00000022355	0.0385171063244342	1.0	True	True	True	0.0385171063244342	True	5	161984283		ENSG00000022355	ENSG00000022355	anxiety	CODING	drug	High	
ENSG00000113327_anxiety_nan	L2G	ENSG00000113327	0.7652440071105957	1.0	True	True	True	0.7652440071105957	True	5	161984283		ENSG00000113327	ENSG00000113327	anxiety	CODING	drug	High	
ENSG00000196230_prostate_carcinoma_nan	L2G	ENSG00000196230	0.0750522091984748	1.0	True	True	True	0.0750522091984748	True	6	30633455		ENSG00000196230	ENSG00000196230	prostate carcinoma	CODING	drug	High	
ENSG00000232810_ulcerative_colitis_nan	L2G	ENSG00000232810	0.1129538342356681	1.0	True	True	True	0.1129538342356681	True	6	31481085		ENSG00000232810	ENSG00000232810	ulcerative colitis	CODING	drug	High	
ENSG00000232810_Crohn's_disease_nan	L2G	ENSG00000232810	0.1129538342356681	1.0	True	True	True	0.1129538342356681	True	6	31574531		ENSG00000232810	ENSG00000232810	Crohn's disease	CODING	drug	High	
ENSG00000232810_hypertension_nan	L2G	ENSG00000232810	0.1129538342356681	1.0	True	True	True	0.1129538342356681	True	6	31648589		ENSG00000232810	ENSG00000232810	hypertension	CODING	drug	High	
ENSG00000232810_rheumatoid_arthritis_nan	L2G	ENSG00000232810	0.1129538342356681	1.0	True	True	True	0.1129538342356681	True	6	31654829		ENSG00000232810	ENSG00000232810	rheumatoid arthritis	CODING	drug	High	
ENSG00000112164_type_II_diabetes_mel_nan	L2G	ENSG00000112164	0.2619591057300567	1.0	True	True	True	0.2619591057300567	True	6	39071364		ENSG00000112164	ENSG00000112164	type II diabetes mellitus	CODING	drug	High	
ENSG00000112164_myocardial_infarctio_nan	L2G	ENSG00000112164	0.2619591057300567	1.0	True	True	True	0.2619591057300567	True	6	39156672		ENSG00000112164	ENSG00000112164	myocardial infarction	CODING	drug	High	
ENSG00000112715_wet_macular_degenera_nan	L2G	ENSG00000112715	0.7375319004058838	1.0	True	True	True	0.7375319004058838	True	6	43858890		ENSG00000112715	ENSG00000112715	wet macular degeneration	CODING	drug	High	
ENSG00000112715_age-related_macular__nan	L2G	ENSG00000112715	0.7375319004058838	1.0	True	True	True	0.7375319004058838	True	6	43858890		ENSG00000112715	ENSG00000112715	age-related macular degeneration	CODING	drug	High	
ENSG00000091831_breast_carcinoma_nan	L2G	ENSG00000091831	0.8552672863006592	1.0	True	True	True	0.8552672863006592	True	6	151592978		ENSG00000091831	ENSG00000091831	breast carcinoma	CODING	drug	High	
ENSG00000091831_unipolar_depression_nan	L2G	ENSG00000091831	0.8552672863006592	1.0	True	True	True	0.8552672863006592	True	6	151604372		ENSG00000091831	ENSG00000091831	unipolar depression	CODING	drug	High	
ENSG00000122194_coronary_artery_dise_nan	L2G	ENSG00000122194	0.8971262574195862	1.0	True	True	True	0.8971262574195862	True	6	160666831		ENSG00000122194	ENSG00000122194	coronary artery disease	CODING	drug	High	
ENSG00000122194_myocardial_infarctio_nan	L2G	ENSG00000122194	0.8971262574195862	1.0	True	True	True	0.8971262574195862	True	6	160687112		ENSG00000122194	ENSG00000122194	myocardial infarction	CODING	drug	High	
ENSG00000015520_cardiovascular_syste_nan	L2G	ENSG00000015520	0.7612727284431458	1.0	True	True	True	0.7612727284431458	True	7	44542387		ENSG00000015520	ENSG00000015520	cardiovascular system disease	CODING	drug	High	
ENSG00000015520_Hypercholesterolemia_nan	L2G	ENSG00000015520	0.7612727284431458	1.0	True	True	True	0.7612727284431458	True	7	44544952		ENSG00000015520	ENSG00000015520	Hypercholesterolemia	REGULATORY	drug	High	
ENSG00000055118_atrial_fibrillation_nan	L2G	ENSG00000055118	0.7171313762664795	1.0	True	True	True	0.7171313762664795	True	7	150964321		ENSG00000055118	ENSG00000055118	atrial fibrillation	CODING	drug	High	
ENSG00000055118_cardiovascular_syste_nan	L2G	ENSG00000055118	0.7171313762664795	1.0	True	True	True	0.7171313762664795	True	7	150993088		ENSG00000055118	ENSG00000055118	cardiovascular system disease	CODING	drug	High	
JAK2_polycythemia_vera_nan	L2G	ENSG00000096968	0.7464425563812256	1.0	True	True	True	0.7464425563812256	True	9	5049092		ENSG00000096968	JAK2	polycythemia vera	CODING	drug	High	
ENSG00000147955_ulcerative_colitis_nan	L2G	ENSG00000147955	0.0801735073328018	1.0	True	True	True	0.0801735073328018	True	9	34710263		ENSG00000147955	ENSG00000147955	ulcerative colitis	CODING	drug	High	
ENSG00000147955_Crohn's_disease_nan	L2G	ENSG00000147955	0.0801735073328018	1.0	True	True	True	0.0801735073328018	True	9	34710263		ENSG00000147955	ENSG00000147955	Crohn's disease	CODING	drug	High	
ENSG00000165029_Hypercholesterolemia_nan	L2G	ENSG00000165029	0.9310108423233032	1.0	True	True	True	0.9310108423233032	True	9	104902020		ENSG00000165029	ENSG00000165029	Hypercholesterolemia	REGULATORY	drug	High	
ENSG00000165029_hyperlipidemia_nan	L2G	ENSG00000165029	0.9310108423233032	1.0	True	True	True	0.9310108423233032	True	9	104903697		ENSG00000165029	ENSG00000165029	hyperlipidemia	REGULATORY	drug	High	
ENSG00000106804_immune_system_diseas_nan	L2G	ENSG00000106804	0.1203380450606346	1.0	True	True	True	0.1203380450606346	True	9	120878222		ENSG00000106804	ENSG00000106804	immune system disease	CODING	drug	High	
ENSG00000169083_prostate_carcinoma_nan	L2G	ENSG00000169083	0.5992618203163147	1.0	True	True	True	0.5992618203163147	True	X	67801708		ENSG00000169083	ENSG00000169083	prostate carcinoma	CODING	drug	High	
ENSG00000122859_type_II_diabetes_mel_nan	L2G	ENSG00000122859	0.599001944065094	1.0	True	True	True	0.599001944065094	True	10	69513601		ENSG00000122859	ENSG00000122859	type II diabetes mellitus	REGULATORY	functional observational	High	
ENSG00000167244_type_II_diabetes_mel_nan	L2G	ENSG00000167244	0.6577470898628235	1.0	True	True	True	0.6577470898628235	True	11	2140300		ENSG00000167244	ENSG00000167244	type II diabetes mellitus	REGULATORY	functional observational	High	
KCNJ11_type_II_diabetes_mel_nan	L2G	ENSG00000187486	0.8134169578552246	1.0	True	True	True	0.8134169578552246	True	11	17386857		ENSG00000187486	KCNJ11	type II diabetes mellitus	REGULATORY	functional observational	High	
MTNR1B_type_II_diabetes_mel_nan	L2G	ENSG00000134640	0.88795006275177	1.0	True	True	True	0.88795006275177	True	11	92935809		ENSG00000134640	MTNR1B	type II diabetes mellitus	REGULATORY	functional observational	High	
ENSG00000075035_type_II_diabetes_mel_nan	L2G	ENSG00000075035	0.8698465824127197	1.0	True	True	True	0.8698465824127197	True	12	108219374		ENSG00000075035	ENSG00000075035	type II diabetes mellitus	REGULATORY	functional observational	High	
HNF1A_type_II_diabetes_mel_nan	L2G	ENSG00000135100	0.7953790426254272	1.0	True	True	True	0.7953790426254272	True	12	120890006		ENSG00000135100	HNF1A	type II diabetes mellitus	REGULATORY	functional observational	High	
ENSG00000174326_type_II_diabetes_mel_nan	L2G	ENSG00000174326	0.5730338096618652	1.0	True	True	True	0.5730338096618652	True	17	7037074		ENSG00000174326	ENSG00000174326	type II diabetes mellitus	REGULATORY	functional observational	High	
MC4R_type_II_diabetes_mel_nan	L2G	ENSG00000166603	0.8811888694763184	1.0	True	True	True	0.8811888694763184	True	18	60171168		ENSG00000166603	MC4R	type II diabetes mellitus	REGULATORY	functional observational	High	
ENSG00000213996_type_II_diabetes_mel_nan	L2G	ENSG00000213996	0.6228811144828796	1.0	True	True	True	0.6228811144828796	True	19	19268740		ENSG00000213996	ENSG00000213996	type II diabetes mellitus	REGULATORY	functional observational	High	
APOE_type_II_diabetes_mel_nan	L2G	ENSG00000130203	0.7277859449386597	1.0	True	True	True	0.7277859449386597	True	19	44888997		ENSG00000130203	APOE	type II diabetes mellitus	REGULATORY	functional observational	High	
ENSG00000010310_type_II_diabetes_mel_nan	L2G	ENSG00000010310	0.7141301035881042	1.0	True	True	True	0.7141301035881042	True	19	45644269		ENSG00000010310	ENSG00000010310	type II diabetes mellitus	REGULATORY	functional observational	High	
ENSG00000084734_type_II_diabetes_mel_nan	L2G	ENSG00000084734	0.6261561512947083	1.0	True	True	True	0.6261561512947083	True	2	27508073		ENSG00000084734	ENSG00000084734	type II diabetes mellitus	REGULATORY	functional observational	High	
ENSG00000101076_type_II_diabetes_mel_nan	L2G	ENSG00000101076	0.92031592130661	1.0	True	True	True	0.92031592130661	True	20	44318326		ENSG00000101076	ENSG00000101076	type II diabetes mellitus	REGULATORY	functional observational	High	
PNPLA3_type_II_diabetes_mel_nan	L2G	ENSG00000100344	0.8552888631820679	1.0	True	True	True	0.8552888631820679	True	22	43928847		ENSG00000100344	PNPLA3	type II diabetes mellitus	REGULATORY	functional observational	High	
ENSG00000109501_type_II_diabetes_mel_nan	L2G	ENSG00000109501	0.8024026155471802	1.0	True	True	True	0.8024026155471802	True	4	6268329		ENSG00000109501	ENSG00000109501	type II diabetes mellitus	REGULATORY	functional observational	High	
ENSG00000154122_type_II_diabetes_mel_nan	L2G	ENSG00000154122	0.8010745048522949	1.0	True	True	True	0.8010745048522949	True	5	14751196		ENSG00000154122	ENSG00000154122	type II diabetes mellitus	REGULATORY	functional observational	High	
ENSG00000152359_type_II_diabetes_mel_nan	L2G	ENSG00000152359	0.5896875858306885	1.0	True	True	True	0.5896875858306885	True	5	75707853		ENSG00000152359	ENSG00000152359	type II diabetes mellitus	REGULATORY	functional observational	High	
ENSG00000145730_type_II_diabetes_mel_nan	L2G	ENSG00000145730	0.6353890299797058	1.0	True	True	True	0.6353890299797058	True	5	102764872		ENSG00000145730	ENSG00000145730	type II diabetes mellitus	REGULATORY	functional observational	High	
ENSG00000124782_type_II_diabetes_mel_nan	L2G	ENSG00000124782	0.8619557619094849	1.0	True	True	True	0.8619557619094849	True	6	7226726		ENSG00000124782	ENSG00000124782	type II diabetes mellitus	REGULATORY	functional observational	High	
GCK_type_II_diabetes_mel_nan	L2G	ENSG00000106633	0.7246212363243103	1.0	True	True	True	0.7246212363243103	True	7	44135258		ENSG00000106633	GCK	type II diabetes mellitus	REGULATORY	functional observational	High	
ENSG00000106331_type_II_diabetes_mel_nan	L2G	ENSG00000106331	0.5701673626899719	1.0	True	True	True	0.5701673626899719	True	7	127524904		ENSG00000106331	ENSG00000106331	type II diabetes mellitus	REGULATORY	functional observational	High	
ENSG00000130675_type_II_diabetes_mel_nan	L2G	ENSG00000130675	0.0272760353982448	1.0	True	True	True	0.0272760353982448	True	7	157191153		ENSG00000130675	ENSG00000130675	type II diabetes mellitus	REGULATORY	functional observational	High	
ENSG00000175445_type_II_diabetes_mel_nan	L2G	ENSG00000175445	0.8615663647651672	1.0	True	True	True	0.8615663647651672	True	8	19962213		ENSG00000175445	ENSG00000175445	type II diabetes mellitus	REGULATORY	functional observational	High	
ENSG00000164756_type_II_diabetes_mel_nan	L2G	ENSG00000164756	0.7899865508079529	1.0	True	True	True	0.7899865508079529	True	8	117012076		ENSG00000164756	ENSG00000164756	type II diabetes mellitus	REGULATORY	functional observational	High	
ENSG00000107249_type_II_diabetes_mel_nan	L2G	ENSG00000107249	0.9066818952560424	1.0	True	True	True	0.9066818952560424	True	9	4287466		ENSG00000107249	ENSG00000107249	type II diabetes mellitus	REGULATORY	functional observational	High	
ENSG00000134243_myocardial_infarctio_nan	L2G	ENSG00000134243	0.3018595576286316	1.0	True	True	True	0.3018595576286316	True	1	109275684		ENSG00000134243	ENSG00000134243	myocardial infarction	REGULATORY	functional observational|functional experimental	High	
ENSG00000249859_prostate_carcinoma_nan	L2G	ENSG00000212993	0.8183590769767761		False	False	False		True	8	127310936		ENSG00000249859	ENSG00000249859	prostate carcinoma	REGULATORY	functional observational	High	
ENSG00000110092_breast_carcinoma_nan	L2G	ENSG00000110092	0.8524755835533142	1.0	True	True	True	0.8524755835533142	True	11	69516874		ENSG00000110092	ENSG00000110092	breast carcinoma	REGULATORY	functional observational|functional experimental	High	
ENSG00000119866_fetal_hemoglobin_mea_nan	L2G	ENSG00000119866	0.8622336387634277	1.0	True	True	True	0.8622336387634277	True	2	60493111		ENSG00000119866	ENSG00000119866	fetal hemoglobin measurement	REGULATORY	functional observational|functional experimental	High	
IRX3_obesity_nan	L2G	ENSG00000177508	0.2697976529598236	1.0	True	True	True	0.2697976529598236	True	16	53767042		ENSG00000177508	IRX3	obesity	REGULATORY	functional observational|functional experimental	High	
ENSG00000115461_breast_carcinoma_nan	L2G	ENSG00000115461	0.6479024291038513	1.0	True	True	True	0.6479024291038513	True	2	217056046		ENSG00000115461	ENSG00000115461	breast carcinoma	REGULATORY	functional observational|functional experimental	High	
ENSG00000176842_obesity_nan	L2G	ENSG00000140718	0.7442106604576111		False	False	False		True	16	53767042		ENSG00000176842	ENSG00000176842	obesity	REGULATORY	functional observational|functional experimental	High	
SNCA_Parkinson's_disease_nan	L2G	ENSG00000145335	0.8933364748954773	1.0	True	True	True	0.8933364748954773	True	4	89716450		ENSG00000145335	SNCA	Parkinson's disease	REGULATORY	functional observational	High	
ENSG00000253438_prostate_carcinoma_nan	L2G	ENSG00000212993	0.8183590769767761		False	False	False		True	8	127091692		ENSG00000253438	ENSG00000253438	prostate carcinoma	REGULATORY	functional observational|functional experimental	High	
ENSG00000127220_breast_carcinoma_nan	L2G	ENSG00000127220	0.3305785655975342	1.0	True	True	True	0.3305785655975342	True	19	17283116		ENSG00000127220	ENSG00000127220	breast carcinoma	REGULATORY	functional observational|functional experimental	High	
ENSG00000160117_breast_carcinoma_nan	L2G	ENSG00000160117	0.4489383101463318	1.0	True	True	True	0.4489383101463318	True	19	17283116		ENSG00000160117	ENSG00000160117	breast carcinoma	REGULATORY	functional observational|functional experimental	High	
ENSG00000070193_breast_carcinoma_nan	L2G	ENSG00000070193	0.7766759395599365	1.0	True	True	True	0.7766759395599365	True	5	44706396		ENSG00000070193	ENSG00000070193	breast carcinoma	REGULATORY	functional observational|functional experimental	High	
ENSG00000112996_breast_carcinoma_nan	L2G	ENSG00000112996	0.5777497291564941	1.0	True	True	True	0.5777497291564941	True	5	44706396		ENSG00000112996	ENSG00000112996	breast carcinoma	REGULATORY	functional observational|functional experimental	High	
ENSG00000214078_lipid_measurement_nan	L2G	ENSG00000214078	0.3172115385532379	1.0	True	True	True	0.3172115385532379	True	20	35564866		ENSG00000214078	ENSG00000214078	lipid measurement	REGULATORY	functional observational|functional experimental	High	
ENSG00000116641_lipid_measurement_nan	L2G	ENSG00000116641	0.6162198185920715	1.0	True	True	True	0.6162198185920715	True	1	62679768		ENSG00000116641	ENSG00000116641	lipid measurement	REGULATORY	functional observational|functional experimental	High	
ANGPTL3_lipid_measurement_nan	L2G	ENSG00000132855	0.3883585333824157	1.0	True	True	True	0.3883585333824157	True	1	62679768		ENSG00000132855	ANGPTL3	lipid measurement	REGULATORY	functional observational|functional experimental	High	
ENSG00000111816_lipid_measurement_nan	L2G	ENSG00000111816	0.8770371675491333	1.0	True	True	True	0.8770371675491333	True	6	116016340		ENSG00000111816	ENSG00000111816	lipid measurement	REGULATORY	functional observational|functional experimental	High	
ENSG00000091106_interleukin_18_measu_nan	L2G	ENSG00000091106	0.7396137714385986	1.0	True	True	True	0.7396137714385986	True	2	32264782		ENSG00000091106	ENSG00000091106	interleukin 18 measurement	REGULATORY	functional observational	High	
ENSG00000171094_breast_carcinoma_nan	L2G	ENSG00000171094	0.0101242838427424	1.0	True	True	True	0.0101242838427424	True	2	28896719		ENSG00000171094	ENSG00000171094	breast carcinoma	REGULATORY	functional observational	High	
ENSG00000171681_breast_carcinoma_nan	L2G	ENSG00000171681	0.7874748110771179	1.0	True	True	True	0.7874748110771179	True	12	14260997		ENSG00000171681	ENSG00000171681	breast carcinoma	REGULATORY	functional observational	High	
ENSG00000149311_breast_carcinoma_nan	L2G	ENSG00000149311	0.8719182014465332	1.0	True	True	True	0.8719182014465332	True	11	108474788		ENSG00000149311	ENSG00000149311	breast carcinoma	REGULATORY	functional observational	High	
ENSG00000139618_breast_carcinoma_nan	L2G	ENSG00000139618	0.5508735179901123	1.0	True	True	True	0.5508735179901123	True	13	32398489		ENSG00000139618	ENSG00000139618	breast carcinoma	REGULATORY	functional observational	High	
ENSG00000064012_breast_carcinoma_nan	L2G	ENSG00000064012	0.6265749335289001	1.0	True	True	True	0.6265749335289001	True	2	201258707		ENSG00000064012	ENSG00000064012	breast carcinoma	REGULATORY	functional observational	High	
ENSG00000105173_breast_carcinoma_nan	L2G	ENSG00000105173	0.606221079826355	1.0	True	True	True	0.606221079826355	True	19	29786822		ENSG00000105173	ENSG00000105173	breast carcinoma	REGULATORY	functional observational	High	
ENSG00000183765_breast_carcinoma_nan	L2G	ENSG00000183765	0.8319758772850037	1.0	True	True	True	0.8319758772850037	True	22	28876649		ENSG00000183765	ENSG00000183765	breast carcinoma	REGULATORY	functional observational	High	
ENSG00000005339_breast_carcinoma_nan	L2G	ENSG00000005339	0.4479875564575195	1.0	True	True	True	0.4479875564575195	True	16	4056787		ENSG00000005339	ENSG00000005339	breast carcinoma	REGULATORY	functional observational	High	
ENSG00000257923_breast_carcinoma_nan	L2G	ENSG00000257923	0.8167866468429565	1.0	True	True	True	0.8167866468429565	True	7	101909160		ENSG00000257923	ENSG00000257923	breast carcinoma	REGULATORY	functional observational	High	
ENSG00000119772_breast_carcinoma_nan	L2G	ENSG00000119772	0.8323618769645691	1.0	True	True	True	0.8323618769645691	True	2	24906604		ENSG00000119772	ENSG00000119772	breast carcinoma	REGULATORY	functional observational	High	
ENSG00000066468_breast_carcinoma_nan	L2G	ENSG00000066468	0.8658416271209717	1.0	True	True	True	0.8658416271209717	True	10	121580917		ENSG00000066468	ENSG00000066468	breast carcinoma	REGULATORY	functional observational	High	
ENSG00000107485_breast_carcinoma_nan	L2G	ENSG00000107485	0.3921977877616882	1.0	True	True	True	0.3921977877616882	True	10	9046150		ENSG00000107485	ENSG00000107485	breast carcinoma	REGULATORY	functional observational	High	
ENSG00000102554_breast_carcinoma_nan	L2G	ENSG00000102554	0.4765167236328125	1.0	True	True	True	0.4765167236328125	True	13	73383544		ENSG00000102554	ENSG00000102554	breast carcinoma	REGULATORY	functional observational	High	
ENSG00000095015_breast_carcinoma_nan	L2G	ENSG00000095015	0.7459741234779358	1.0	True	True	True	0.7459741234779358	True	5	56731413		ENSG00000095015	ENSG00000095015	breast carcinoma	REGULATORY	functional observational	High	
ENSG00000136997_breast_carcinoma_nan	L2G	ENSG00000136997	0.7746846079826355	1.0	True	True	True	0.7746846079826355	True	8	127359926		ENSG00000136997	ENSG00000136997	breast carcinoma	REGULATORY	functional observational	High	
ENSG00000196712_breast_carcinoma_nan	L2G	ENSG00000196712	0.5152963399887085	1.0	True	True	True	0.5152963399887085	True	17	30853978		ENSG00000196712	ENSG00000196712	breast carcinoma	REGULATORY	functional observational	High	
ENSG00000152217_breast_carcinoma_nan	L2G	ENSG00000152217	0.8779273629188538	1.0	True	True	True	0.8779273629188538	True	18	44831838		ENSG00000152217	ENSG00000152217	breast carcinoma	REGULATORY	functional observational	High	
ENSG00000135111_breast_carcinoma_nan	L2G	ENSG00000135111	0.8524892330169678	1.0	True	True	True	0.8524892330169678	True	12	114668883		ENSG00000135111	ENSG00000135111	breast carcinoma	REGULATORY	functional observational	High	
ENSG00000168769_breast_carcinoma_nan	L2G	ENSG00000168769	0.9272082448005676	1.0	True	True	True	0.9272082448005676	True	4	105152352		ENSG00000168769	ENSG00000168769	breast carcinoma	REGULATORY	functional observational	High	
ENSG00000163513_breast_carcinoma_nan	L2G	ENSG00000163513	0.8367875814437866	1.0	True	True	True	0.8367875814437866	True	3	30643415		ENSG00000163513	ENSG00000163513	breast carcinoma	REGULATORY	functional observational	High	
ENSG00000185650_breast_carcinoma_nan	L2G	ENSG00000185650	0.6601881384849548	1.0	True	True	True	0.6601881384849548	True	14	68513118		ENSG00000185650	ENSG00000185650	breast carcinoma	REGULATORY	functional observational	High	
ENSG00000183779_breast_carcinoma_nan	L2G	ENSG00000183779	0.0239978190511465	1.0	True	True	True	0.0239978190511465	True	8	36992428		ENSG00000183779	ENSG00000183779	breast carcinoma	REGULATORY	functional observational	High	
ENSG00000177000_folic_acid_measureme_nan	L2G	ENSG00000177000	0.5085261464118958	1.0	True	True	True	0.5085261464118958	True	1	11796321		ENSG00000177000	ENSG00000177000	folic acid measurement	CODING	expert curated	High	
ENSG00000162551_nephrolithiasis_nan	L2G	ENSG00000162551	0.8435616493225098	1.0	True	True	True	0.8435616493225098	True	1	21577881		ENSG00000162551	ENSG00000162551	nephrolithiasis	CODING	expert curated	High	
PCSK9_low_density_lipoprot_nan	L2G	ENSG00000169174	0.8091106414794922	1.0	True	True	True	0.8091106414794922	True	1	55039974		ENSG00000169174	PCSK9	low density lipoprotein cholesterol measurement	REGULATORY	expert curated	High	
ENSG00000116678_wrist_fracture_nan	L2G	ENSG00000116678	0.830760657787323	1.0	True	True	True	0.830760657787323	True	1	65644601		ENSG00000116678	ENSG00000116678	wrist fracture	CODING	expert curated	High	
ENSG00000060718_osteoarthritis,_hip_nan	L2G	ENSG00000060718	0.7933724522590637	1.0	True	True	True	0.7933724522590637	True	1	103107371		ENSG00000060718	ENSG00000060718	osteoarthritis, hip	CODING	expert curated	High	
PTPN22_rheumatoid_arthritis_nan	L2G	ENSG00000134242	0.663339376449585	1.0	True	True	True	0.663339376449585	True	1	113834946		ENSG00000134242	PTPN22	rheumatoid arthritis	CODING	expert curated	High	
ENSG00000092621_glycine_measurement_nan	L2G	ENSG00000092621	0.7754506468772888	1.0	True	True	True	0.7754506468772888	True	1	119711883		ENSG00000092621	ENSG00000092621	glycine measurement	CODING	expert curated	High	
ENSG00000163554_nan_nan	L2G	ENSG00000163554	0.7388614416122437	1.0	True	True	True	0.7388614416122437	True	1	158626648		ENSG00000163554	ENSG00000163554		CODING	expert curated	High	
ENSG00000132693_C-reactive_protein_m_nan	L2G	ENSG00000132693	0.7403761148452759	1.0	True	True	True	0.7403761148452759	True	1	159709026		ENSG00000132693	ENSG00000132693	C-reactive protein measurement	CODING	expert curated	High	
ENSG00000198734_deep_vein_thrombosis_nan	L2G	ENSG00000198734	0.8101757168769836	1.0	True	True	True	0.8101757168769836	True	1	169549811		ENSG00000198734	ENSG00000198734	deep vein thrombosis	CODING	expert curated	High	
ENSG00000198756_osteoarthritis,_hip_nan	L2G	ENSG00000198756	0.8544915914535522	1.0	True	True	True	0.8544915914535522	True	1	183937111		ENSG00000198756	ENSG00000198756	osteoarthritis, hip	CODING	expert curated	High	
ENSG00000215182_bringing_up_phlegm,__nan	L2G	ENSG00000215182	0.0345004796981811	1.0	True	True	True	0.0345004796981811	True	11	1119225		ENSG00000215182	ENSG00000215182	bringing up phlegm, sputum or mucus on most days, self-reported	CODING	expert curated	High	
ENSG00000134827_pernicious_anemia_nan	L2G	ENSG00000134827	0.8646307587623596	1.0	True	True	True	0.8646307587623596	True	11	59855905		ENSG00000134827	ENSG00000134827	pernicious anemia	CODING	expert curated	High	
ENSG00000168959_worry_measurement_nan	L2G	ENSG00000168959	0.7241883277893066	1.0	True	True	True	0.7241883277893066	True	11	88999788		ENSG00000168959	ENSG00000168959	worry measurement	CODING	expert curated	High	
ENSG00000077498_skin_pigmentation_nan	L2G	ENSG00000077498	0.9371636509895324	1.0	True	True	True	0.9371636509895324	True	11	89284793		ENSG00000077498	ENSG00000077498	skin pigmentation	CODING	expert curated	High	
ENSG00000165323_retinal_detachment_nan	L2G	ENSG00000165323	0.7280733585357666	1.0	True	True	True	0.7280733585357666	True	11	92874700		ENSG00000165323	ENSG00000165323	retinal detachment	CODING	expert curated	High	
ENSG00000087494_osteoarthritis,_hip_nan	L2G	ENSG00000087494	0.7065953612327576	1.0	True	True	True	0.7065953612327576	True	12	27862037		ENSG00000087494	ENSG00000087494	osteoarthritis, hip	CODING	expert curated	High	
ENSG00000120659_bladder_calculus_nan	L2G	ENSG00000120659	0.810744047164917	1.0	True	True	True	0.810744047164917	True	13	42127603		ENSG00000120659	ENSG00000120659	bladder calculus	CODING	expert curated	High	
ENSG00000169208_diet_measurement_nan	L2G	ENSG00000169208	0.0053176051005721	1.0	True	True	True	0.0053176051005721	True	14	21569994		ENSG00000169208	ENSG00000169208	diet measurement	CODING	expert curated	High	
ENSG00000133937_balding_measurement_nan	L2G	ENSG00000133937	0.7038955688476562	1.0	True	True	True	0.7038955688476562	True	14	94770878		ENSG00000133937	ENSG00000133937	balding measurement	CODING	expert curated	High	
ENSG00000104044_skin_carcinoma_nan	L2G	ENSG00000104044	0.9187279343605042	1.0	True	True	True	0.9187279343605042	True	15	27985101		ENSG00000104044	ENSG00000104044	skin carcinoma	CODING	expert curated	High	
ENSG00000104044_skin_pigmentation_nan	L2G	ENSG00000104044	0.9187279343605042	1.0	True	True	True	0.9187279343605042	True	15	28289631		ENSG00000104044	ENSG00000104044	skin pigmentation	CODING	expert curated	High	
ENSG00000140285_multinodular_goiter_nan	L2G	ENSG00000140285	0.6251464486122131	1.0	True	True	True	0.6251464486122131	True	15	49414220		ENSG00000140285	ENSG00000140285	multinodular goiter	CODING	expert curated	High	
ENSG00000137834_peripheral_nervous_s_nan	L2G	ENSG00000137834	0.8582316637039185	1.0	True	True	True	0.8582316637039185	True	15	66742474		ENSG00000137834	ENSG00000137834	peripheral nervous system disease	CODING	expert curated	High	
ENSG00000140465_coffee_consumption_nan	L2G	ENSG00000140465	0.4278651773929596	1.0	True	True	True	0.4278651773929596	True	15	74735539		ENSG00000140465	ENSG00000140465	coffee consumption	CODING	expert curated	High	
ENSG00000140505_coffee_consumption_nan	L2G	ENSG00000140505	0.1484440714120865	1.0	True	True	True	0.1484440714120865	True	15	74735539		ENSG00000140505	ENSG00000140505	coffee consumption	CODING	expert curated	High	
ENSG00000140470_peripheral_nervous_s_nan	L2G	ENSG00000140470	0.8930529356002808	1.0	True	True	True	0.8930529356002808	True	15	100152748		ENSG00000140470	ENSG00000140470	peripheral nervous system disease	CODING	expert curated	High	
ENSG00000078328_Myopia_nan	L2G	ENSG00000078328	0.7646321654319763	1.0	True	True	True	0.7646321654319763	True	16	7409346		ENSG00000078328	ENSG00000078328	Myopia	CODING	expert curated	High	
UMOD_nephrolithiasis_nan	L2G	ENSG00000169344	0.7431482672691345	1.0	True	True	True	0.7431482672691345	True	16	20355185		ENSG00000169344	UMOD	nephrolithiasis	CODING	expert curated	High	
ENSG00000140905_glycine_measurement_nan	L2G	ENSG00000140905	0.0641963630914688	1.0	True	True	True	0.0641963630914688	True	16	81077298		ENSG00000140905	ENSG00000140905	glycine measurement	CODING	expert curated	High	
ENSG00000179588_plateletcrit_nan	L2G	ENSG00000179588	0.8396114110946655	1.0	True	True	True	0.8396114110946655	True	16	88493291		ENSG00000179588	ENSG00000179588	plateletcrit	CODING	expert curated	High	
ENSG00000258839_hair_color_nan	L2G	ENSG00000258839	0.6615155935287476	1.0	True	True	True	0.6615155935287476	True	16	89919510		ENSG00000258839	ENSG00000258839	hair color	CODING	expert curated	High	
ENSG00000258839_nan_nan	L2G	ENSG00000258839	0.6615155935287476	1.0	True	True	True	0.6615155935287476	True	16	89920138		ENSG00000258839	ENSG00000258839		CODING	expert curated	High	
ENSG00000007168_plateletcrit_nan	L2G	ENSG00000007168	0.0258512515574693	1.0	True	True	True	0.0258512515574693	True	17	2055242		ENSG00000007168	ENSG00000007168	plateletcrit	CODING	expert curated	High	
TP53_skin_carcinoma_nan	L2G	ENSG00000141510	0.5016291737556458	1.0	True	True	True	0.5016291737556458	True	17	7668434		ENSG00000141510	TP53	skin carcinoma	CODING	expert curated	High	
ENSG00000167941_bone_fracture_nan	L2G	ENSG00000167941	0.5982604026794434	1.0	True	True	True	0.5982604026794434	True	17	43721487		ENSG00000167941	ENSG00000167941	bone fracture	CODING	expert curated	High	
ENSG00000121075_heel_bone_mineral_de_nan	L2G	ENSG00000121075	0.0876852571964263	1.0	True	True	True	0.0876852571964263	True	17	60946637		ENSG00000121075	ENSG00000121075	heel bone mineral density	CODING	expert curated	High	
ENSG00000177150_heel_bone_mineral_de_nan	L2G	ENSG00000177150	0.1232439577579498	1.0	True	True	True	0.1232439577579498	True	18	13719511		ENSG00000177150	ENSG00000177150	heel bone mineral density	CODING	expert curated	High	
MC4R_lean_body_mass_nan	L2G	ENSG00000166603	0.8811888694763184	1.0	True	True	True	0.8811888694763184	True	18	60183694		ENSG00000166603	MC4R	lean body mass	CODING	expert curated	High	
ENSG00000141655_heel_bone_mineral_de_nan	L2G	ENSG00000141655	0.893852174282074	1.0	True	True	True	0.893852174282074	True	18	62387624		ENSG00000141655	ENSG00000141655	heel bone mineral density	CODING	expert curated	High	
ENSG00000142303_peripheral_nervous_s_nan	L2G	ENSG00000142303	0.4252112805843353	1.0	True	True	True	0.4252112805843353	True	19	8605262		ENSG00000142303	ENSG00000142303	peripheral nervous system disease	CODING	expert curated	High	
LDLR_low_density_lipoprot_nan	L2G	ENSG00000130164	0.7089647054672241	1.0	True	True	True	0.7089647054672241	True	19	11076648		ENSG00000130164	LDLR	low density lipoprotein cholesterol measurement	REGULATORY	expert curated	High	
APOE_diet_measurement_nan	L2G	ENSG00000130203	0.7277859449386597	1.0	True	True	True	0.7277859449386597	True	19	44908684		ENSG00000130203	APOE	diet measurement	CODING	expert curated	High	
APOE_simvastatin_nan	L2G	ENSG00000130203	0.7277859449386597	1.0	True	True	True	0.7277859449386597	True	19	44909976		ENSG00000130203	APOE	simvastatin	CODING	expert curated	High	
ENSG00000176920_bringing_up_phlegm,__nan	L2G	ENSG00000176920	0.7270334362983704	1.0	True	True	True	0.7270334362983704	True	19	48703160		ENSG00000176920	ENSG00000176920	bringing up phlegm, sputum or mucus on most days, self-reported	CODING	expert curated	High	
ENSG00000105550_Abnormal_urine_sodiu_nan	L2G	ENSG00000105550	0.4481111764907837	1.0	True	True	True	0.4481111764907837	True	19	48756272		ENSG00000105550	ENSG00000105550	Abnormal urine sodium concentration	CODING	expert curated	High	
ENSG00000105550_diet_measurement_nan	L2G	ENSG00000105550	0.4481111764907837	1.0	True	True	True	0.4481111764907837	True	19	48756272		ENSG00000105550	ENSG00000105550	diet measurement	CODING	expert curated	High	
ENSG00000115380_peripheral_nervous_s_nan	L2G	ENSG00000115380	0.8632293343544006	1.0	True	True	True	0.8632293343544006	True	2	55782247		ENSG00000115380	ENSG00000115380	peripheral nervous system disease	CODING	expert curated	High	
ENSG00000115850_diet_measurement_nan	L2G	ENSG00000115850	0.5295625329017639	1.0	True	True	True	0.5295625329017639	True	2	135950412		ENSG00000115850	ENSG00000115850	diet measurement	CODING	expert curated	High	
ENSG00000021826_glycine_measurement_nan	L2G	ENSG00000021826	0.822512686252594	1.0	True	True	True	0.822512686252594	True	2	210678331		ENSG00000021826	ENSG00000021826	glycine measurement	CODING	expert curated	High	
ENSG00000241635_bilirubin_measuremen_nan	L2G	ENSG00000241635	0.7124286890029907	1.0	True	True	True	0.7124286890029907	True	2	233762816		ENSG00000241635	ENSG00000241635	bilirubin measurement	REGULATORY	expert curated	High	
ENSG00000125845_lean_body_mass_nan	L2G	ENSG00000125845	0.9027849435806274	1.0	True	True	True	0.9027849435806274	True	20	6729191		ENSG00000125845	ENSG00000125845	lean body mass	CODING	expert curated	High	
ENSG00000125798_multinodular_goiter_nan	L2G	ENSG00000125798	0.8486195206642151	1.0	True	True	True	0.8486195206642151	True	20	22644809		ENSG00000125798	ENSG00000125798	multinodular goiter	CODING	expert curated	High	
ENSG00000101440_suntan_nan	L2G	ENSG00000101440	0.4940572679042816	1.0	True	True	True	0.4940572679042816	True	20	34077942		ENSG00000101440	ENSG00000101440	suntan	CODING	expert curated	High	
ENSG00000101000_deep_vein_thrombosis_nan	L2G	ENSG00000101000	0.7565808296203613	1.0	True	True	True	0.7565808296203613	True	20	35136754		ENSG00000101000	ENSG00000101000	deep vein thrombosis	CODING	expert curated	High	
ENSG00000125965_lean_body_mass_nan	L2G	ENSG00000125965	0.7195979952812195	1.0	True	True	True	0.7195979952812195	True	20	35437976		ENSG00000125965	ENSG00000125965	lean body mass	CODING	expert curated	High	
ENSG00000101162_plateletcrit_nan	L2G	ENSG00000101162	0.7572972774505615	1.0	True	True	True	0.7572972774505615	True	20	59022916		ENSG00000101162	ENSG00000101162	plateletcrit	CODING	expert curated	High	
ENSG00000159216_plateletcrit_nan	L2G	ENSG00000159216	0.4873532056808471	1.0	True	True	True	0.4873532056808471	True	21	35021450		ENSG00000159216	ENSG00000159216	plateletcrit	CODING	expert curated	High	
ENSG00000159261_nephrolithiasis_nan	L2G	ENSG00000159261	0.8849719166755676	1.0	True	True	True	0.8849719166755676	True	21	36446573		ENSG00000159261	ENSG00000159261	nephrolithiasis	CODING	expert curated	High	
ENSG00000093010_blood_metabolite_mea_nan	L2G	ENSG00000093010	0.8277061581611633	1.0	True	True	True	0.8277061581611633	True	22	19963748		ENSG00000093010	ENSG00000093010	blood metabolite measurement	REGULATORY	expert curated	High	
ENSG00000128271_coffee_consumption_nan	L2G	ENSG00000128271	0.794645369052887	1.0	True	True	True	0.794645369052887	True	22	24375987		ENSG00000128271	ENSG00000128271	coffee consumption	CODING	expert curated	High	
PNPLA3_liver_disease_nan	L2G	ENSG00000100344	0.8552888631820679	1.0	True	True	True	0.8552888631820679	True	22	43928850		ENSG00000100344	PNPLA3	liver disease	CODING	expert curated	High	
ENSG00000100299_blood_metabolite_mea_nan	L2G	ENSG00000100299	0.4989906847476959	1.0	True	True	True	0.4989906847476959	True	22	50625049		ENSG00000100299	ENSG00000100299	blood metabolite measurement	REGULATORY	expert curated	High	
ENSG00000144908_glycine_measurement_nan	L2G	ENSG00000144908	0.8270715475082397	1.0	True	True	True	0.8270715475082397	True	3	126191538		ENSG00000144908	ENSG00000144908	glycine measurement	CODING	expert curated	High	
ENSG00000179348_plateletcrit_nan	L2G	ENSG00000179348	0.8441933393478394	1.0	True	True	True	0.8441933393478394	True	3	128483046		ENSG00000179348	ENSG00000179348	plateletcrit	CODING	expert curated	High	
ENSG00000090534_plateletcrit_nan	L2G	ENSG00000090534	0.6364507675170898	1.0	True	True	True	0.6364507675170898	True	3	184372454		ENSG00000090534	ENSG00000090534	plateletcrit	CODING	expert curated	High	
ENSG00000145321_vitamin_D_measuremen_nan	L2G	ENSG00000145321	0.9082975387573242	1.0	True	True	True	0.9082975387573242	True	4	71748550		ENSG00000145321	ENSG00000145321	vitamin D measurement	REGULATORY	expert curated	High	
ENSG00000196616_alcohol_consumption__nan	L2G	ENSG00000196616	0.7959232926368713	1.0	True	True	True	0.7959232926368713	True	4	99318162		ENSG00000196616	ENSG00000196616	alcohol consumption measurement	CODING	expert curated	High	
ENSG00000088926_deep_vein_thrombosis_nan	L2G	ENSG00000088926	0.8939173221588135	1.0	True	True	True	0.8939173221588135	True	4	186266940		ENSG00000088926	ENSG00000088926	deep vein thrombosis	CODING	expert curated	High	
ENSG00000164175_skin_pigmentation_nan	L2G	ENSG00000164175	0.8178669214248657	1.0	True	True	True	0.8178669214248657	True	5	33951588		ENSG00000164175	ENSG00000164175	skin pigmentation	CODING	expert curated	High	
ENSG00000113161_total_cholesterol_me_nan	L2G	ENSG00000113161	0.6277629733085632	1.0	True	True	True	0.6277629733085632	True	5	75360714		ENSG00000113161	ENSG00000113161	total cholesterol measurement	REGULATORY	expert curated	High	
ENSG00000155511_schizophrenia_nan	L2G	ENSG00000155511	0.8707258701324463	1.0	True	True	True	0.8707258701324463	True	5	153229059		ENSG00000155511	ENSG00000155511	schizophrenia	CODING	expert curated	High	
ENSG00000164330_balding_measurement_nan	L2G	ENSG00000164330	0.9029988050460817	1.0	True	True	True	0.9029988050460817	True	5	158916961		ENSG00000164330	ENSG00000164330	balding measurement	CODING	expert curated	High	
ENSG00000131183_nephrolithiasis_nan	L2G	ENSG00000131183	0.5314874053001404	1.0	True	True	True	0.5314874053001404	True	5	177372991		ENSG00000131183	ENSG00000131183	nephrolithiasis	CODING	expert curated	High	
ENSG00000137265_suntan_nan	L2G	ENSG00000137265	0.7205117344856262	1.0	True	True	True	0.7205117344856262	True	6	396321		ENSG00000137265	ENSG00000137265	suntan	CODING	expert curated	High	
ENSG00000153162_lean_body_mass_nan	L2G	ENSG00000153162	0.8856223821640015	1.0	True	True	True	0.8856223821640015	True	6	7705771		ENSG00000153162	ENSG00000153162	lean body mass	CODING	expert curated	High	
HFE_iron_biomarker_measu_nan	L2G	ENSG00000010704	0.7269479632377625	1.0	True	True	True	0.7269479632377625	True	6	26092913		ENSG00000010704	HFE	iron biomarker measurement	CODING	expert curated	High	
ENSG00000112175_osteoarthritis,_hip_nan	L2G	ENSG00000112175	0.2462232112884521	1.0	True	True	True	0.2462232112884521	True	6	55772142		ENSG00000112175	ENSG00000112175	osteoarthritis, hip	CODING	expert curated	High	
ENSG00000056972_psoriasis_nan	L2G	ENSG00000056972	0.7282276749610901	1.0	True	True	True	0.7282276749610901	True	6	111608659		ENSG00000056972	ENSG00000056972	psoriasis	CODING	expert curated	High	
ENSG00000146374_bone_fracture_nan	L2G	ENSG00000146374	0.8922260999679565	1.0	True	True	True	0.8922260999679565	True	6	127147129		ENSG00000146374	ENSG00000146374	bone fracture	CODING	expert curated	High	
ENSG00000106546_coffee_consumption_nan	L2G	ENSG00000106546	0.7087469100952148	1.0	True	True	True	0.7087469100952148	True	7	17244953		ENSG00000106546	ENSG00000106546	coffee consumption	CODING	expert curated	High	
ENSG00000122691_Ischemic_stroke_nan	L2G	ENSG00000122691	0.6818742752075195	1.0	True	True	True	0.6818742752075195	True	7	19009765		ENSG00000122691	ENSG00000122691	Ischemic stroke	CODING	expert curated	High	
ENSG00000146733_glycine_measurement_nan	L2G	ENSG00000146733	0.6960821151733398	1.0	True	True	True	0.6960821151733398	True	7	56011401		ENSG00000146733	ENSG00000146733	glycine measurement	CODING	expert curated	High	
ENSG00000170615_hearing_loss_nan	L2G	ENSG00000170615	0.0241497159004211	1.0	True	True	True	0.0241497159004211	True	7	103421378		ENSG00000170615	ENSG00000170615	hearing loss	CODING	expert curated	High	
ENSG00000002745_heel_bone_mineral_de_nan	L2G	ENSG00000002745	0.7854753136634827	1.0	True	True	True	0.7854753136634827	True	7	121322110		ENSG00000002745	ENSG00000002745	heel bone mineral density	CODING	expert curated	High	
ENSG00000179603_worry_measurement_nan	L2G	ENSG00000179603	0.6136562824249268	1.0	True	True	True	0.6136562824249268	True	7	126738788		ENSG00000179603	ENSG00000179603	worry measurement	CODING	expert curated	High	
ENSG00000257138_alcohol_consumption__nan	L2G	ENSG00000257138	0.7871739864349365	1.0	True	True	True	0.7871739864349365	True	7	141973545		ENSG00000257138	ENSG00000257138	alcohol consumption measurement	CODING	expert curated	High	
ENSG00000243896_diet_measurement_nan	L2G	ENSG00000243896	0.0187802836298942	1.0	True	True	True	0.0187802836298942	True	7	144026044		ENSG00000243896	ENSG00000243896	diet measurement	CODING	expert curated	High	
ENSG00000169946_plateletcrit_nan	L2G	ENSG00000169946	0.780139148235321	1.0	True	True	True	0.780139148235321	True	8	105569300		ENSG00000169946	ENSG00000169946	plateletcrit	CODING	expert curated	High	
ENSG00000178445_glycine_measurement_nan	L2G	ENSG00000178445	0.0822639837861061	1.0	True	True	True	0.0822639837861061	True	9	6550024		ENSG00000178445	ENSG00000178445	glycine measurement	CODING	expert curated	High	
ENSG00000173068_skin_pigmentation_nan	L2G	ENSG00000173068	0.8802058100700378	1.0	True	True	True	0.8802058100700378	True	9	16885019		ENSG00000173068	ENSG00000173068	skin pigmentation	CODING	expert curated	High	
ENSG00000147889_coronary_artery_dise_nan	L2G	ENSG00000147889	0.8881967663764954	1.0	True	True	True	0.8881967663764954	True	9	22098575		ENSG00000147889	ENSG00000147889	coronary artery disease	CODING	expert curated	High	
ENSG00000147883_coronary_artery_dise_nan	L2G	ENSG00000147883	0.8674808144569397	1.0	True	True	True	0.8674808144569397	True	9	22098575		ENSG00000147883	ENSG00000147883	coronary artery disease	CODING	expert curated	High	
ENSG00000178919_multinodular_goiter_nan	L2G	ENSG00000178919	0.7362110614776611	1.0	True	True	True	0.7362110614776611	True	9	97776188		ENSG00000178919	ENSG00000178919	multinodular goiter	CODING	expert curated	High	
ENSG00000136944_osteoarthritis,_hip_nan	L2G	ENSG00000136944	0.9024918675422668	1.0	True	True	True	0.9024918675422668	True	9	126624581		ENSG00000136944	ENSG00000136944	osteoarthritis, hip	CODING	expert curated	High	
ENSG00000175164_deep_vein_thrombosis_nan	L2G	ENSG00000175164	0.7776183485984802	1.0	True	True	True	0.7776183485984802	True	9	133267960		ENSG00000175164	ENSG00000175164	deep vein thrombosis	CODING	expert curated	High	
ENSG00000169083_balding_measurement_nan	L2G	ENSG00000169083	0.5992618203163147	1.0	True	True	True	0.5992618203163147	True	X	67450724		ENSG00000169083	ENSG00000169083	balding measurement	CODING	expert curated	High	
ENSG00000106633_D-Glucose_6975024	L2G	ENSG00000106633	0.7246212363243103	1.0	True	True	True	0.7246212363243103	True	7	44192287	rs6975024	ENSG00000106633	ENSG00000106633	D-Glucose	REGULATORY	expert curated	High	
ENSG00000134640_D-Glucose_10830963	L2G	ENSG00000134640	0.88795006275177	1.0	True	True	True	0.88795006275177	True	11	92975544	rs10830963	ENSG00000134640	ENSG00000134640	D-Glucose	REGULATORY	expert curated	High	
ENSG00000109667_Uric_acid_12498742	L2G	ENSG00000109667	0.8976175785064697	1.0	True	True	True	0.8976175785064697	True	4	9942428	rs12498742	ENSG00000109667	ENSG00000109667	Uric acid	REGULATORY	expert curated	High	
ENSG00000132170_Cholesterol_7616006	L2G	ENSG00000132170	0.8215081691741943	1.0	True	True	True	0.8215081691741943	True	3	12226148	rs7616006	ENSG00000132170	ENSG00000132170	Cholesterol	REGULATORY	expert curated	High	
ENSG00000198670_Cholesterol_10455872	L2G	ENSG00000198670	0.9115719795227052	1.0	True	True	True	0.9115719795227052	True	6	160589086	rs10455872	ENSG00000198670	ENSG00000198670	Cholesterol	REGULATORY	expert curated	High	
ENSG00000087237_high_density_lipopro_247616	L2G	ENSG00000087237	0.7922613620758057	1.0	True	True	True	0.7922613620758057	True	16	56955678	rs247616	ENSG00000087237	ENSG00000087237	high density lipoprotein cholesterol measurement	REGULATORY	expert curated	High	
ENSG00000169174_low_density_lipoprot_11591147	L2G	ENSG00000169174	0.8091106414794922	1.0	True	True	True	0.8091106414794922	True	1	55039974	rs11591147	ENSG00000169174	ENSG00000169174	low density lipoprotein cholesterol measurement	REGULATORY	expert curated	High	
ENSG00000084674_low_density_lipoprot_1367117	L2G	ENSG00000084674	0.8742649555206299	1.0	True	True	True	0.8742649555206299	True	2	21041028	rs1367117	ENSG00000084674	ENSG00000084674	low density lipoprotein cholesterol measurement	REGULATORY	expert curated	High	
ENSG00000130164_low_density_lipoprot_6511720	L2G	ENSG00000130164	0.7089647054672241	1.0	True	True	True	0.7089647054672241	True	19	11091630	rs6511720	ENSG00000130164	ENSG00000130164	low density lipoprotein cholesterol measurement	REGULATORY	expert curated	High	
ENSG00000132855_triglyceride_measure_4587594	L2G	ENSG00000132855	0.3883585333824157	1.0	True	True	True	0.3883585333824157	True	1	62668259	rs4587594	ENSG00000132855	ENSG00000132855	triglyceride measurement	REGULATORY	expert curated	High	
ENSG00000000971_C3f,_complement_C3_d_7535263	L2G	ENSG00000000971	0.8379813432693481	1.0	True	True	True	0.8379813432693481	True	1	196713216	rs7535263	ENSG00000000971	ENSG00000000971	C3f, complement C3 derived peptide	REGULATORY	expert curated	High	
ENSG00000010704_Iron_1800562	L2G	ENSG00000010704	0.7269479632377625	1.0	True	True	True	0.7269479632377625	True	6	26092913	rs1800562	ENSG00000010704	ENSG00000010704	Iron	REGULATORY	expert curated	High	
ENSG00000169174_Hypercholesterolemia_nan	L2G	ENSG00000169174	0.8091106414794922	1.0	True	True	True	0.8091106414794922	True	1	55021673		ENSG00000169174	ENSG00000169174	Hypercholesterolemia	REGULATORY	drug	High	
ENSG00000169174_Disorder_of_lipid_me_nan	L2G	ENSG00000169174	0.8091106414794922	1.0	True	True	True	0.8091106414794922	True	1	55023869		ENSG00000169174	ENSG00000169174	Disorder of lipid metabolism	REGULATORY	drug	High	
ENSG00000169174_coronary_artery_dise_nan	L2G	ENSG00000169174	0.8091106414794922	1.0	True	True	True	0.8091106414794922	True	1	55030366		ENSG00000169174	ENSG00000169174	coronary artery disease	CODING	drug	High	
ENSG00000169174_cardiovascular_syste_nan	L2G	ENSG00000169174	0.8091106414794922	1.0	True	True	True	0.8091106414794922	True	1	55039974		ENSG00000169174	ENSG00000169174	cardiovascular system disease	CODING	drug	High	
ENSG00000132170_diabetes_mellitus_nan	L2G	ENSG00000132170	0.8215081691741943	1.0	True	True	True	0.8215081691741943	True	3	12288284		ENSG00000132170	ENSG00000132170	diabetes mellitus	REGULATORY	drug	High	
ENSG00000132170_type_II_diabetes_mel_nan	L2G	ENSG00000132170	0.8215081691741943	1.0	True	True	True	0.8215081691741943	True	3	12288284		ENSG00000132170	ENSG00000132170	type II diabetes mellitus	REGULATORY	drug	High	
ENSG00000096968_polycythemia_vera_nan	L2G	ENSG00000096968	0.7464425563812256	1.0	True	True	True	0.7464425563812256	True	9	5049092		ENSG00000096968	ENSG00000096968	polycythemia vera	REGULATORY	drug	High	
ENSG00000187486_type_II_diabetes_mel_nan	L2G	ENSG00000187486	0.8134169578552246	1.0	True	True	True	0.8134169578552246	True	11	17386857		ENSG00000187486	ENSG00000187486	type II diabetes mellitus	REGULATORY	functional observational	High	
ENSG00000134640_type_II_diabetes_mel_nan	L2G	ENSG00000134640	0.88795006275177	1.0	True	True	True	0.88795006275177	True	11	92935809		ENSG00000134640	ENSG00000134640	type II diabetes mellitus	REGULATORY	functional observational	High	
ENSG00000135100_type_II_diabetes_mel_nan	L2G	ENSG00000135100	0.7953790426254272	1.0	True	True	True	0.7953790426254272	True	12	120890006		ENSG00000135100	ENSG00000135100	type II diabetes mellitus	REGULATORY	functional observational	High	
ENSG00000166603_type_II_diabetes_mel_nan	L2G	ENSG00000166603	0.8811888694763184	1.0	True	True	True	0.8811888694763184	True	18	60171168		ENSG00000166603	ENSG00000166603	type II diabetes mellitus	REGULATORY	functional observational	High	
ENSG00000130203_type_II_diabetes_mel_nan	L2G	ENSG00000130203	0.7277859449386597	1.0	True	True	True	0.7277859449386597	True	19	44888997		ENSG00000130203	ENSG00000130203	type II diabetes mellitus	REGULATORY	functional observational	High	
ENSG00000100344_type_II_diabetes_mel_nan	L2G	ENSG00000100344	0.8552888631820679	1.0	True	True	True	0.8552888631820679	True	22	43928847		ENSG00000100344	ENSG00000100344	type II diabetes mellitus	REGULATORY	functional observational	High	
ENSG00000106633_type_II_diabetes_mel_nan	L2G	ENSG00000106633	0.7246212363243103	1.0	True	True	True	0.7246212363243103	True	7	44135258		ENSG00000106633	ENSG00000106633	type II diabetes mellitus	REGULATORY	functional observational	High	
ENSG00000177508_obesity_nan	L2G	ENSG00000177508	0.2697976529598236	1.0	True	True	True	0.2697976529598236	True	16	53767042		ENSG00000177508	ENSG00000177508	obesity	REGULATORY	functional observational|functional experimental	High	
ENSG00000145335_Parkinson's_disease_nan	L2G	ENSG00000145335	0.8933364748954773	1.0	True	True	True	0.8933364748954773	True	4	89716450		ENSG00000145335	ENSG00000145335	Parkinson's disease	REGULATORY	functional observational	High	
ENSG00000132855_lipid_measurement_nan	L2G	ENSG00000132855	0.3883585333824157	1.0	True	True	True	0.3883585333824157	True	1	62679768		ENSG00000132855	ENSG00000132855	lipid measurement	REGULATORY	functional observational|functional experimental	High	
ENSG00000169174_low_density_lipoprot_nan	L2G	ENSG00000169174	0.8091106414794922	1.0	True	True	True	0.8091106414794922	True	1	55039974		ENSG00000169174	ENSG00000169174	low density lipoprotein cholesterol measurement	REGULATORY	expert curated	High	
ENSG00000134242_rheumatoid_arthritis_nan	L2G	ENSG00000134242	0.663339376449585	1.0	True	True	True	0.663339376449585	True	1	113834946		ENSG00000134242	ENSG00000134242	rheumatoid arthritis	REGULATORY	expert curated	High	
ENSG00000169344_nephrolithiasis_nan	L2G	ENSG00000169344	0.7431482672691345	1.0	True	True	True	0.7431482672691345	True	16	20355185		ENSG00000169344	ENSG00000169344	nephrolithiasis	CODING	expert curated	High	
ENSG00000141510_skin_carcinoma_nan	L2G	ENSG00000141510	0.5016291737556458	1.0	True	True	True	0.5016291737556458	True	17	7668434		ENSG00000141510	ENSG00000141510	skin carcinoma	CODING	expert curated	High	
ENSG00000166603_lean_body_mass_nan	L2G	ENSG00000166603	0.8811888694763184	1.0	True	True	True	0.8811888694763184	True	18	60183694		ENSG00000166603	ENSG00000166603	lean body mass	CODING	expert curated	High	
ENSG00000130164_low_density_lipoprot_nan	L2G	ENSG00000130164	0.7089647054672241	1.0	True	True	True	0.7089647054672241	True	19	11076648		ENSG00000130164	ENSG00000130164	low density lipoprotein cholesterol measurement	REGULATORY	expert curated	High	
ENSG00000130203_diet_measurement_nan	L2G	ENSG00000130203	0.7277859449386597	1.0	True	True	True	0.7277859449386597	True	19	44908684		ENSG00000130203	ENSG00000130203	diet measurement	CODING	expert curated	High	
ENSG00000130203_simvastatin_nan	L2G	ENSG00000130203	0.7277859449386597	1.0	True	True	True	0.7277859449386597	True	19	44909976		ENSG00000130203	ENSG00000130203	simvastatin	CODING	expert curated	High	
ENSG00000100344_liver_disease_nan	L2G	ENSG00000100344	0.8552888631820679	1.0	True	True	True	0.8552888631820679	True	22	43928850		ENSG00000100344	ENSG00000100344	liver disease	REGULATORY	expert curated	High	
ENSG00000010704_iron_biomarker_measu_nan	L2G	ENSG00000010704	0.7269479632377625	1.0	True	True	True	0.7269479632377625	True	6	26092913		ENSG00000010704	ENSG00000010704	iron biomarker measurement	REGULATORY	expert curated	High	
nan_Urate_levels_2231142	L2G	ENSG00000118777	0.9345482587814332		False	False	False		True	4	88131171	rs2231142			Urate levels	REGULATORY			
nan_Total_Cholesterol_558971	L2G	ENSG00000168264	0.6442743539810181		False	False	False		True	1	234717659	rs558971			Total Cholesterol	REGULATORY			
nan_Cholesterol,_total_2287623	L2G	ENSG00000081479	0.8441612124443054		False	False	False		True	2	168973645	rs2287623			Cholesterol, total	REGULATORY			
nan_Total_Cholesterol_7616006	L2G	ENSG00000132170	0.8215081691741943		False	False	False		True	3	12226148	rs7616006			Total Cholesterol	REGULATORY			
nan_HDL_Cholesterol_1883025	L2G	ENSG00000165029	0.9310108423233032		False	False	False		True	9	104902020	rs1883025			HDL Cholesterol	REGULATORY			
nan_HDL_Cholesterol_3847502	L2G	ENSG00000165917	0.4899742901325226		False	False	False		True	11	47312134	rs3847502			HDL Cholesterol	REGULATORY			
ENSG00000135697_B-Carotene_6564851	cS2G				False	False	False		False	16	81230992	rs6564851	ENSG00000135697	ENSG00000135697	B-Carotene	REGULATORY	expert curated	High	
ENSG00000242366_Bilirubin_6742078	cS2G				False	False	False		False	2	233763993	rs6742078	ENSG00000242366	ENSG00000242366	Bilirubin	REGULATORY	expert curated	High	
ENSG00000160211_Bilirubin_766420	cS2G				False	False	False		False	X	154326058	rs766420	ENSG00000160211	ENSG00000160211	Bilirubin	REGULATORY	expert curated	High	
ENSG00000126821_sphingomyelin_14∶0_m_7157785	cS2G				False	False	False		False	14	63768838	rs7157785	ENSG00000126821	ENSG00000126821	sphingomyelin 14∶0 molar percentage	CODING	expert curated	High	
ENSG00000152254_D-Glucose_560887	cS2G				False	False	False		False	2	168906638	rs560887	ENSG00000152254	ENSG00000152254	D-Glucose	REGULATORY	expert curated	High	
ENSG00000145321_25-Hydroxyvitamin_D2_2282679	cS2G				False	False	False		False	4	71742666	rs2282679	ENSG00000145321	ENSG00000145321	25-Hydroxyvitamin D2	REGULATORY	expert curated	High	
ENSG00000186104_25-Hydroxyvitamin_D2_10741657	cS2G				False	False	False		False	11	14893332	rs10741657	ENSG00000186104	ENSG00000186104	25-Hydroxyvitamin D2	REGULATORY	expert curated	High	
ENSG00000172893_25-Hydroxyvitamin_D2_12785878	cS2G				False	False	False		False	11	71456403	rs12785878	ENSG00000172893	ENSG00000172893	25-Hydroxyvitamin D2	REGULATORY	expert curated	High	
ENSG00000162551_Phosphorus_1697421	cS2G				False	False	False		False	1	21496799	rs1697421	ENSG00000162551	ENSG00000162551	Phosphorus	REGULATORY	expert curated	High	
ENSG00000118972_Phosphorus_2970818	cS2G				False	False	False		False	12	4497002	rs2970818	ENSG00000118972	ENSG00000118972	Phosphorus	REGULATORY	expert curated	High	
ENSG00000185499_Magneseium_4072037	cS2G				False	False	False		False	1	155192276	rs4072037	ENSG00000185499	ENSG00000185499	Magneseium	CODING	expert curated	High	
ENSG00000119121_Magnesium_11144134	cS2G				False	False	False		False	9	74884880	rs11144134	ENSG00000119121	ENSG00000119121	Magnesium	REGULATORY	expert curated	High	
ENSG00000033170_N-glycan_measurement_7159888	cS2G				False	False	False		False	14	65291924	rs7159888	ENSG00000033170	ENSG00000033170	N-glycan measurement	REGULATORY	expert curated	High	
ENSG00000117525_D_dimer_measurement_12029080	cS2G				False	False	False		False	1	94587797	rs12029080	ENSG00000117525	ENSG00000117525	D dimer measurement	CODING	expert curated	High	
ENSG00000198734_D_dimer_measurement_6687813	cS2G				False	False	False		False	1	169508336	rs6687813	ENSG00000198734	ENSG00000198734	D dimer measurement	CODING	expert curated	High	
ENSG00000186115_Alpha-Tocopherol_2108622	cS2G				False	False	False		False	19	15879621	rs2108622	ENSG00000186115	ENSG00000186115	Alpha-Tocopherol	CODING	expert curated	High	
ENSG00000197977_Docosapentaenoic_aci_3734398	cS2G				False	False	False		False	6	10982740	rs3734398	ENSG00000197977	ENSG00000197977	Docosapentaenoic acid	CODING	expert curated	High	
ENSG00000138207_Vitamin_A_10882272	cS2G				False	False	False		False	10	93588425	rs10882272	ENSG00000138207	ENSG00000138207	Vitamin A	REGULATORY	expert curated	High	
ENSG00000118271_Vitamin_A_1667255	cS2G				False	False	False		False	18	31607316	rs1667255	ENSG00000118271	ENSG00000118271	Vitamin A	REGULATORY	expert curated	High	
ENSG00000106546_Caffeine___Quinic_ac_12670403	cS2G				False	False	False		False	7	17269655	rs12670403	ENSG00000106546	ENSG00000106546	Caffeine / Quinic acid	CODING	expert curated|expert curated	High	
ENSG00000135318_Inosine_494562	cS2G				False	False	False		False	6	85407411	rs494562	ENSG00000135318	ENSG00000135318	Inosine	CODING	expert curated	High	
ENSG00000129214_Testosterone_12150660	cS2G				False	False	False		False	17	7618597	rs12150660	ENSG00000129214	ENSG00000129214	Testosterone	REGULATORY	expert curated	High	
ENSG00000115902_L-Alanine___L-Valine_2160387	cS2G				False	False	False		False	2	64993776	rs2160387	ENSG00000115902	ENSG00000115902	L-Alanine / L-Valine	CODING	expert curated	High	
ENSG00000198650_L-Phenylalanine___L-_4788815	cS2G				False	False	False		False	16	71600908	rs4788815	ENSG00000198650	ENSG00000198650	L-Phenylalanine / L-Tyrosine	CODING	expert curated	High	
ENSG00000110090_Linoleic_acid_2229738	cS2G				False	False	False		False	11	68794860	rs2229738	ENSG00000110090	ENSG00000110090	Linoleic acid	CODING	expert curated	High	
ENSG00000204310_similar_to_Phosphati_1061808	cS2G				False	False	False		False	6	32168770	rs1061808	ENSG00000204310	ENSG00000204310	similar to Phosphatidylcholine(18:0/14:0)|Phosphatidylcholine(16:1/18:0)	CODING	expert curated	High	
ENSG00000145246_sphingolipid_measure_13106975	cS2G				False	False	False		False	4	47549846	rs13106975	ENSG00000145246	ENSG00000145246	sphingolipid measurement	REGULATORY	expert curated	High	
ENSG00000214435_Dimethylarsinate_9527	cS2G				False	False	False		False	10	102863821	rs9527	ENSG00000214435	ENSG00000214435	Dimethylarsinate	CODING	expert curated	High	
ENSG00000197891_Urea_504915	cS2G				False	False	False		False	11	64696613	rs504915	ENSG00000197891	ENSG00000197891	Urea	CODING	expert curated|expert curated	High	
ENSG00000132874_Urea_7227483	cS2G				False	False	False		False	18	45607165	rs7227483	ENSG00000132874	ENSG00000132874	Urea	CODING	expert curated	High	
ENSG00000163581_D-Glucose_1280	cS2G				False	False	False		False	3	170995501	rs1280	ENSG00000163581	ENSG00000163581	D-Glucose	REGULATORY	expert curated	High	
ENSG00000073792_D-Glucose_7651090	cS2G				False	False	False		False	3	185795604	rs7651090	ENSG00000073792	ENSG00000073792	D-Glucose	REGULATORY	expert curated	High	
ENSG00000175426_D-Glucose_4869272	cS2G				False	False	False		False	5	96203744	rs4869272	ENSG00000175426	ENSG00000175426	D-Glucose	REGULATORY	expert curated	High	
GCK_D-Glucose_6975024	cS2G	GCK	1.0	1.0	True	True	True	1.0	True	7	44192287	rs6975024	ENSG00000106633	GCK	D-Glucose	REGULATORY	expert curated	High	
MTNR1B_D-Glucose_10830963	cS2G	MTNR1B	1.0	1.0	True	True	True	1.0	True	11	92975544	rs10830963	ENSG00000134640	MTNR1B	D-Glucose	REGULATORY	expert curated	High	
ENSG00000139515_D-Glucose_11619319	cS2G				False	False	False		False	13	27913462	rs11619319	ENSG00000139515	ENSG00000139515	D-Glucose	REGULATORY	expert curated|expert curated	High	
ENSG00000174827_Uric_acid_1471633	cS2G				False	False	False		False	1	145711327	rs1471633	ENSG00000174827	ENSG00000174827	Uric acid	REGULATORY	expert curated	High	
SLC2A9_Uric_acid_12498742	cS2G	SLC2A9	1.0	1.0	True	True	True	1.0	True	4	9942428	rs12498742	ENSG00000109667	SLC2A9	Uric acid	REGULATORY	expert curated	High	
ENSG00000118777_Uric_acid_2231142	cS2G				False	False	False		False	4	88131171	rs2231142	ENSG00000118777	ENSG00000118777	Uric acid	REGULATORY	expert curated	High	
ENSG00000123684_Stearic_acid_11119805	cS2G				False	False	False		False	1	211744902	rs11119805	ENSG00000123684	ENSG00000123684	Stearic acid	CODING	expert curated	High	
ENSG00000211452_Thyroxine_2235544	cS2G				False	False	False		False	1	53909897	rs2235544	ENSG00000211452	ENSG00000211452	Thyroxine	REGULATORY	expert curated	High	
ENSG00000178919_Thyroxine_7045138	cS2G				False	False	False		False	9	97829181	rs7045138	ENSG00000178919	ENSG00000178919	Thyroxine	REGULATORY	expert curated	High	
ENSG00000107187_Thyroxine_7860634	cS2G				False	False	False		False	9	136197833	rs7860634	ENSG00000107187	ENSG00000107187	Thyroxine	REGULATORY	expert curated	High	
ENSG00000180543_Estradiol_1864729	cS2G				False	False	False		False	8	97269961	rs1864729	ENSG00000180543	ENSG00000180543	Estradiol	REGULATORY	expert curated	High	
ENSG00000143416_Copper_2769264	cS2G				False	False	False		False	1	151372265	rs2769264	ENSG00000143416	ENSG00000143416	Copper	CODING	expert curated	High	
ENSG00000135218_high_density_lipopro_2366858	cS2G				False	False	False		False	7	80711306	rs2366858	ENSG00000135218	ENSG00000135218	high density lipoprotein cholesterol measurement	REGULATORY	expert curated	High	
ENSG00000132837_Dimethlyglycine_248386	cS2G				False	False	False		False	5	79034404	rs248386	ENSG00000132837	ENSG00000132837	Dimethlyglycine	CODING	expert curated	High	
ENSG00000038002_L-Asparagine_4690522	cS2G				False	False	False		False	4	177439897	rs4690522	ENSG00000038002	ENSG00000038002	L-Asparagine	CODING	expert curated	High	
ENSG00000114491_Orotic_acid_9844948	cS2G				False	False	False		False	3	124732217	rs9844948	ENSG00000114491	ENSG00000114491	Orotic acid	CODING	expert curated	High	
ENSG00000123561_Thyroxine_7883218	cS2G				False	False	False		False	X	106032618	rs7883218	ENSG00000123561	ENSG00000123561	Thyroxine	REGULATORY	expert curated	High	
ENSG00000177000_Homocysteine_1801133	cS2G				False	False	False		False	1	11796321	rs1801133	ENSG00000177000	ENSG00000177000	Homocysteine	REGULATORY	expert curated	High	
ENSG00000132763_Homocysteine_4660306	cS2G				False	False	False		False	1	45513003	rs4660306	ENSG00000132763	ENSG00000132763	Homocysteine	REGULATORY	expert curated	High	
ENSG00000116984_Homocysteine_2275565	cS2G				False	False	False		False	1	236885376	rs2275565	ENSG00000116984	ENSG00000116984	Homocysteine	REGULATORY	expert curated	High	
ENSG00000146085_Homocysteine_9369898	cS2G				False	False	False		False	6	49414480	rs9369898	ENSG00000146085	ENSG00000146085	Homocysteine	REGULATORY	expert curated	High	
ENSG00000134612_Homocysteine_7130284	cS2G				False	False	False		False	11	89415204	rs7130284	ENSG00000134612	ENSG00000134612	Homocysteine	REGULATORY	expert curated	High	
ENSG00000015413_Homocysteine_154657	cS2G				False	False	False		False	16	89641688	rs154657	ENSG00000015413	ENSG00000015413	Homocysteine	REGULATORY	expert curated	High	
ENSG00000171766_Homo-L-arginine_1153858	cS2G				False	False	False		False	15	45360505	rs1153858	ENSG00000171766	ENSG00000171766	Homo-L-arginine	CODING	expert curated	High	
ENSG00000137869_Estradiol_2414095	cS2G				False	False	False		False	15	51232095	rs2414095	ENSG00000137869	ENSG00000137869	Estradiol	REGULATORY	expert curated	High	
ENSG00000144481_Calcium_1550532	cS2G				False	False	False		False	2	233356202	rs1550532	ENSG00000144481	ENSG00000144481	Calcium	REGULATORY	expert curated	High	
ENSG00000036828_Calcium_1801725	cS2G				False	False	False		False	3	122284910	rs1801725	ENSG00000036828	ENSG00000036828	Calcium	REGULATORY	expert curated	High	
ENSG00000169919_Calcium_17711722	cS2G				False	False	False		False	7	65806210	rs17711722	ENSG00000169919	ENSG00000169919	Calcium	REGULATORY	expert curated	High	
ENSG00000019186_Calcium_1570669	cS2G				False	False	False		False	20	54157888	rs1570669	ENSG00000019186	ENSG00000019186	Calcium	REGULATORY	expert curated	High	
ENSG00000168264_Cholesterol_558971	cS2G				False	False	False		False	1	234717659	rs558971	ENSG00000168264	ENSG00000168264	Cholesterol	REGULATORY	expert curated	High	
ENSG00000073734_Cholesterol_2287623	cS2G				False	False	False		False	2	168973645	rs2287623	ENSG00000073734	ENSG00000073734	Cholesterol	REGULATORY	expert curated	High	
PPARG_Cholesterol_7616006	cS2G	PPARG	1.0	1.0	True	True	True	1.0	True	3	12226148	rs7616006	ENSG00000132170	PPARG	Cholesterol	REGULATORY	expert curated	High	
LPA_Cholesterol_10455872	cS2G	LPA	1.0	1.0	True	True	True	1.0	True	6	160589086	rs10455872	ENSG00000198670	LPA	Cholesterol	REGULATORY	expert curated	High	
ENSG00000167910_Cholesterol_4738684	cS2G				False	False	False		False	8	58480714	rs4738684	ENSG00000167910	ENSG00000167910	Cholesterol	REGULATORY	expert curated|expert curated	High	
ENSG00000147852_Cholesterol_3780181	cS2G				False	False	False		False	9	2640759	rs3780181	ENSG00000147852	ENSG00000147852	Cholesterol	REGULATORY	expert curated	High	
ENSG00000186951_Cholesterol_4253772	cS2G				False	False	False		False	22	46231706	rs4253772	ENSG00000186951	ENSG00000186951	Cholesterol	REGULATORY	expert curated	High	
ENSG00000163382_high_density_lipopro_12145743	cS2G				False	False	False		False	1	156730859	rs12145743	ENSG00000163382	ENSG00000163382	high density lipoprotein cholesterol measurement	REGULATORY	expert curated	High	
ENSG00000143641_high_density_lipopro_4846914	cS2G				False	False	False		False	1	230159944	rs4846914	ENSG00000143641	ENSG00000143641	high density lipoprotein cholesterol measurement	REGULATORY	expert curated	High	
ENSG00000182851_high_density_lipopro_10087900	cS2G				False	False	False		False	8	143221248	rs10087900	ENSG00000182851	ENSG00000182851	high density lipoprotein cholesterol measurement	REGULATORY	expert curated	High	
ENSG00000165029_high_density_lipopro_1883025	cS2G				False	False	False		False	9	104902020	rs1883025	ENSG00000165029	ENSG00000165029	high density lipoprotein cholesterol measurement	REGULATORY	expert curated	High	
ENSG00000025434_high_density_lipopro_3847502	cS2G				False	False	False		False	11	47312134	rs3847502	ENSG00000025434	ENSG00000025434	high density lipoprotein cholesterol measurement	REGULATORY	expert curated	High	
ENSG00000062282_high_density_lipopro_499974	cS2G				False	False	False		False	11	75743976	rs499974	ENSG00000062282	ENSG00000062282	high density lipoprotein cholesterol measurement	REGULATORY	expert curated	High	
ENSG00000110921_high_density_lipopro_2241210	cS2G				False	False	False		False	12	109512339	rs2241210	ENSG00000110921	ENSG00000110921	high density lipoprotein cholesterol measurement	REGULATORY	expert curated	High	
ENSG00000073060_high_density_lipopro_838876	cS2G				False	False	False		False	12	124775342	rs838876	ENSG00000073060	ENSG00000073060	high density lipoprotein cholesterol measurement	REGULATORY	expert curated	High	
ENSG00000142208_high_density_lipopro_4983559	cS2G				False	False	False		False	14	104810872	rs4983559	ENSG00000142208	ENSG00000142208	high density lipoprotein cholesterol measurement	REGULATORY	expert curated	High	
ENSG00000166035_high_density_lipopro_1532085	cS2G				False	False	False		False	15	58391167	rs1532085	ENSG00000166035	ENSG00000166035	high density lipoprotein cholesterol measurement	REGULATORY	expert curated	High	
CETP_high_density_lipopro_247616	cS2G	CETP	1.0	1.0	True	True	True	1.0	True	16	56955678	rs247616	ENSG00000087237	CETP	high density lipoprotein cholesterol measurement	REGULATORY	expert curated	High	
ENSG00000213398_high_density_lipopro_16942887	cS2G				False	False	False		False	16	67894139	rs16942887	ENSG00000213398	ENSG00000213398	high density lipoprotein cholesterol measurement	REGULATORY	expert curated	High	
ENSG00000131748_high_density_lipopro_113612868	cS2G				False	False	False		False	17	39665182	rs113612868	ENSG00000131748	ENSG00000131748	high density lipoprotein cholesterol measurement	REGULATORY	expert curated	High	
ENSG00000101670_high_density_lipopro_4939883	cS2G				False	False	False		False	18	49640844	rs4939883	ENSG00000101670	ENSG00000101670	high density lipoprotein cholesterol measurement	REGULATORY	expert curated	High	
ENSG00000101076_high_density_lipopro_1800961	cS2G				False	False	False		False	20	44413724	rs1800961	ENSG00000101076	ENSG00000101076	high density lipoprotein cholesterol measurement	REGULATORY	expert curated	High	
ENSG00000157978_low_density_lipoprot_10903129	cS2G				False	False	False		False	1	25442446	rs10903129	ENSG00000157978	ENSG00000157978	low density lipoprotein cholesterol measurement	REGULATORY	expert curated	High	
PCSK9_low_density_lipoprot_11591147	cS2G	PCSK9	1.0	1.0	True	True	True	1.0	True	1	55039974	rs11591147	ENSG00000169174	PCSK9	low density lipoprotein cholesterol measurement	REGULATORY	expert curated	High	
ENSG00000134243_low_density_lipoprot_646776	cS2G				False	False	False		False	1	109275908	rs646776	ENSG00000134243	ENSG00000134243	low density lipoprotein cholesterol measurement	REGULATORY	expert curated	High	
APOB_low_density_lipoprot_1367117	cS2G	APOB	1.0	1.0	True	True	True	1.0	True	2	21041028	rs1367117	ENSG00000084674	APOB	low density lipoprotein cholesterol measurement	REGULATORY	expert curated	High	
ENSG00000125629_low_density_lipoprot_10490626	cS2G				False	False	False		False	2	118078265	rs10490626	ENSG00000125629	ENSG00000125629	low density lipoprotein cholesterol measurement	REGULATORY	expert curated	High	
ENSG00000113161_low_density_lipoprot_12916	cS2G				False	False	False		False	5	75360714	rs12916	ENSG00000113161	ENSG00000113161	low density lipoprotein cholesterol measurement	REGULATORY	expert curated	High	
ENSG00000007944_low_density_lipoprot_3757354	cS2G				False	False	False		False	6	16127176	rs3757354	ENSG00000007944	ENSG00000007944	low density lipoprotein cholesterol measurement	REGULATORY	expert curated	High	
ENSG00000015520_low_density_lipoprot_2073547	cS2G				False	False	False		False	7	44542732	rs2073547	ENSG00000015520	ENSG00000015520	low density lipoprotein cholesterol measurement	REGULATORY	expert curated	High	
ENSG00000257017_low_density_lipoprot_2000999	cS2G				False	False	False		False	16	72074194	rs2000999	ENSG00000257017	ENSG00000257017	low density lipoprotein cholesterol measurement	REGULATORY	expert curated	High	
ENSG00000091583_low_density_lipoprot_1801689	cS2G				False	False	False		False	17	66214462	rs1801689	ENSG00000091583	ENSG00000091583	low density lipoprotein cholesterol measurement	REGULATORY	expert curated	High	
LDLR_low_density_lipoprot_6511720	cS2G	LDLR	1.0	1.0	True	True	True	1.0	True	19	11091630	rs6511720	ENSG00000130164	LDLR	low density lipoprotein cholesterol measurement	REGULATORY	expert curated	High	
ANGPTL3_triglyceride_measure_4587594	cS2G	ANGPTL3	1.0	1.0	True	True	True	1.0	True	1	62668259	rs4587594	ENSG00000132855	ANGPTL3	triglyceride measurement	REGULATORY	expert curated	High	
ENSG00000163956_triglyceride_measure_6831256	cS2G				False	False	False		False	4	3471412	rs6831256	ENSG00000163956	ENSG00000163956	triglyceride measurement	REGULATORY	expert curated	High	
ENSG00000105974_triglyceride_measure_38855	cS2G				False	False	False		False	7	116717990	rs38855	ENSG00000105974	ENSG00000105974	triglyceride measurement	REGULATORY	expert curated	High	
ENSG00000175445_triglyceride_measure_12678919	cS2G				False	False	False		False	8	19986711	rs12678919	ENSG00000175445	ENSG00000175445	triglyceride measurement	REGULATORY	expert curated	High	
ENSG00000173334_triglyceride_measure_2954022	cS2G				False	False	False		False	8	125470379	rs2954022	ENSG00000173334	ENSG00000173334	triglyceride measurement	REGULATORY	expert curated	High	
ENSG00000153904_Asymmetric_dimethyla_28489187	cS2G				False	False	False		False	1	85331427	rs28489187	ENSG00000153904	ENSG00000153904	Asymmetric dimethylarginine	CODING	expert curated	High	
ENSG00000167772_triglyceride_measure_116843064	cS2G				False	False	False		False	19	8364439	rs116843064	ENSG00000167772	ENSG00000167772	triglyceride measurement	REGULATORY	expert curated	High	
ENSG00000165841_Desmethylcitalopram__1074145	cS2G				False	False	False		False	10	94922089	rs1074145	ENSG00000165841	ENSG00000165841	Desmethylcitalopram / Citalopram	CODING	expert curated	High	
ENSG00000100197_Didemethylcitalopram_1065852	cS2G				False	False	False		False	22	42130692	rs1065852	ENSG00000100197	ENSG00000100197	Didemethylcitalopram	CODING	expert curated	High	
ENSG00000176920_L-Fucose_2287921	cS2G				False	False	False		False	19	48725015	rs2287921	ENSG00000176920	ENSG00000176920	L-Fucose	CODING	expert curated	High	
ENSG00000021488_L-Lysine_8101881	cS2G				False	False	False		False	19	32873722	rs8101881	ENSG00000021488	ENSG00000021488	L-Lysine	CODING	expert curated	High	
ENSG00000132744_N-Acetyl-L-phenylala_12288023	cS2G				False	False	False		False	11	67653870	rs12288023	ENSG00000132744	ENSG00000132744	N-Acetyl-L-phenylalanine	CODING	expert curated	High	
ENSG00000118094_Trehalose_507080	cS2G				False	False	False		False	11	118678873	rs507080	ENSG00000118094	ENSG00000118094	Trehalose	CODING	expert curated	High	
ENSG00000144908_Homocysteine_10934753	cS2G				False	False	False		False	3	126187336	rs10934753	ENSG00000144908	ENSG00000144908	Homocysteine	REGULATORY	expert curated	High	
ENSG00000124713_Homocysteine_9296404	cS2G				False	False	False		False	6	42958065	rs9296404	ENSG00000124713	ENSG00000124713	Homocysteine	REGULATORY	expert curated	High	
ENSG00000160200_Homocysteine_234714	cS2G				False	False	False		False	21	43067923	rs234714	ENSG00000160200	ENSG00000160200	Homocysteine	REGULATORY	expert curated	High	
ENSG00000147576_(S)-3,4-Dihydroxybut_1030420	cS2G				False	False	False		False	8	66448490	rs1030420	ENSG00000147576	ENSG00000147576	(S)-3,4-Dihydroxybutyric acid	CODING	expert curated	High	
ENSG00000131187___Bradykinin_2731672	cS2G				False	False	False		False	5	177415473	rs2731672	ENSG00000131187	ENSG00000131187	/ Bradykinin	CODING	expert curated	High	
ENSG00000156006_1-methylxanthine_4921914	cS2G				False	False	False		False	8	18414928	rs4921914	ENSG00000156006	ENSG00000156006	1-methylxanthine	CODING	expert curated	High	
ENSG00000108839_12-HETE_2271316	cS2G				False	False	False		False	17	7012082	rs2271316	ENSG00000108839	ENSG00000108839	12-HETE	CODING	expert curated|expert curated	High	
ENSG00000133027_2-Arachidonoylglycer_748196	cS2G				False	False	False		False	17	17519454	rs748196	ENSG00000133027	ENSG00000133027	2-Arachidonoylglycerophosphocholine	CODING	expert curated	High	
ENSG00000116882_2-Hydroxy-3-methylbu_12141041	cS2G				False	False	False		False	1	119410153	rs12141041	ENSG00000116882	ENSG00000116882	2-Hydroxy-3-methylbutyric acid	CODING	expert curated	High	
ENSG00000134333_2-Hydroxy-3-methylbu_2403254	cS2G				False	False	False		False	11	18303599	rs2403254	ENSG00000134333	ENSG00000134333	2-Hydroxy-3-methylbutyric acid	CODING	expert curated	High	
ENSG00000131203_5-Hydroxy-L-tryptoph_2160860	cS2G				False	False	False		False	8	39965626	rs2160860	ENSG00000131203	ENSG00000131203	5-Hydroxy-L-tryptophan	CODING	expert curated	High	
ENSG00000145626_5alpha-pregnan-3beta_10491431	cS2G				False	False	False		False	5	35967898	rs10491431	ENSG00000145626	ENSG00000145626	5alpha-pregnan-3beta,20alpha-diol disulfate	CODING	expert curated	High	
ENSG00000198721_9-Decenoylcarnitine_9392556	cS2G				False	False	False		False	6	4145964	rs9392556	ENSG00000198721	ENSG00000198721	9-Decenoylcarnitine	CODING	expert curated	High	
ENSG00000144644_Acetylcarnosine_6804368	cS2G				False	False	False		False	3	30712081	rs6804368	ENSG00000144644	ENSG00000144644	Acetylcarnosine	CODING	expert curated	High	
ENSG00000198610_Androsterone_sulfate_17134585	cS2G				False	False	False		False	10	5214309	rs17134585	ENSG00000198610	ENSG00000198610	Androsterone sulfate / Epiandrosterone Sulfate	CODING	expert curated	High	
ENSG00000149485_Arachidonate___8,11,_174548	cS2G				False	False	False		False	11	61803876	rs174548	ENSG00000149485	ENSG00000149485	Arachidonate / 8,11,14-Eicosatrienoic acid	CODING	expert curated	High	
ENSG00000125505_Arachidonate|1-Arach_2576452	cS2G				False	False	False		False	19	54172738	rs2576452	ENSG00000125505	ENSG00000125505	Arachidonate|1-Arachidonoylglycerophosphoinositol	CODING	expert curated	High	
ENSG00000159640_Aspartylphenylalanin_4343	cS2G				False	False	False		False	17	63488670	rs4343	ENSG00000159640	ENSG00000159640	Aspartylphenylalanine / 	CODING	expert curated	High	
ENSG00000145692_Betaine_16876394	cS2G				False	False	False		False	5	79050946	rs16876394	ENSG00000145692	ENSG00000145692	Betaine	CODING	expert curated|expert curated	High	
ENSG00000111181_Betaine_499368	cS2G				False	False	False		False	12	211754	rs499368	ENSG00000111181	ENSG00000111181	Betaine	CODING	expert curated	High	
ENSG00000113889_Bradykinin_5030062	cS2G				False	False	False		False	3	186736391	rs5030062	ENSG00000113889	ENSG00000113889	Bradykinin	CODING	expert curated	High	
ENSG00000164344_Bradykinin_4253311	cS2G				False	False	False		False	4	186253529	rs4253311	ENSG00000164344	ENSG00000164344	Bradykinin	CODING	expert curated	High	
ENSG00000122971_Butyrylcarnitine_2066938	cS2G				False	False	False		False	12	120722812	rs2066938	ENSG00000122971	ENSG00000122971	Butyrylcarnitine	CODING	expert curated	High	
CFH_C3f,_complement_C3_d_7535263	cS2G	CFH	1.0	1.0	True	True	True	1.0	True	1	196713216	rs7535263	ENSG00000000971	CFH	C3f, complement C3 derived peptide	CODING	expert curated	High	
ENSG00000166825_C3f,_complement_C3_d_2007084	cS2G				False	False	False		False	15	89802104	rs2007084	ENSG00000166825	ENSG00000166825	C3f, complement C3 derived peptide	CODING	expert curated|expert curated	High	
ENSG00000059573_Citrulline_56322409	cS2G				False	False	False		False	10	95636205	rs56322409	ENSG00000059573	ENSG00000059573	Citrulline	CODING	expert curated	High	
ENSG00000049319_cortolone_glucuronid_559555	cS2G				False	False	False		False	2	31585905	rs559555	ENSG00000049319	ENSG00000049319	cortolone glucuronide	CODING	expert curated	High	
ENSG00000100031_Cysteineglutathione__2330809	cS2G				False	False	False		False	22	24606114	rs2330809	ENSG00000100031	ENSG00000100031	Cysteineglutathione disulfide	CODING	expert curated	High	
ENSG00000171503_Decanoylcarnitine_8396	cS2G				False	False	False		False	4	158709665	rs8396	ENSG00000171503	ENSG00000171503	Decanoylcarnitine	CODING	expert curated	High	
ENSG00000117448_erythritol_7542172	cS2G				False	False	False		False	1	46525009	rs7542172	ENSG00000117448	ENSG00000117448	erythritol	CODING	expert curated	High	
ENSG00000140284_Ethyl_10-undecenoate_1365505	cS2G				False	False	False		False	15	50184941	rs1365505	ENSG00000140284	ENSG00000140284	Ethyl 10-undecenoate / 	CODING	expert curated	High	
ENSG00000175164_Fibrinopeptide_A_649129	cS2G				False	False	False		False	9	133278860	rs649129	ENSG00000175164	ENSG00000175164	Fibrinopeptide A	CODING	expert curated	High	
ENSG00000157184_Glutarylcarnitine_13375749	cS2G				False	False	False		False	1	53230210	rs13375749	ENSG00000157184	ENSG00000157184	Glutarylcarnitine	CODING	expert curated	High	
ENSG00000105607_Glutarylcarnitine_8012	cS2G				False	False	False		False	19	12899706	rs8012	ENSG00000105607	ENSG00000105607	Glutarylcarnitine	CODING	expert curated	High	
ENSG00000078070_hydroxyisovaleroyl_c_2270968	cS2G				False	False	False		False	3	183037421	rs2270968	ENSG00000078070	ENSG00000078070	hydroxyisovaleroyl carnitine	CODING	expert curated	High	
ENSG00000137198_Hypoxanthine_6459467	cS2G				False	False	False		False	6	16287961	rs6459467	ENSG00000137198	ENSG00000137198	Hypoxanthine	CODING	expert curated	High	
ENSG00000132437_Indoleacetic_acid_7809234	cS2G				False	False	False		False	7	50542681	rs7809234	ENSG00000132437	ENSG00000132437	Indoleacetic acid	CODING	expert curated	High	
ENSG00000171097_Indolelactic_acid_15676	cS2G				False	False	False		False	9	128809748	rs15676	ENSG00000171097	ENSG00000171097	Indolelactic acid	CODING	expert curated	High	
ENSG00000175003_isobutyrylcarnitine_662138	cS2G				False	False	False		False	6	160143444	rs662138	ENSG00000175003	ENSG00000175003	isobutyrylcarnitine	CODING	expert curated	High	
ENSG00000140374_isobutyrylcarnitine_2404602	cS2G				False	False	False		False	15	76738451	rs2404602	ENSG00000140374	ENSG00000140374	isobutyrylcarnitine	CODING	expert curated	High	
ENSG00000136143_Ketoleucine_4941615	cS2G				False	False	False		False	13	47885766	rs4941615	ENSG00000136143	ENSG00000136143	Ketoleucine	CODING	expert curated	High	
ENSG00000117054_L-Acetylcarnitine|He_4949874	cS2G				False	False	False		False	1	75696204	rs4949874	ENSG00000117054	ENSG00000117054	L-Acetylcarnitine|Hexanoylcarnitine	CODING	expert curated	High	
ENSG00000162174_L-Asparagine_3017098	cS2G				False	False	False		False	11	62409471	rs3017098	ENSG00000162174	ENSG00000162174	L-Asparagine	CODING	expert curated	High	
ENSG00000166183_L-Asparagine_2011069	cS2G				False	False	False		False	14	104141731	rs2011069	ENSG00000166183	ENSG00000166183	L-Asparagine	CODING	expert curated	High	
ENSG00000103257_L-Kynurenine_8051149	cS2G				False	False	False		False	16	87845216	rs8051149	ENSG00000103257	ENSG00000103257	L-Kynurenine	CODING	expert curated	High	
ENSG00000092621_L-Serine_1163251	cS2G				False	False	False		False	1	119667132	rs1163251	ENSG00000092621	ENSG00000092621	L-Serine	CODING	expert curated	High	
ENSG00000151790_L-Tryptophan_13122250	cS2G				False	False	False		False	4	155887136	rs13122250	ENSG00000151790	ENSG00000151790	L-Tryptophan	CODING	expert curated	High	
ENSG00000197375_L-Valine___Isovalery_272889	cS2G				False	False	False		False	5	132329685	rs272889	ENSG00000197375	ENSG00000197375	L-Valine / Isovalerylcarnitine	CODING	expert curated	High	
ENSG00000159445_Linoleic_acid___5,8-_6693388	cS2G				False	False	False		False	1	151958169	rs6693388	ENSG00000159445	ENSG00000159445	Linoleic acid / 5,8-Tetradecadienoic acid	CODING	expert curated	High	
ENSG00000007933_Methylcysteine_7061710	cS2G				False	False	False		False	1	171111474	rs7061710	ENSG00000007933	ENSG00000007933	Methylcysteine	CODING	expert curated	High	
ENSG00000105655_myo-Inositol_4808136	cS2G				False	False	False		False	19	18508057	rs4808136	ENSG00000105655	ENSG00000105655	myo-Inositol	CODING	expert curated	High	
ENSG00000099194_Myristic_acid___Myri_603424	cS2G				False	False	False		False	10	100315722	rs603424	ENSG00000099194	ENSG00000099194	Myristic acid / Myristoleic acid	CODING	expert curated	High	
ENSG00000002726_N-(3-acetamidopropyl_1005390	cS2G				False	False	False		False	7	150846633	rs1005390	ENSG00000002726	ENSG00000002726	N-(3-acetamidopropyl)pyrrolidin-2-one	CODING	expert curated	High	
ENSG00000148832_N-(3-acetamidopropyl_11101730	cS2G				False	False	False		False	10	133383832	rs11101730	ENSG00000148832	ENSG00000148832	N-(3-acetamidopropyl)pyrrolidin-2-one	CODING	expert curated|expert curated	High	
ENSG00000144035_N-Acetylornithine____13538	cS2G				False	False	False		False	2	73641201	rs13538	ENSG00000144035	ENSG00000144035	N-Acetylornithine / myo-Inositol	CODING	expert curated	High	
ENSG00000153086_N1-Methyl-4-pyridone_6430553	cS2G				False	False	False		False	2	134873830	rs6430553	ENSG00000153086	ENSG00000153086	N1-Methyl-4-pyridone-3-carboxamide	CODING	expert curated|expert curated	High	
ENSG00000115361_Nonanoylcarnitine_3738934	cS2G				False	False	False		False	2	210009522	rs3738934	ENSG00000115361	ENSG00000115361	Nonanoylcarnitine	CODING	expert curated	High	
ENSG00000093010_O-methylascorbate_4680	cS2G				False	False	False		False	22	19963748	rs4680	ENSG00000093010	ENSG00000093010	O-methylascorbate	CODING	expert curated	High	
ENSG00000100299_O-Sulfotyrosine_6151429	cS2G				False	False	False		False	22	50625049	rs6151429	ENSG00000100299	ENSG00000100299	O-Sulfotyrosine	CODING	expert curated	High	
ENSG00000138074_Pantothenic_acid_1395	cS2G				False	False	False		False	2	27201768	rs1395	ENSG00000138074	ENSG00000138074	Pantothenic acid	CODING	expert curated	High	
ENSG00000125166_Phenyllactic_acid____12709013	cS2G				False	False	False		False	16	58795886	rs12709013	ENSG00000125166	ENSG00000125166	Phenyllactic acid / L-Phenylalanine	CODING	expert curated	High	
ENSG00000163931_Phosphate___Erythron_4687717	cS2G				False	False	False		False	3	53248172	rs4687717	ENSG00000163931	ENSG00000163931	Phosphate / Erythronic acid	CODING	expert curated	High	
ENSG00000128928_Propionylcarnitine___9635324	cS2G				False	False	False		False	15	40411012	rs9635324	ENSG00000128928	ENSG00000128928	Propionylcarnitine / Isovalerylcarnitine	CODING	expert curated	High	
ENSG00000178814_Pyroglutamic_acid_12550729	cS2G				False	False	False		False	8	144100505	rs12550729	ENSG00000178814	ENSG00000178814	Pyroglutamic acid	CODING	expert curated	High	
ENSG00000105398_similar_to_5-Androst_2547231	cS2G				False	False	False		False	19	47881800	rs2547231	ENSG00000105398	ENSG00000105398	similar to 5-Androstenediol	CODING	expert curated	High	
ENSG00000172340_Succinylcarnitine_17806888	cS2G				False	False	False		False	3	67365898	rs17806888	ENSG00000172340	ENSG00000172340	Succinylcarnitine	CODING	expert curated	High	
ENSG00000187048_Undecylenic_acid___1_6678639	cS2G				False	False	False		False	1	46866294	rs6678639	ENSG00000187048	ENSG00000187048	Undecylenic acid / 11-Hydroxy-9-tridecenoic acid	CODING	expert curated	High	
ENSG00000158825_Uridine_532545	cS2G				False	False	False		False	1	20588679	rs532545	ENSG00000158825	ENSG00000158825	Uridine	CODING	expert curated	High	
ENSG00000183696_Uridine_2686796	cS2G				False	False	False		False	7	48063314	rs2686796	ENSG00000183696	ENSG00000183696	Uridine	CODING	expert curated	High	
ENSG00000025708_Uridine_131794	cS2G				False	False	False		False	22	50533323	rs131794	ENSG00000025708	ENSG00000025708	Uridine	CODING	expert curated	High	
ENSG00000107611_Cobalamin_1801222	cS2G				False	False	False		False	10	17114152	rs1801222	ENSG00000107611	ENSG00000107611	Cobalamin	CODING	expert curated	High	
ENSG00000125798_D-Glucose_6048216	cS2G				False	False	False		False	20	22600630	rs6048216	ENSG00000125798	ENSG00000125798	D-Glucose	REGULATORY	expert curated	High	
ENSG00000118520_L-Arginine_2248551	cS2G				False	False	False		False	6	131603549	rs2248551	ENSG00000118520	ENSG00000118520	L-Arginine	CODING	expert curated	High	
ENSG00000109181_Cotinine_glucuronide_34100980	cS2G				False	False	False		False	4	68807835	rs34100980	ENSG00000109181	ENSG00000109181	Cotinine glucuronide	CODING	expert curated	High	
ENSG00000091513_Iron_8177240	cS2G				False	False	False		False	3	133758857	rs8177240	ENSG00000091513	ENSG00000091513	Iron	CODING	expert curated	High	
HFE_Iron_1800562	cS2G	HFE	1.0	1.0	True	True	True	1.0	True	6	26092913	rs1800562	ENSG00000010704	HFE	Iron	CODING	expert curated	High	
ENSG00000106327_Iron_7385804	cS2G				False	False	False		False	7	100638347	rs7385804	ENSG00000106327	ENSG00000106327	Iron	CODING	expert curated	High	
ENSG00000187045_Iron_855791	cS2G				False	False	False		False	22	37066896	rs855791	ENSG00000187045	ENSG00000187045	Iron	CODING	expert curated	High	
ENSG00000090661_Arachidic_acid_2100944	cS2G				False	False	False		False	19	8216751	rs2100944	ENSG00000090661	ENSG00000090661	Arachidic acid	CODING	expert curated	High	
ENSG00000111684_Oleic_Acid_2110073	cS2G				False	False	False		False	12	6966719	rs2110073	ENSG00000111684	ENSG00000111684	Oleic Acid	CODING	expert curated	High	
ENSG00000148218_Lead_1805313	cS2G				False	False	False		False	9	113388911	rs1805313	ENSG00000148218	ENSG00000148218	Lead	CODING	expert curated	High	
ENSG00000196660_Manganese_1776029	cS2G				False	False	False		False	1	219906686	rs1776029	ENSG00000196660	ENSG00000196660	Manganese	CODING	expert curated	High	
ENSG00000172296_Hydroxysphingomyelin_4814176	cS2G				False	False	False		False	20	12978750	rs4814176	ENSG00000172296	ENSG00000172296	Hydroxysphingomyeline C24:1	CODING	expert curated	High	
ENSG00000165449_L-Carnitine_1171614	cS2G				False	False	False		False	10	59709780	rs1171614	ENSG00000165449	ENSG00000165449	L-Carnitine	CODING	expert curated	High	
ENSG00000100033_L-Proline_2540641	cS2G				False	False	False		False	22	18972171	rs2540641	ENSG00000100033	ENSG00000100033	L-Proline	CODING	expert curated	High	
ENSG00000146733_L-Serine_4947534	cS2G				False	False	False		False	7	56011401	rs4947534	ENSG00000146733	ENSG00000146733	L-Serine	CODING	expert curated	High	
ENSG00000168389_LysoPC(16:0)_7529794	cS2G				False	False	False		False	1	39937698	rs7529794	ENSG00000168389	ENSG00000168389	LysoPC(16:0)	CODING	expert curated	High	
ENSG00000018510_PC(o-22:2(13Z,16Z)_2_7582179	cS2G				False	False	False		False	2	177505903	rs7582179	ENSG00000018510	ENSG00000018510	PC(o-22:2(13Z,16Z)/22:3(10Z,13Z,16Z))	CODING	expert curated	High	
ENSG00000151726_PC(o-22:2(13Z,16Z)_2_7700133	cS2G				False	False	False		False	4	184852657	rs7700133	ENSG00000151726	ENSG00000151726	PC(o-22:2(13Z,16Z)/22:3(10Z,13Z,16Z))	CODING	expert curated	High	
ENSG00000158201_Phosphatidyl_choline_7343008	cS2G				False	False	False		False	18	21683167	rs7343008	ENSG00000158201	ENSG00000158201	Phosphatidyl choline PC(14:0/18:2(9Z,12Z)) is a specific example  	CODING	expert curated	High	
ENSG00000113492_3-Aminoisobutanoic_a_37369	cS2G				False	False	False		False	5	35037010	rs37369	ENSG00000113492	ENSG00000113492	3-Aminoisobutanoic acid	CODING	expert curated|expert curated	High	
ENSG00000172482_alpha-Ketoisovaleric_6748734	cS2G				False	False	False		False	2	240898035	rs6748734	ENSG00000172482	ENSG00000172482	alpha-Ketoisovaleric acid	CODING	expert curated	High	
ENSG00000163817_Dimethylglycine___L-_17279437	cS2G				False	False	False		False	3	45772602	rs17279437	ENSG00000163817	ENSG00000163817	Dimethylglycine / L-Alanine	CODING	expert curated	High	
ENSG00000164089_Ethanolamine_56043887	cS2G				False	False	False		False	4	108784811	rs56043887	ENSG00000164089	ENSG00000164089	Ethanolamine	CODING	expert curated	High	
ENSG00000186335_Glycine___Citric_aci_3846710	cS2G				False	False	False		False	5	151319245	rs3846710	ENSG00000186335	ENSG00000186335	Glycine / Citric acid	CODING	expert curated	High	
ENSG00000093217_Glycolic_acid_3132440	cS2G				False	False	False		False	3	38354071	rs3132440	ENSG00000093217	ENSG00000093217	Glycolic acid	CODING	expert curated	High	
ENSG00000174358_L-Tyrosine_11750211	cS2G				False	False	False		False	5	1183445	rs11750211	ENSG00000174358	ENSG00000174358	L-Tyrosine	CODING	expert curated|expert curated	High	
ENSG00000158865_myo-Inositol_17702912	cS2G				False	False	False		False	16	24991279	rs17702912	ENSG00000158865	ENSG00000158865	myo-Inositol	CODING	expert curated	High	
ENSG00000158296_Succinic_acid___Citr_941206	cS2G				False	False	False		False	20	46632402	rs941206	ENSG00000158296	ENSG00000158296	Succinic acid / Citric acid	CODING	expert curated	High	
ENSG00000004809_acylcarnitine_measur_12210538	cS2G				False	False	False		False	6	110438805	rs12210538	ENSG00000004809	ENSG00000004809	acylcarnitine measurement	CODING	expert curated	High	
ENSG00000167701_L-Alanine___L-Aspara_750472	cS2G				False	False	False		False	8	144476070	rs750472	ENSG00000167701	ENSG00000167701	L-Alanine / L-Asparagine	CODING	expert curated	High	
ENSG00000095321_Methylmalonylcarniti_746872	cS2G				False	False	False		False	9	129102748	rs746872	ENSG00000095321	ENSG00000095321	Methylmalonylcarnitine	CODING	expert curated	High	
ENSG00000159267_Similar_to_3-Hydroxy_1571700	cS2G				False	False	False		False	21	36964534	rs1571700	ENSG00000159267	ENSG00000159267	Similar to 3-Hydroxyisovalerylcarnitine	CODING	expert curated	High	
ENSG00000255974_ratio_of_Hydroxycoti_56113850	cS2G				False	False	False		False	19	40847202	rs56113850	ENSG00000255974	ENSG00000255974	ratio of Hydroxycotinine to Cotinine	CODING	expert curated	High	
ENSG00000141485_Citric_acid_172642	cS2G				False	False	False		False	17	6692079	rs172642	ENSG00000141485	ENSG00000141485	Citric acid	CODING	expert curated	High	
ENSG00000100075_Citric_acid_2040771	cS2G				False	False	False		False	22	19174422	rs2040771	ENSG00000100075	ENSG00000100075	Citric acid	CODING	expert curated	High	
ENSG00000021826_Glycine_1047891	cS2G				False	False	False		False	2	210675783	rs1047891	ENSG00000021826	ENSG00000021826	Glycine	CODING	expert curated	High	
ENSG00000178445_Glycine_140348140	cS2G				False	False	False		False	9	5877295	rs140348140	ENSG00000178445	ENSG00000178445	Glycine	CODING	expert curated	High	
ENSG00000140905_Glycine_10083777	cS2G				False	False	False		False	16	81031677	rs10083777	ENSG00000140905	ENSG00000140905	Glycine	CODING	expert curated	High	
ENSG00000158874_high_density_lipopro_4503368	cS2G				False	False	False		False	1	161220460	rs4503368	ENSG00000158874	ENSG00000158874	high density lipoprotein cholesterol measurement	REGULATORY	expert curated	High	
ENSG00000100979_high_density_lipopro_6073958	cS2G				False	False	False		False	20	45923216	rs6073958	ENSG00000100979	ENSG00000100979	high density lipoprotein cholesterol measurement	REGULATORY	expert curated	High	
ENSG00000139209_L-Alanine_4554975	cS2G				False	False	False		False	12	46808031	rs4554975	ENSG00000139209	ENSG00000139209	L-Alanine	CODING	expert curated|expert curated	High	
ENSG00000135423_L-Glutamine_2657879	cS2G				False	False	False		False	12	56471554	rs2657879	ENSG00000135423	ENSG00000135423	L-Glutamine	CODING	expert curated	High	
ENSG00000084110_L-Histidine_7954638	cS2G				False	False	False		False	12	95921017	rs7954638	ENSG00000084110	ENSG00000084110	L-Histidine	CODING	expert curated	High	
ENSG00000171759_L-Phenylalanine_1718309	cS2G				False	False	False		False	12	102848618	rs1718309	ENSG00000171759	ENSG00000171759	L-Phenylalanine	CODING	expert curated	High	
ENSG00000112394_L-Tyrosine_14399	cS2G				False	False	False		False	6	111222741	rs14399	ENSG00000112394	ENSG00000112394	L-Tyrosine	CODING	expert curated	High	
ENSG00000163644_L-Valine_9637599	cS2G				False	False	False		False	4	88285078	rs9637599	ENSG00000163644	ENSG00000163644	L-Valine	CODING	expert curated	High	
ENSG00000090857_Pyruvic_acid_74249229	cS2G				False	False	False		False	16	69945368	rs74249229	ENSG00000090857	ENSG00000090857	Pyruvic acid	CODING	expert curated	High	
ENSG00000009950_triglyceride_measure_17145738	cS2G				False	False	False		False	7	73448919	rs17145738	ENSG00000009950	ENSG00000009950	triglyceride measurement	REGULATORY	expert curated	High	
PCSK9_Hypercholesterolemia_nan	cS2G	PCSK9	1.0	1.0	True	True	True	1.0	True	1	55021673		ENSG00000169174	PCSK9	Hypercholesterolemia	REGULATORY	drug	High	
PCSK9_Disorder_of_lipid_me_nan	cS2G	PCSK9	1.0	1.0	True	True	True	1.0	True	1	55023869		ENSG00000169174	PCSK9	Disorder of lipid metabolism	REGULATORY	drug	High	
PCSK9_coronary_artery_dise_nan	cS2G	PCSK9	1.0	1.0	True	True	True	1.0	True	1	55030366		ENSG00000169174	PCSK9	coronary artery disease	CODING	drug	High	
PCSK9_cardiovascular_syste_nan	cS2G	PCSK9	1.0	1.0	True	True	True	1.0	True	1	55039974		ENSG00000169174	PCSK9	cardiovascular system disease	CODING	drug	High	
ENSG00000116824_psoriasis_nan	cS2G				False	False	False		False	1	116744732		ENSG00000116824	ENSG00000116824	psoriasis	CODING	drug	High	
ENSG00000169418_cardiovascular_syste_nan	cS2G				False	False	False		False	1	153689947		ENSG00000169418	ENSG00000169418	cardiovascular system disease	CODING	drug	High	
ENSG00000169418_hypertension_nan	cS2G				False	False	False		False	1	153689947		ENSG00000169418	ENSG00000169418	hypertension	CODING	drug	High	
ENSG00000160712_rheumatoid_arthritis_nan	cS2G				False	False	False		False	1	154454494		ENSG00000160712	ENSG00000160712	rheumatoid arthritis	CODING	drug	High	
ENSG00000082482_hypertension_nan	cS2G				False	False	False		False	1	215131342		ENSG00000082482	ENSG00000082482	hypertension	CODING	drug	High	
ENSG00000133019_chronic_obstructive__nan	cS2G				False	False	False		False	1	239737706		ENSG00000133019	ENSG00000133019	chronic obstructive pulmonary disease	CODING	drug	High	
ENSG00000043591_hypertension_nan	cS2G				False	False	False		False	10	113963919		ENSG00000043591	ENSG00000043591	hypertension	CODING	drug	High	
ENSG00000043591_cardiovascular_syste_nan	cS2G				False	False	False		False	10	114045297		ENSG00000043591	ENSG00000043591	cardiovascular system disease	CODING	drug	High	
ENSG00000180210_pulmonary_embolism_nan	cS2G				False	False	False		False	11	46684189		ENSG00000180210	ENSG00000180210	pulmonary embolism	CODING	drug	High	
ENSG00000180210_venous_thromboemboli_nan	cS2G				False	False	False		False	11	46739206		ENSG00000180210	ENSG00000180210	venous thromboembolism	CODING	drug	High	
ENSG00000180210_cardiovascular_syste_nan	cS2G				False	False	False		False	11	46739505		ENSG00000180210	ENSG00000180210	cardiovascular system disease	CODING	drug	High	
ENSG00000180210_cerebrovascular_acci_nan	cS2G				False	False	False		False	11	46739505		ENSG00000180210	ENSG00000180210	cerebrovascular accident	CODING	drug	High	
ENSG00000180210_deep_vein_thrombosis_nan	cS2G				False	False	False		False	11	46739505		ENSG00000180210	ENSG00000180210	deep vein thrombosis	CODING	drug	High	
ENSG00000197891_gout_nan	cS2G				False	False	False		False	11	64566642		ENSG00000197891	ENSG00000197891	gout	CODING	drug	High	
ENSG00000168065_gout_nan	cS2G				False	False	False		False	11	64566642		ENSG00000168065	ENSG00000168065	gout	CODING	drug	High	
ENSG00000196611_chronic_obstructive__nan	cS2G				False	False	False		False	11	102850214		ENSG00000196611	ENSG00000196611	chronic obstructive pulmonary disease	CODING	drug	High	
ENSG00000137745_chronic_obstructive__nan	cS2G				False	False	False		False	11	102850214		ENSG00000137745	ENSG00000137745	chronic obstructive pulmonary disease	CODING	drug	High	
ENSG00000149295_schizophrenia_nan	cS2G				False	False	False		False	11	113345201		ENSG00000149295	ENSG00000149295	schizophrenia	CODING	drug	High	
ENSG00000149295_anxiety_nan	cS2G				False	False	False		False	11	113493925		ENSG00000149295	ENSG00000149295	anxiety	CODING	drug	High	
ENSG00000149295_unipolar_depression_nan	cS2G				False	False	False		False	11	113500036		ENSG00000149295	ENSG00000149295	unipolar depression	CODING	drug	High	
ENSG00000149295_mood_disorder_nan	cS2G				False	False	False		False	11	113515625		ENSG00000149295	ENSG00000149295	mood disorder	CODING	drug	High	
ENSG00000149295_autism_spectrum_diso_nan	cS2G				False	False	False		False	11	113541721		ENSG00000149295	ENSG00000149295	autism spectrum disorder	CODING	drug	High	
ENSG00000166736_prostate_carcinoma_nan	cS2G				False	False	False		False	11	113936459		ENSG00000166736	ENSG00000166736	prostate carcinoma	CODING	drug	High	
ENSG00000172572_Ischemic_stroke_nan	cS2G				False	False	False		False	12	20424659		ENSG00000172572	ENSG00000172572	Ischemic stroke	CODING	drug	High	
ENSG00000111424_hypertension_nan	cS2G				False	False	False		False	12	47792780		ENSG00000111424	ENSG00000111424	hypertension	CODING	drug	High	
ENSG00000111424_chronic_obstructive__nan	cS2G				False	False	False		False	12	47810716		ENSG00000111424	ENSG00000111424	chronic obstructive pulmonary disease	CODING	drug	High	
ENSG00000111424_psoriasis_nan	cS2G				False	False	False		False	12	47814585		ENSG00000111424	ENSG00000111424	psoriasis	CODING	drug	High	
ENSG00000111424_Crohn's_disease_nan	cS2G				False	False	False		False	12	47814585		ENSG00000111424	ENSG00000111424	Crohn's disease	CODING	drug	High	
ENSG00000111424_rheumatoid_arthritis_nan	cS2G				False	False	False		False	12	48021974		ENSG00000111424	ENSG00000111424	rheumatoid arthritis	CODING	drug	High	
ENSG00000110944_psoriasis_nan	cS2G				False	False	False		False	12	56344189		ENSG00000110944	ENSG00000110944	psoriasis	CODING	drug	High	
ENSG00000110944_psoriasis_vulgaris_nan	cS2G				False	False	False		False	12	56356420		ENSG00000110944	ENSG00000110944	psoriasis vulgaris	CODING	drug	High	
ENSG00000111275_alcohol_dependence_nan	cS2G				False	False	False		False	12	111803962		ENSG00000111275	ENSG00000111275	alcohol dependence	CODING	drug	High	
ENSG00000133105_cardiovascular_syste_nan	cS2G				False	False	False		False	13	31671676		ENSG00000133105	ENSG00000133105	cardiovascular system disease	CODING	drug	High	
ENSG00000126218_osteoarthritis_nan	cS2G				False	False	False		False	13	113040195		ENSG00000126218	ENSG00000126218	osteoarthritis	CODING	drug	High	
ENSG00000126218_atrial_fibrillation_nan	cS2G				False	False	False		False	13	113218398		ENSG00000126218	ENSG00000126218	atrial fibrillation	CODING	drug	High	
ENSG00000140009_unipolar_depression_nan	cS2G				False	False	False		False	14	64219489		ENSG00000140009	ENSG00000140009	unipolar depression	CODING	drug	High	
ENSG00000074410_heart_failure_nan	cS2G				False	False	False		False	15	63445726		ENSG00000074410	ENSG00000074410	heart failure	CODING	drug	High	
ENSG00000138622_atrial_fibrillation_nan	cS2G				False	False	False		False	15	73359833		ENSG00000138622	ENSG00000138622	atrial fibrillation	CODING	drug	High	
ENSG00000077238_Eczema_nan	cS2G				False	False	False		False	16	27360218		ENSG00000077238	ENSG00000077238	Eczema	CODING	drug	High	
ENSG00000070915_metabolic_syndrome_nan	cS2G				False	False	False		False	16	56954132		ENSG00000070915	ENSG00000070915	metabolic syndrome	REGULATORY	drug	High	
ENSG00000070915_diabetes_mellitus_nan	cS2G				False	False	False		False	16	56956804		ENSG00000070915	ENSG00000070915	diabetes mellitus	CODING	drug	High	
ENSG00000070915_heart_failure_nan	cS2G				False	False	False		False	16	56956804		ENSG00000070915	ENSG00000070915	heart failure	CODING	drug	High	
ENSG00000258947_cancer_nan	cS2G				False	False	False		False	16	89957798		ENSG00000258947	ENSG00000258947	cancer	CODING	drug	High	
ENSG00000258947_squamous_cell_carcin_nan	cS2G				False	False	False		False	16	89960104		ENSG00000258947	ENSG00000258947	squamous cell carcinoma	CODING	drug	High	
ENSG00000159640_cardiovascular_syste_nan	cS2G				False	False	False		False	17	63471557		ENSG00000159640	ENSG00000159640	cardiovascular system disease	CODING	drug	High	
ENSG00000159640_hypertension_nan	cS2G				False	False	False		False	17	63471587		ENSG00000159640	ENSG00000159640	hypertension	CODING	drug	High	
ENSG00000171791_chronic_lymphocytic__nan	cS2G				False	False	False		False	18	63121512		ENSG00000171791	ENSG00000171791	chronic lymphocytic leukemia	CODING	drug	High	
ENSG00000171303_hypertension_nan	cS2G				False	False	False		False	2	26691496		ENSG00000171303	ENSG00000171303	hypertension	CODING	drug	High	
ENSG00000277893_androgenetic_alopeci_nan	cS2G				False	False	False		False	2	31580756		ENSG00000277893	ENSG00000277893	androgenetic alopecia	CODING	drug	High	
ENSG00000138039_polycystic_ovary_syn_nan	cS2G				False	False	False		False	2	48751020		ENSG00000138039	ENSG00000138039	polycystic ovary syndrome	CODING	drug	High	
ENSG00000170820_polycystic_ovary_syn_nan	cS2G				False	False	False		False	2	48974473		ENSG00000170820	ENSG00000170820	polycystic ovary syndrome	CODING	drug	High	
ENSG00000197635_schizophrenia_nan	cS2G				False	False	False		False	2	161989345		ENSG00000197635	ENSG00000197635	schizophrenia	CODING	drug	High	
ENSG00000115232_Crohn's_disease_nan	cS2G				False	False	False		False	2	181443625		ENSG00000115232	ENSG00000115232	Crohn's disease	CODING	drug	High	
ENSG00000101162_breast_carcinoma_nan	cS2G				False	False	False		False	20	59084069		ENSG00000101162	ENSG00000101162	breast carcinoma	CODING	drug	High	
PPARG_diabetes_mellitus_nan	cS2G	PPARG	1.0	1.0	True	True	True	1.0	True	3	12288284		ENSG00000132170	PPARG	diabetes mellitus	CODING	drug	High	
PPARG_type_II_diabetes_mel_nan	cS2G	PPARG	1.0	1.0	True	True	True	1.0	True	3	12288284		ENSG00000132170	PPARG	type II diabetes mellitus	CODING	drug	High	
ENSG00000183873_atrial_fibrillation_nan	cS2G				False	False	False		False	3	38592651		ENSG00000183873	ENSG00000183873	atrial fibrillation	CODING	drug	High	
ENSG00000160791_HIV-1_infection_nan	cS2G				False	False	False		False	3	46410189		ENSG00000160791	ENSG00000160791	HIV-1 infection	CODING	drug	High	
ENSG00000121594_primary_biliary_cirr_nan	cS2G				False	False	False		False	3	119431242		ENSG00000121594	ENSG00000121594	primary biliary cirrhosis	CODING	drug	High	
ENSG00000151834_ulcerative_colitis_nan	cS2G				False	False	False		False	4	46541289		ENSG00000151834	ENSG00000151834	ulcerative colitis	CODING	drug	High	
ENSG00000151623_atrial_fibrillation_nan	cS2G				False	False	False		False	4	148016386		ENSG00000151623	ENSG00000151623	atrial fibrillation	CODING	drug	High	
ENSG00000061918_coronary_artery_dise_nan	cS2G				False	False	False		False	4	155693032		ENSG00000061918	ENSG00000061918	coronary artery disease	CODING	drug	High	
ENSG00000061918_myocardial_infarctio_nan	cS2G				False	False	False		False	4	155718736		ENSG00000061918	ENSG00000061918	myocardial infarction	CODING	drug	High	
ENSG00000061918_hypertension_nan	cS2G				False	False	False		False	4	155721732		ENSG00000061918	ENSG00000061918	hypertension	CODING	drug	High	
ENSG00000061918_cardiovascular_syste_nan	cS2G				False	False	False		False	4	155725188		ENSG00000061918	ENSG00000061918	cardiovascular system disease	CODING	drug	High	
ENSG00000142319_insomnia_nan	cS2G				False	False	False		False	5	1442864		ENSG00000142319	ENSG00000142319	insomnia	CODING	drug	High	
ENSG00000113161_hyperlipidemia_nan	cS2G				False	False	False		False	5	75309395		ENSG00000113161	ENSG00000113161	hyperlipidemia	REGULATORY	drug	High	
ENSG00000113161_Hypercholesterolemia_nan	cS2G				False	False	False		False	5	75309395		ENSG00000113161	ENSG00000113161	Hypercholesterolemia	REGULATORY	drug	High	
ENSG00000113161_Disorder_of_lipid_me_nan	cS2G				False	False	False		False	5	75309395		ENSG00000113161	ENSG00000113161	Disorder of lipid metabolism	REGULATORY	drug	High	
ENSG00000113161_cerebrovascular_acci_nan	cS2G				False	False	False		False	5	75329662		ENSG00000113161	ENSG00000113161	cerebrovascular accident	CODING	drug	High	
ENSG00000113161_atrial_fibrillation_nan	cS2G				False	False	False		False	5	75329662		ENSG00000113161	ENSG00000113161	atrial fibrillation	CODING	drug	High	
ENSG00000113161_heart_failure_nan	cS2G				False	False	False		False	5	75329662		ENSG00000113161	ENSG00000113161	heart failure	CODING	drug	High	
ENSG00000113161_diabetes_mellitus_nan	cS2G				False	False	False		False	5	75329662		ENSG00000113161	ENSG00000113161	diabetes mellitus	CODING	drug	High	
ENSG00000113161_coronary_heart_disea_nan	cS2G				False	False	False		False	5	75329662		ENSG00000113161	ENSG00000113161	coronary heart disease	CODING	drug	High	
ENSG00000113161_cardiovascular_syste_nan	cS2G				False	False	False		False	5	75360714		ENSG00000113161	ENSG00000113161	cardiovascular system disease	CODING	drug	High	
ENSG00000113525_asthma_nan	cS2G				False	False	False		False	5	132461855		ENSG00000113525	ENSG00000113525	asthma	CODING	drug	High	
ENSG00000113580_atrial_fibrillation_nan	cS2G				False	False	False		False	5	143270839		ENSG00000113580	ENSG00000113580	atrial fibrillation	CODING	drug	High	
ENSG00000113302_psoriasis_nan	cS2G				False	False	False		False	5	159242905		ENSG00000113302	ENSG00000113302	psoriasis	CODING	drug	High	
ENSG00000113302_psoriatic_arthritis_nan	cS2G				False	False	False		False	5	159328837		ENSG00000113302	ENSG00000113302	psoriatic arthritis	CODING	drug	High	
ENSG00000022355_anxiety_nan	cS2G				False	False	False		False	5	161984283		ENSG00000022355	ENSG00000022355	anxiety	CODING	drug	High	
ENSG00000113327_anxiety_nan	cS2G				False	False	False		False	5	161984283		ENSG00000113327	ENSG00000113327	anxiety	CODING	drug	High	
ENSG00000196230_prostate_carcinoma_nan	cS2G				False	False	False		False	6	30633455		ENSG00000196230	ENSG00000196230	prostate carcinoma	CODING	drug	High	
ENSG00000232810_ulcerative_colitis_nan	cS2G				False	False	False		False	6	31481085		ENSG00000232810	ENSG00000232810	ulcerative colitis	CODING	drug	High	
ENSG00000232810_Crohn's_disease_nan	cS2G				False	False	False		False	6	31574531		ENSG00000232810	ENSG00000232810	Crohn's disease	CODING	drug	High	
ENSG00000232810_hypertension_nan	cS2G				False	False	False		False	6	31648589		ENSG00000232810	ENSG00000232810	hypertension	CODING	drug	High	
ENSG00000232810_rheumatoid_arthritis_nan	cS2G				False	False	False		False	6	31654829		ENSG00000232810	ENSG00000232810	rheumatoid arthritis	CODING	drug	High	
ENSG00000112164_type_II_diabetes_mel_nan	cS2G				False	False	False		False	6	39071364		ENSG00000112164	ENSG00000112164	type II diabetes mellitus	CODING	drug	High	
ENSG00000112164_myocardial_infarctio_nan	cS2G				False	False	False		False	6	39156672		ENSG00000112164	ENSG00000112164	myocardial infarction	CODING	drug	High	
ENSG00000112715_wet_macular_degenera_nan	cS2G				False	False	False		False	6	43858890		ENSG00000112715	ENSG00000112715	wet macular degeneration	CODING	drug	High	
ENSG00000112715_age-related_macular__nan	cS2G				False	False	False		False	6	43858890		ENSG00000112715	ENSG00000112715	age-related macular degeneration	CODING	drug	High	
ENSG00000091831_breast_carcinoma_nan	cS2G				False	False	False		False	6	151592978		ENSG00000091831	ENSG00000091831	breast carcinoma	CODING	drug	High	
ENSG00000091831_unipolar_depression_nan	cS2G				False	False	False		False	6	151604372		ENSG00000091831	ENSG00000091831	unipolar depression	CODING	drug	High	
ENSG00000122194_coronary_artery_dise_nan	cS2G				False	False	False		False	6	160666831		ENSG00000122194	ENSG00000122194	coronary artery disease	CODING	drug	High	
ENSG00000122194_myocardial_infarctio_nan	cS2G				False	False	False		False	6	160687112		ENSG00000122194	ENSG00000122194	myocardial infarction	CODING	drug	High	
ENSG00000015520_cardiovascular_syste_nan	cS2G				False	False	False		False	7	44542387		ENSG00000015520	ENSG00000015520	cardiovascular system disease	CODING	drug	High	
ENSG00000015520_Hypercholesterolemia_nan	cS2G				False	False	False		False	7	44544952		ENSG00000015520	ENSG00000015520	Hypercholesterolemia	REGULATORY	drug	High	
ENSG00000055118_atrial_fibrillation_nan	cS2G				False	False	False		False	7	150964321		ENSG00000055118	ENSG00000055118	atrial fibrillation	CODING	drug	High	
ENSG00000055118_cardiovascular_syste_nan	cS2G				False	False	False		False	7	150993088		ENSG00000055118	ENSG00000055118	cardiovascular system disease	CODING	drug	High	
JAK2_polycythemia_vera_nan	cS2G	JAK2	1.0	1.0	True	True	True	1.0	True	9	5049092		ENSG00000096968	JAK2	polycythemia vera	CODING	drug	High	
ENSG00000147955_ulcerative_colitis_nan	cS2G				False	False	False		False	9	34710263		ENSG00000147955	ENSG00000147955	ulcerative colitis	CODING	drug	High	
ENSG00000147955_Crohn's_disease_nan	cS2G				False	False	False		False	9	34710263		ENSG00000147955	ENSG00000147955	Crohn's disease	CODING	drug	High	
ENSG00000165029_Hypercholesterolemia_nan	cS2G				False	False	False		False	9	104902020		ENSG00000165029	ENSG00000165029	Hypercholesterolemia	REGULATORY	drug	High	
ENSG00000165029_hyperlipidemia_nan	cS2G				False	False	False		False	9	104903697		ENSG00000165029	ENSG00000165029	hyperlipidemia	REGULATORY	drug	High	
ENSG00000106804_immune_system_diseas_nan	cS2G				False	False	False		False	9	120878222		ENSG00000106804	ENSG00000106804	immune system disease	CODING	drug	High	
ENSG00000169083_prostate_carcinoma_nan	cS2G				False	False	False		False	X	67801708		ENSG00000169083	ENSG00000169083	prostate carcinoma	CODING	drug	High	
ENSG00000122859_type_II_diabetes_mel_nan	cS2G				False	False	False		False	10	69513601		ENSG00000122859	ENSG00000122859	type II diabetes mellitus	REGULATORY	functional observational	High	
ENSG00000167244_type_II_diabetes_mel_nan	cS2G				False	False	False		False	11	2140300		ENSG00000167244	ENSG00000167244	type II diabetes mellitus	REGULATORY	functional observational	High	
KCNJ11_type_II_diabetes_mel_nan	cS2G	KCNJ11	1.0	1.0	True	True	True	1.0	True	11	17386857		ENSG00000187486	KCNJ11	type II diabetes mellitus	REGULATORY	functional observational	High	
MTNR1B_type_II_diabetes_mel_nan	cS2G	MTNR1B	1.0	1.0	True	True	True	1.0	True	11	92935809		ENSG00000134640	MTNR1B	type II diabetes mellitus	REGULATORY	functional observational	High	
ENSG00000075035_type_II_diabetes_mel_nan	cS2G				False	False	False		False	12	108219374		ENSG00000075035	ENSG00000075035	type II diabetes mellitus	REGULATORY	functional observational	High	
HNF1A_type_II_diabetes_mel_nan	cS2G	HNF1A	1.0	1.0	True	True	True	1.0	True	12	120890006		ENSG00000135100	HNF1A	type II diabetes mellitus	REGULATORY	functional observational	High	
ENSG00000174326_type_II_diabetes_mel_nan	cS2G				False	False	False		False	17	7037074		ENSG00000174326	ENSG00000174326	type II diabetes mellitus	REGULATORY	functional observational	High	
MC4R_type_II_diabetes_mel_nan	cS2G	MC4R	1.0	1.0	True	True	True	1.0	True	18	60171168		ENSG00000166603	MC4R	type II diabetes mellitus	REGULATORY	functional observational	High	
ENSG00000213996_type_II_diabetes_mel_nan	cS2G				False	False	False		False	19	19268740		ENSG00000213996	ENSG00000213996	type II diabetes mellitus	REGULATORY	functional observational	High	
APOE_type_II_diabetes_mel_nan	cS2G	APOE	1.0	1.0	True	True	True	1.0	True	19	44888997		ENSG00000130203	APOE	type II diabetes mellitus	REGULATORY	functional observational	High	
ENSG00000010310_type_II_diabetes_mel_nan	cS2G				False	False	False		False	19	45644269		ENSG00000010310	ENSG00000010310	type II diabetes mellitus	REGULATORY	functional observational	High	
ENSG00000084734_type_II_diabetes_mel_nan	cS2G				False	False	False		False	2	27508073		ENSG00000084734	ENSG00000084734	type II diabetes mellitus	REGULATORY	functional observational	High	
ENSG00000101076_type_II_diabetes_mel_nan	cS2G				False	False	False		False	20	44318326		ENSG00000101076	ENSG00000101076	type II diabetes mellitus	REGULATORY	functional observational	High	
PNPLA3_type_II_diabetes_mel_nan	cS2G	PNPLA3	1.0	1.0	True	True	True	1.0	True	22	43928847		ENSG00000100344	PNPLA3	type II diabetes mellitus	REGULATORY	functional observational	High	
ENSG00000109501_type_II_diabetes_mel_nan	cS2G				False	False	False		False	4	6268329		ENSG00000109501	ENSG00000109501	type II diabetes mellitus	REGULATORY	functional observational	High	
ENSG00000154122_type_II_diabetes_mel_nan	cS2G				False	False	False		False	5	14751196		ENSG00000154122	ENSG00000154122	type II diabetes mellitus	REGULATORY	functional observational	High	
ENSG00000152359_type_II_diabetes_mel_nan	cS2G				False	False	False		False	5	75707853		ENSG00000152359	ENSG00000152359	type II diabetes mellitus	REGULATORY	functional observational	High	
ENSG00000145730_type_II_diabetes_mel_nan	cS2G				False	False	False		False	5	102764872		ENSG00000145730	ENSG00000145730	type II diabetes mellitus	REGULATORY	functional observational	High	
ENSG00000124782_type_II_diabetes_mel_nan	cS2G				False	False	False		False	6	7226726		ENSG00000124782	ENSG00000124782	type II diabetes mellitus	REGULATORY	functional observational	High	
GCK_type_II_diabetes_mel_nan	cS2G	GCK	1.0	1.0	True	True	True	1.0	True	7	44135258		ENSG00000106633	GCK	type II diabetes mellitus	REGULATORY	functional observational	High	
ENSG00000106331_type_II_diabetes_mel_nan	cS2G				False	False	False		False	7	127524904		ENSG00000106331	ENSG00000106331	type II diabetes mellitus	REGULATORY	functional observational	High	
ENSG00000130675_type_II_diabetes_mel_nan	cS2G				False	False	False		False	7	157191153		ENSG00000130675	ENSG00000130675	type II diabetes mellitus	REGULATORY	functional observational	High	
ENSG00000175445_type_II_diabetes_mel_nan	cS2G				False	False	False		False	8	19962213		ENSG00000175445	ENSG00000175445	type II diabetes mellitus	REGULATORY	functional observational	High	
ENSG00000164756_type_II_diabetes_mel_nan	cS2G				False	False	False		False	8	117012076		ENSG00000164756	ENSG00000164756	type II diabetes mellitus	REGULATORY	functional observational	High	
ENSG00000107249_type_II_diabetes_mel_nan	cS2G				False	False	False		False	9	4287466		ENSG00000107249	ENSG00000107249	type II diabetes mellitus	REGULATORY	functional observational	High	
ENSG00000134243_myocardial_infarctio_nan	cS2G				False	False	False		False	1	109275684		ENSG00000134243	ENSG00000134243	myocardial infarction	REGULATORY	functional observational|functional experimental	High	
ENSG00000249859_prostate_carcinoma_nan	cS2G				False	False	False		False	8	127310936		ENSG00000249859	ENSG00000249859	prostate carcinoma	REGULATORY	functional observational	High	
ENSG00000110092_breast_carcinoma_nan	cS2G				False	False	False		False	11	69516874		ENSG00000110092	ENSG00000110092	breast carcinoma	REGULATORY	functional observational|functional experimental	High	
ENSG00000119866_fetal_hemoglobin_mea_nan	cS2G				False	False	False		False	2	60493111		ENSG00000119866	ENSG00000119866	fetal hemoglobin measurement	REGULATORY	functional observational|functional experimental	High	
IRX3_obesity_nan	cS2G	IRX3	1.0	1.0	True	True	True	1.0	True	16	53767042		ENSG00000177508	IRX3	obesity	REGULATORY	functional observational|functional experimental	High	
ENSG00000115461_breast_carcinoma_nan	cS2G				False	False	False		False	2	217056046		ENSG00000115461	ENSG00000115461	breast carcinoma	REGULATORY	functional observational|functional experimental	High	
ENSG00000176842_obesity_nan	cS2G				False	False	False		False	16	53767042		ENSG00000176842	ENSG00000176842	obesity	REGULATORY	functional observational|functional experimental	High	
SNCA_Parkinson's_disease_nan	cS2G	SNCA	1.0	1.0	True	True	True	1.0	True	4	89716450		ENSG00000145335	SNCA	Parkinson's disease	REGULATORY	functional observational	High	
ENSG00000253438_prostate_carcinoma_nan	cS2G				False	False	False		False	8	127091692		ENSG00000253438	ENSG00000253438	prostate carcinoma	REGULATORY	functional observational|functional experimental	High	
ENSG00000127220_breast_carcinoma_nan	cS2G				False	False	False		False	19	17283116		ENSG00000127220	ENSG00000127220	breast carcinoma	REGULATORY	functional observational|functional experimental	High	
ENSG00000160117_breast_carcinoma_nan	cS2G				False	False	False		False	19	17283116		ENSG00000160117	ENSG00000160117	breast carcinoma	REGULATORY	functional observational|functional experimental	High	
ENSG00000070193_breast_carcinoma_nan	cS2G				False	False	False		False	5	44706396		ENSG00000070193	ENSG00000070193	breast carcinoma	REGULATORY	functional observational|functional experimental	High	
ENSG00000112996_breast_carcinoma_nan	cS2G				False	False	False		False	5	44706396		ENSG00000112996	ENSG00000112996	breast carcinoma	REGULATORY	functional observational|functional experimental	High	
ENSG00000214078_lipid_measurement_nan	cS2G				False	False	False		False	20	35564866		ENSG00000214078	ENSG00000214078	lipid measurement	REGULATORY	functional observational|functional experimental	High	
ENSG00000116641_lipid_measurement_nan	cS2G				False	False	False		False	1	62679768		ENSG00000116641	ENSG00000116641	lipid measurement	REGULATORY	functional observational|functional experimental	High	
ANGPTL3_lipid_measurement_nan	cS2G	ANGPTL3	1.0	1.0	True	True	True	1.0	True	1	62679768		ENSG00000132855	ANGPTL3	lipid measurement	REGULATORY	functional observational|functional experimental	High	
ENSG00000111816_lipid_measurement_nan	cS2G				False	False	False		False	6	116016340		ENSG00000111816	ENSG00000111816	lipid measurement	REGULATORY	functional observational|functional experimental	High	
ENSG00000091106_interleukin_18_measu_nan	cS2G				False	False	False		False	2	32264782		ENSG00000091106	ENSG00000091106	interleukin 18 measurement	REGULATORY	functional observational	High	
ENSG00000171094_breast_carcinoma_nan	cS2G				False	False	False		False	2	28896719		ENSG00000171094	ENSG00000171094	breast carcinoma	REGULATORY	functional observational	High	
ENSG00000171681_breast_carcinoma_nan	cS2G				False	False	False		False	12	14260997		ENSG00000171681	ENSG00000171681	breast carcinoma	REGULATORY	functional observational	High	
ENSG00000149311_breast_carcinoma_nan	cS2G				False	False	False		False	11	108474788		ENSG00000149311	ENSG00000149311	breast carcinoma	REGULATORY	functional observational	High	
ENSG00000139618_breast_carcinoma_nan	cS2G				False	False	False		False	13	32398489		ENSG00000139618	ENSG00000139618	breast carcinoma	REGULATORY	functional observational	High	
ENSG00000064012_breast_carcinoma_nan	cS2G				False	False	False		False	2	201258707		ENSG00000064012	ENSG00000064012	breast carcinoma	REGULATORY	functional observational	High	
ENSG00000105173_breast_carcinoma_nan	cS2G				False	False	False		False	19	29786822		ENSG00000105173	ENSG00000105173	breast carcinoma	REGULATORY	functional observational	High	
ENSG00000183765_breast_carcinoma_nan	cS2G				False	False	False		False	22	28876649		ENSG00000183765	ENSG00000183765	breast carcinoma	REGULATORY	functional observational	High	
ENSG00000005339_breast_carcinoma_nan	cS2G				False	False	False		False	16	4056787		ENSG00000005339	ENSG00000005339	breast carcinoma	REGULATORY	functional observational	High	
ENSG00000257923_breast_carcinoma_nan	cS2G				False	False	False		False	7	101909160		ENSG00000257923	ENSG00000257923	breast carcinoma	REGULATORY	functional observational	High	
ENSG00000119772_breast_carcinoma_nan	cS2G				False	False	False		False	2	24906604		ENSG00000119772	ENSG00000119772	breast carcinoma	REGULATORY	functional observational	High	
ENSG00000066468_breast_carcinoma_nan	cS2G				False	False	False		False	10	121580917		ENSG00000066468	ENSG00000066468	breast carcinoma	REGULATORY	functional observational	High	
ENSG00000107485_breast_carcinoma_nan	cS2G				False	False	False		False	10	9046150		ENSG00000107485	ENSG00000107485	breast carcinoma	REGULATORY	functional observational	High	
ENSG00000102554_breast_carcinoma_nan	cS2G				False	False	False		False	13	73383544		ENSG00000102554	ENSG00000102554	breast carcinoma	REGULATORY	functional observational	High	
ENSG00000095015_breast_carcinoma_nan	cS2G				False	False	False		False	5	56731413		ENSG00000095015	ENSG00000095015	breast carcinoma	REGULATORY	functional observational	High	
ENSG00000136997_breast_carcinoma_nan	cS2G				False	False	False		False	8	127359926		ENSG00000136997	ENSG00000136997	breast carcinoma	REGULATORY	functional observational	High	
ENSG00000196712_breast_carcinoma_nan	cS2G				False	False	False		False	17	30853978		ENSG00000196712	ENSG00000196712	breast carcinoma	REGULATORY	functional observational	High	
ENSG00000152217_breast_carcinoma_nan	cS2G				False	False	False		False	18	44831838		ENSG00000152217	ENSG00000152217	breast carcinoma	REGULATORY	functional observational	High	
ENSG00000135111_breast_carcinoma_nan	cS2G				False	False	False		False	12	114668883		ENSG00000135111	ENSG00000135111	breast carcinoma	REGULATORY	functional observational	High	
ENSG00000168769_breast_carcinoma_nan	cS2G				False	False	False		False	4	105152352		ENSG00000168769	ENSG00000168769	breast carcinoma	REGULATORY	functional observational	High	
ENSG00000163513_breast_carcinoma_nan	cS2G				False	False	False		False	3	30643415		ENSG00000163513	ENSG00000163513	breast carcinoma	REGULATORY	functional observational	High	
ENSG00000185650_breast_carcinoma_nan	cS2G				False	False	False		False	14	68513118		ENSG00000185650	ENSG00000185650	breast carcinoma	REGULATORY	functional observational	High	
ENSG00000183779_breast_carcinoma_nan	cS2G				False	False	False		False	8	36992428		ENSG00000183779	ENSG00000183779	breast carcinoma	REGULATORY	functional observational	High	
ENSG00000177000_folic_acid_measureme_nan	cS2G				False	False	False		False	1	11796321		ENSG00000177000	ENSG00000177000	folic acid measurement	CODING	expert curated	High	
ENSG00000162551_nephrolithiasis_nan	cS2G				False	False	False		False	1	21577881		ENSG00000162551	ENSG00000162551	nephrolithiasis	CODING	expert curated	High	
PCSK9_low_density_lipoprot_nan	cS2G	PCSK9	1.0	1.0	True	True	True	1.0	True	1	55039974		ENSG00000169174	PCSK9	low density lipoprotein cholesterol measurement	REGULATORY	expert curated	High	
ENSG00000116678_wrist_fracture_nan	cS2G				False	False	False		False	1	65644601		ENSG00000116678	ENSG00000116678	wrist fracture	CODING	expert curated	High	
ENSG00000060718_osteoarthritis,_hip_nan	cS2G				False	False	False		False	1	103107371		ENSG00000060718	ENSG00000060718	osteoarthritis, hip	CODING	expert curated	High	
PTPN22_rheumatoid_arthritis_nan	cS2G	PTPN22	1.0	1.0	True	True	True	1.0	True	1	113834946		ENSG00000134242	PTPN22	rheumatoid arthritis	CODING	expert curated	High	
ENSG00000092621_glycine_measurement_nan	cS2G				False	False	False		False	1	119711883		ENSG00000092621	ENSG00000092621	glycine measurement	CODING	expert curated	High	
ENSG00000163554_nan_nan	cS2G				False	False	False		False	1	158626648		ENSG00000163554	ENSG00000163554		CODING	expert curated	High	
ENSG00000132693_C-reactive_protein_m_nan	cS2G				False	False	False		False	1	159709026		ENSG00000132693	ENSG00000132693	C-reactive protein measurement	CODING	expert curated	High	
ENSG00000198734_deep_vein_thrombosis_nan	cS2G				False	False	False		False	1	169549811		ENSG00000198734	ENSG00000198734	deep vein thrombosis	CODING	expert curated	High	
ENSG00000198756_osteoarthritis,_hip_nan	cS2G				False	False	False		False	1	183937111		ENSG00000198756	ENSG00000198756	osteoarthritis, hip	CODING	expert curated	High	
ENSG00000215182_bringing_up_phlegm,__nan	cS2G				False	False	False		False	11	1119225		ENSG00000215182	ENSG00000215182	bringing up phlegm, sputum or mucus on most days, self-reported	CODING	expert curated	High	
ENSG00000134827_pernicious_anemia_nan	cS2G				False	False	False		False	11	59855905		ENSG00000134827	ENSG00000134827	pernicious anemia	CODING	expert curated	High	
ENSG00000168959_worry_measurement_nan	cS2G				False	False	False		False	11	88999788		ENSG00000168959	ENSG00000168959	worry measurement	CODING	expert curated	High	
ENSG00000077498_skin_pigmentation_nan	cS2G				False	False	False		False	11	89284793		ENSG00000077498	ENSG00000077498	skin pigmentation	CODING	expert curated	High	
ENSG00000165323_retinal_detachment_nan	cS2G				False	False	False		False	11	92874700		ENSG00000165323	ENSG00000165323	retinal detachment	CODING	expert curated	High	
ENSG00000087494_osteoarthritis,_hip_nan	cS2G				False	False	False		False	12	27862037		ENSG00000087494	ENSG00000087494	osteoarthritis, hip	CODING	expert curated	High	
ENSG00000120659_bladder_calculus_nan	cS2G				False	False	False		False	13	42127603		ENSG00000120659	ENSG00000120659	bladder calculus	CODING	expert curated	High	
ENSG00000169208_diet_measurement_nan	cS2G				False	False	False		False	14	21569994		ENSG00000169208	ENSG00000169208	diet measurement	CODING	expert curated	High	
ENSG00000133937_balding_measurement_nan	cS2G				False	False	False		False	14	94770878		ENSG00000133937	ENSG00000133937	balding measurement	CODING	expert curated	High	
ENSG00000104044_skin_carcinoma_nan	cS2G				False	False	False		False	15	27985101		ENSG00000104044	ENSG00000104044	skin carcinoma	CODING	expert curated	High	
ENSG00000104044_skin_pigmentation_nan	cS2G				False	False	False		False	15	28289631		ENSG00000104044	ENSG00000104044	skin pigmentation	CODING	expert curated	High	
ENSG00000140285_multinodular_goiter_nan	cS2G				False	False	False		False	15	49414220		ENSG00000140285	ENSG00000140285	multinodular goiter	CODING	expert curated	High	
ENSG00000137834_peripheral_nervous_s_nan	cS2G				False	False	False		False	15	66742474		ENSG00000137834	ENSG00000137834	peripheral nervous system disease	CODING	expert curated	High	
ENSG00000140465_coffee_consumption_nan	cS2G				False	False	False		False	15	74735539		ENSG00000140465	ENSG00000140465	coffee consumption	CODING	expert curated	High	
ENSG00000140505_coffee_consumption_nan	cS2G				False	False	False		False	15	74735539		ENSG00000140505	ENSG00000140505	coffee consumption	CODING	expert curated	High	
ENSG00000140470_peripheral_nervous_s_nan	cS2G				False	False	False		False	15	100152748		ENSG00000140470	ENSG00000140470	peripheral nervous system disease	CODING	expert curated	High	
ENSG00000078328_Myopia_nan	cS2G				False	False	False		False	16	7409346		ENSG00000078328	ENSG00000078328	Myopia	CODING	expert curated	High	
UMOD_nephrolithiasis_nan	cS2G	UMOD	1.0	1.0	True	True	True	1.0	True	16	20355185		ENSG00000169344	UMOD	nephrolithiasis	CODING	expert curated	High	
ENSG00000140905_glycine_measurement_nan	cS2G				False	False	False		False	16	81077298		ENSG00000140905	ENSG00000140905	glycine measurement	CODING	expert curated	High	
ENSG00000179588_plateletcrit_nan	cS2G				False	False	False		False	16	88493291		ENSG00000179588	ENSG00000179588	plateletcrit	CODING	expert curated	High	
ENSG00000258839_hair_color_nan	cS2G				False	False	False		False	16	89919510		ENSG00000258839	ENSG00000258839	hair color	CODING	expert curated	High	
ENSG00000258839_nan_nan	cS2G				False	False	False		False	16	89920138		ENSG00000258839	ENSG00000258839		CODING	expert curated	High	
ENSG00000007168_plateletcrit_nan	cS2G				False	False	False		False	17	2055242		ENSG00000007168	ENSG00000007168	plateletcrit	CODING	expert curated	High	
TP53_skin_carcinoma_nan	cS2G	TP53	1.0	1.0	True	True	True	1.0	True	17	7668434		ENSG00000141510	TP53	skin carcinoma	CODING	expert curated	High	
ENSG00000167941_bone_fracture_nan	cS2G				False	False	False		False	17	43721487		ENSG00000167941	ENSG00000167941	bone fracture	CODING	expert curated	High	
ENSG00000121075_heel_bone_mineral_de_nan	cS2G				False	False	False		False	17	60946637		ENSG00000121075	ENSG00000121075	heel bone mineral density	CODING	expert curated	High	
ENSG00000177150_heel_bone_mineral_de_nan	cS2G				False	False	False		False	18	13719511		ENSG00000177150	ENSG00000177150	heel bone mineral density	CODING	expert curated	High	
MC4R_lean_body_mass_nan	cS2G	MC4R	1.0	1.0	True	True	True	1.0	True	18	60183694		ENSG00000166603	MC4R	lean body mass	CODING	expert curated	High	
ENSG00000141655_heel_bone_mineral_de_nan	cS2G				False	False	False		False	18	62387624		ENSG00000141655	ENSG00000141655	heel bone mineral density	CODING	expert curated	High	
ENSG00000142303_peripheral_nervous_s_nan	cS2G				False	False	False		False	19	8605262		ENSG00000142303	ENSG00000142303	peripheral nervous system disease	CODING	expert curated	High	
LDLR_low_density_lipoprot_nan	cS2G	LDLR	1.0	1.0	True	True	True	1.0	True	19	11076648		ENSG00000130164	LDLR	low density lipoprotein cholesterol measurement	REGULATORY	expert curated	High	
APOE_diet_measurement_nan	cS2G	APOE	1.0	1.0	True	True	True	1.0	True	19	44908684		ENSG00000130203	APOE	diet measurement	CODING	expert curated	High	
APOE_simvastatin_nan	cS2G	APOE	1.0	1.0	True	True	True	1.0	True	19	44909976		ENSG00000130203	APOE	simvastatin	CODING	expert curated	High	
ENSG00000176920_bringing_up_phlegm,__nan	cS2G				False	False	False		False	19	48703160		ENSG00000176920	ENSG00000176920	bringing up phlegm, sputum or mucus on most days, self-reported	CODING	expert curated	High	
ENSG00000105550_Abnormal_urine_sodiu_nan	cS2G				False	False	False		False	19	48756272		ENSG00000105550	ENSG00000105550	Abnormal urine sodium concentration	CODING	expert curated	High	
ENSG00000105550_diet_measurement_nan	cS2G				False	False	False		False	19	48756272		ENSG00000105550	ENSG00000105550	diet measurement	CODING	expert curated	High	
ENSG00000115380_peripheral_nervous_s_nan	cS2G				False	False	False		False	2	55782247		ENSG00000115380	ENSG00000115380	peripheral nervous system disease	CODING	expert curated	High	
ENSG00000115850_diet_measurement_nan	cS2G				False	False	False		False	2	135950412		ENSG00000115850	ENSG00000115850	diet measurement	CODING	expert curated	High	
ENSG00000021826_glycine_measurement_nan	cS2G				False	False	False		False	2	210678331		ENSG00000021826	ENSG00000021826	glycine measurement	CODING	expert curated	High	
ENSG00000241635_bilirubin_measuremen_nan	cS2G				False	False	False		False	2	233762816		ENSG00000241635	ENSG00000241635	bilirubin measurement	REGULATORY	expert curated	High	
ENSG00000125845_lean_body_mass_nan	cS2G				False	False	False		False	20	6729191		ENSG00000125845	ENSG00000125845	lean body mass	CODING	expert curated	High	
ENSG00000125798_multinodular_goiter_nan	cS2G				False	False	False		False	20	22644809		ENSG00000125798	ENSG00000125798	multinodular goiter	CODING	expert curated	High	
ENSG00000101440_suntan_nan	cS2G				False	False	False		False	20	34077942		ENSG00000101440	ENSG00000101440	suntan	CODING	expert curated	High	
ENSG00000101000_deep_vein_thrombosis_nan	cS2G				False	False	False		False	20	35136754		ENSG00000101000	ENSG00000101000	deep vein thrombosis	CODING	expert curated	High	
ENSG00000125965_lean_body_mass_nan	cS2G				False	False	False		False	20	35437976		ENSG00000125965	ENSG00000125965	lean body mass	CODING	expert curated	High	
ENSG00000101162_plateletcrit_nan	cS2G				False	False	False		False	20	59022916		ENSG00000101162	ENSG00000101162	plateletcrit	CODING	expert curated	High	
ENSG00000159216_plateletcrit_nan	cS2G				False	False	False		False	21	35021450		ENSG00000159216	ENSG00000159216	plateletcrit	CODING	expert curated	High	
ENSG00000159261_nephrolithiasis_nan	cS2G				False	False	False		False	21	36446573		ENSG00000159261	ENSG00000159261	nephrolithiasis	CODING	expert curated	High	
ENSG00000093010_blood_metabolite_mea_nan	cS2G				False	False	False		False	22	19963748		ENSG00000093010	ENSG00000093010	blood metabolite measurement	REGULATORY	expert curated	High	
ENSG00000128271_coffee_consumption_nan	cS2G				False	False	False		False	22	24375987		ENSG00000128271	ENSG00000128271	coffee consumption	CODING	expert curated	High	
PNPLA3_liver_disease_nan	cS2G	PNPLA3	1.0	1.0	True	True	True	1.0	True	22	43928850		ENSG00000100344	PNPLA3	liver disease	CODING	expert curated	High	
ENSG00000100299_blood_metabolite_mea_nan	cS2G				False	False	False		False	22	50625049		ENSG00000100299	ENSG00000100299	blood metabolite measurement	REGULATORY	expert curated	High	
ENSG00000144908_glycine_measurement_nan	cS2G				False	False	False		False	3	126191538		ENSG00000144908	ENSG00000144908	glycine measurement	CODING	expert curated	High	
ENSG00000179348_plateletcrit_nan	cS2G				False	False	False		False	3	128483046		ENSG00000179348	ENSG00000179348	plateletcrit	CODING	expert curated	High	
ENSG00000090534_plateletcrit_nan	cS2G				False	False	False		False	3	184372454		ENSG00000090534	ENSG00000090534	plateletcrit	CODING	expert curated	High	
ENSG00000145321_vitamin_D_measuremen_nan	cS2G				False	False	False		False	4	71748550		ENSG00000145321	ENSG00000145321	vitamin D measurement	REGULATORY	expert curated	High	
ENSG00000196616_alcohol_consumption__nan	cS2G				False	False	False		False	4	99318162		ENSG00000196616	ENSG00000196616	alcohol consumption measurement	CODING	expert curated	High	
ENSG00000088926_deep_vein_thrombosis_nan	cS2G				False	False	False		False	4	186266940		ENSG00000088926	ENSG00000088926	deep vein thrombosis	CODING	expert curated	High	
ENSG00000164175_skin_pigmentation_nan	cS2G				False	False	False		False	5	33951588		ENSG00000164175	ENSG00000164175	skin pigmentation	CODING	expert curated	High	
ENSG00000113161_total_cholesterol_me_nan	cS2G				False	False	False		False	5	75360714		ENSG00000113161	ENSG00000113161	total cholesterol measurement	REGULATORY	expert curated	High	
ENSG00000155511_schizophrenia_nan	cS2G				False	False	False		False	5	153229059		ENSG00000155511	ENSG00000155511	schizophrenia	CODING	expert curated	High	
ENSG00000164330_balding_measurement_nan	cS2G				False	False	False		False	5	158916961		ENSG00000164330	ENSG00000164330	balding measurement	CODING	expert curated	High	
ENSG00000131183_nephrolithiasis_nan	cS2G				False	False	False		False	5	177372991		ENSG00000131183	ENSG00000131183	nephrolithiasis	CODING	expert curated	High	
ENSG00000137265_suntan_nan	cS2G				False	False	False		False	6	396321		ENSG00000137265	ENSG00000137265	suntan	CODING	expert curated	High	
ENSG00000153162_lean_body_mass_nan	cS2G				False	False	False		False	6	7705771		ENSG00000153162	ENSG00000153162	lean body mass	CODING	expert curated	High	
HFE_iron_biomarker_measu_nan	cS2G	HFE	1.0	1.0	True	True	True	1.0	True	6	26092913		ENSG00000010704	HFE	iron biomarker measurement	CODING	expert curated	High	
ENSG00000112175_osteoarthritis,_hip_nan	cS2G				False	False	False		False	6	55772142		ENSG00000112175	ENSG00000112175	osteoarthritis, hip	CODING	expert curated	High	
ENSG00000056972_psoriasis_nan	cS2G				False	False	False		False	6	111608659		ENSG00000056972	ENSG00000056972	psoriasis	CODING	expert curated	High	
ENSG00000146374_bone_fracture_nan	cS2G				False	False	False		False	6	127147129		ENSG00000146374	ENSG00000146374	bone fracture	CODING	expert curated	High	
ENSG00000106546_coffee_consumption_nan	cS2G				False	False	False		False	7	17244953		ENSG00000106546	ENSG00000106546	coffee consumption	CODING	expert curated	High	
ENSG00000122691_Ischemic_stroke_nan	cS2G				False	False	False		False	7	19009765		ENSG00000122691	ENSG00000122691	Ischemic stroke	CODING	expert curated	High	
ENSG00000146733_glycine_measurement_nan	cS2G				False	False	False		False	7	56011401		ENSG00000146733	ENSG00000146733	glycine measurement	CODING	expert curated	High	
ENSG00000170615_hearing_loss_nan	cS2G				False	False	False		False	7	103421378		ENSG00000170615	ENSG00000170615	hearing loss	CODING	expert curated	High	
ENSG00000002745_heel_bone_mineral_de_nan	cS2G				False	False	False		False	7	121322110		ENSG00000002745	ENSG00000002745	heel bone mineral density	CODING	expert curated	High	
ENSG00000179603_worry_measurement_nan	cS2G				False	False	False		False	7	126738788		ENSG00000179603	ENSG00000179603	worry measurement	CODING	expert curated	High	
ENSG00000257138_alcohol_consumption__nan	cS2G				False	False	False		False	7	141973545		ENSG00000257138	ENSG00000257138	alcohol consumption measurement	CODING	expert curated	High	
ENSG00000243896_diet_measurement_nan	cS2G				False	False	False		False	7	144026044		ENSG00000243896	ENSG00000243896	diet measurement	CODING	expert curated	High	
ENSG00000169946_plateletcrit_nan	cS2G				False	False	False		False	8	105569300		ENSG00000169946	ENSG00000169946	plateletcrit	CODING	expert curated	High	
ENSG00000178445_glycine_measurement_nan	cS2G				False	False	False		False	9	6550024		ENSG00000178445	ENSG00000178445	glycine measurement	CODING	expert curated	High	
ENSG00000173068_skin_pigmentation_nan	cS2G				False	False	False		False	9	16885019		ENSG00000173068	ENSG00000173068	skin pigmentation	CODING	expert curated	High	
ENSG00000147889_coronary_artery_dise_nan	cS2G				False	False	False		False	9	22098575		ENSG00000147889	ENSG00000147889	coronary artery disease	CODING	expert curated	High	
ENSG00000147883_coronary_artery_dise_nan	cS2G				False	False	False		False	9	22098575		ENSG00000147883	ENSG00000147883	coronary artery disease	CODING	expert curated	High	
ENSG00000178919_multinodular_goiter_nan	cS2G				False	False	False		False	9	97776188		ENSG00000178919	ENSG00000178919	multinodular goiter	CODING	expert curated	High	
ENSG00000136944_osteoarthritis,_hip_nan	cS2G				False	False	False		False	9	126624581		ENSG00000136944	ENSG00000136944	osteoarthritis, hip	CODING	expert curated	High	
ENSG00000175164_deep_vein_thrombosis_nan	cS2G				False	False	False		False	9	133267960		ENSG00000175164	ENSG00000175164	deep vein thrombosis	CODING	expert curated	High	
ENSG00000169083_balding_measurement_nan	cS2G				False	False	False		False	X	67450724		ENSG00000169083	ENSG00000169083	balding measurement	CODING	expert curated	High	
ENSG00000106633_D-Glucose_6975024	cS2G				False	False	False		False	7	44192287	rs6975024	ENSG00000106633	ENSG00000106633	D-Glucose	REGULATORY	expert curated	High	
ENSG00000134640_D-Glucose_10830963	cS2G				False	False	False		False	11	92975544	rs10830963	ENSG00000134640	ENSG00000134640	D-Glucose	REGULATORY	expert curated	High	
ENSG00000109667_Uric_acid_12498742	cS2G				False	False	False		False	4	9942428	rs12498742	ENSG00000109667	ENSG00000109667	Uric acid	REGULATORY	expert curated	High	
ENSG00000132170_Cholesterol_7616006	cS2G				False	False	False		False	3	12226148	rs7616006	ENSG00000132170	ENSG00000132170	Cholesterol	REGULATORY	expert curated	High	
ENSG00000198670_Cholesterol_10455872	cS2G				False	False	False		False	6	160589086	rs10455872	ENSG00000198670	ENSG00000198670	Cholesterol	REGULATORY	expert curated	High	
ENSG00000087237_high_density_lipopro_247616	cS2G				False	False	False		False	16	56955678	rs247616	ENSG00000087237	ENSG00000087237	high density lipoprotein cholesterol measurement	REGULATORY	expert curated	High	
ENSG00000169174_low_density_lipoprot_11591147	cS2G				False	False	False		False	1	55039974	rs11591147	ENSG00000169174	ENSG00000169174	low density lipoprotein cholesterol measurement	REGULATORY	expert curated	High	
ENSG00000084674_low_density_lipoprot_1367117	cS2G				False	False	False		False	2	21041028	rs1367117	ENSG00000084674	ENSG00000084674	low density lipoprotein cholesterol measurement	REGULATORY	expert curated	High	
ENSG00000130164_low_density_lipoprot_6511720	cS2G				False	False	False		False	19	11091630	rs6511720	ENSG00000130164	ENSG00000130164	low density lipoprotein cholesterol measurement	REGULATORY	expert curated	High	
ENSG00000132855_triglyceride_measure_4587594	cS2G				False	False	False		False	1	62668259	rs4587594	ENSG00000132855	ENSG00000132855	triglyceride measurement	REGULATORY	expert curated	High	
ENSG00000000971_C3f,_complement_C3_d_7535263	cS2G				False	False	False		False	1	196713216	rs7535263	ENSG00000000971	ENSG00000000971	C3f, complement C3 derived peptide	REGULATORY	expert curated	High	
ENSG00000010704_Iron_1800562	cS2G				False	False	False		False	6	26092913	rs1800562	ENSG00000010704	ENSG00000010704	Iron	REGULATORY	expert curated	High	
ENSG00000169174_Hypercholesterolemia_nan	cS2G				False	False	False		False	1	55021673		ENSG00000169174	ENSG00000169174	Hypercholesterolemia	REGULATORY	drug	High	
ENSG00000169174_Disorder_of_lipid_me_nan	cS2G				False	False	False		False	1	55023869		ENSG00000169174	ENSG00000169174	Disorder of lipid metabolism	REGULATORY	drug	High	
ENSG00000169174_coronary_artery_dise_nan	cS2G				False	False	False		False	1	55030366		ENSG00000169174	ENSG00000169174	coronary artery disease	CODING	drug	High	
ENSG00000169174_cardiovascular_syste_nan	cS2G				False	False	False		False	1	55039974		ENSG00000169174	ENSG00000169174	cardiovascular system disease	CODING	drug	High	
ENSG00000132170_diabetes_mellitus_nan	cS2G				False	False	False		False	3	12288284		ENSG00000132170	ENSG00000132170	diabetes mellitus	REGULATORY	drug	High	
ENSG00000132170_type_II_diabetes_mel_nan	cS2G				False	False	False		False	3	12288284		ENSG00000132170	ENSG00000132170	type II diabetes mellitus	REGULATORY	drug	High	
ENSG00000096968_polycythemia_vera_nan	cS2G				False	False	False		False	9	5049092		ENSG00000096968	ENSG00000096968	polycythemia vera	REGULATORY	drug	High	
ENSG00000187486_type_II_diabetes_mel_nan	cS2G				False	False	False		False	11	17386857		ENSG00000187486	ENSG00000187486	type II diabetes mellitus	REGULATORY	functional observational	High	
ENSG00000134640_type_II_diabetes_mel_nan	cS2G				False	False	False		False	11	92935809		ENSG00000134640	ENSG00000134640	type II diabetes mellitus	REGULATORY	functional observational	High	
ENSG00000135100_type_II_diabetes_mel_nan	cS2G				False	False	False		False	12	120890006		ENSG00000135100	ENSG00000135100	type II diabetes mellitus	REGULATORY	functional observational	High	
ENSG00000166603_type_II_diabetes_mel_nan	cS2G				False	False	False		False	18	60171168		ENSG00000166603	ENSG00000166603	type II diabetes mellitus	REGULATORY	functional observational	High	
ENSG00000130203_type_II_diabetes_mel_nan	cS2G				False	False	False		False	19	44888997		ENSG00000130203	ENSG00000130203	type II diabetes mellitus	REGULATORY	functional observational	High	
ENSG00000100344_type_II_diabetes_mel_nan	cS2G				False	False	False		False	22	43928847		ENSG00000100344	ENSG00000100344	type II diabetes mellitus	REGULATORY	functional observational	High	
ENSG00000106633_type_II_diabetes_mel_nan	cS2G				False	False	False		False	7	44135258		ENSG00000106633	ENSG00000106633	type II diabetes mellitus	REGULATORY	functional observational	High	
ENSG00000177508_obesity_nan	cS2G				False	False	False		False	16	53767042		ENSG00000177508	ENSG00000177508	obesity	REGULATORY	functional observational|functional experimental	High	
ENSG00000145335_Parkinson's_disease_nan	cS2G				False	False	False		False	4	89716450		ENSG00000145335	ENSG00000145335	Parkinson's disease	REGULATORY	functional observational	High	
ENSG00000132855_lipid_measurement_nan	cS2G				False	False	False		False	1	62679768		ENSG00000132855	ENSG00000132855	lipid measurement	REGULATORY	functional observational|functional experimental	High	
ENSG00000169174_low_density_lipoprot_nan	cS2G				False	False	False		False	1	55039974		ENSG00000169174	ENSG00000169174	low density lipoprotein cholesterol measurement	REGULATORY	expert curated	High	
ENSG00000134242_rheumatoid_arthritis_nan	cS2G				False	False	False		False	1	113834946		ENSG00000134242	ENSG00000134242	rheumatoid arthritis	REGULATORY	expert curated	High	
ENSG00000169344_nephrolithiasis_nan	cS2G				False	False	False		False	16	20355185		ENSG00000169344	ENSG00000169344	nephrolithiasis	CODING	expert curated	High	
ENSG00000141510_skin_carcinoma_nan	cS2G				False	False	False		False	17	7668434		ENSG00000141510	ENSG00000141510	skin carcinoma	CODING	expert curated	High	
ENSG00000166603_lean_body_mass_nan	cS2G				False	False	False		False	18	60183694		ENSG00000166603	ENSG00000166603	lean body mass	CODING	expert curated	High	
ENSG00000130164_low_density_lipoprot_nan	cS2G				False	False	False		False	19	11076648		ENSG00000130164	ENSG00000130164	low density lipoprotein cholesterol measurement	REGULATORY	expert curated	High	
ENSG00000130203_diet_measurement_nan	cS2G				False	False	False		False	19	44908684		ENSG00000130203	ENSG00000130203	diet measurement	CODING	expert curated	High	
ENSG00000130203_simvastatin_nan	cS2G				False	False	False		False	19	44909976		ENSG00000130203	ENSG00000130203	simvastatin	CODING	expert curated	High	
ENSG00000100344_liver_disease_nan	cS2G				False	False	False		False	22	43928850		ENSG00000100344	ENSG00000100344	liver disease	REGULATORY	expert curated	High	
ENSG00000010704_iron_biomarker_measu_nan	cS2G				False	False	False		False	6	26092913		ENSG00000010704	ENSG00000010704	iron biomarker measurement	REGULATORY	expert curated	High	
nan_Urate_levels_2231142	cS2G				False	False	False		False	4	88131171	rs2231142			Urate levels	REGULATORY			
nan_Total_Cholesterol_558971	cS2G				False	False	False		False	1	234717659	rs558971			Total Cholesterol	REGULATORY			
nan_Cholesterol,_total_2287623	cS2G				False	False	False		False	2	168973645	rs2287623			Cholesterol, total	REGULATORY			
nan_Total_Cholesterol_7616006	cS2G				False	False	False		False	3	12226148	rs7616006			Total Cholesterol	REGULATORY			
nan_HDL_Cholesterol_1883025	cS2G				False	False	False		False	9	104902020	rs1883025			HDL Cholesterol	REGULATORY			
nan_HDL_Cholesterol_3847502	cS2G				False	False	False		False	11	47312134	rs3847502			HDL Cholesterol	REGULATORY			
ENSG00000135697_B-Carotene_6564851	NearestGene	BCO1	0.5650675255693055		False	False	False		True	16	81230992	rs6564851	ENSG00000135697	ENSG00000135697	B-Carotene	REGULATORY	expert curated	High	7697.0
ENSG00000242366_Bilirubin_6742078	NearestGene	UGT1A1	0.7287036362311448		False	False	False		True	2	233763993	rs6742078	ENSG00000242366	ENSG00000242366	Bilirubin	REGULATORY	expert curated	High	3723.0
ENSG00000160211_Bilirubin_766420	NearestGene	TEX28	0.2487252829250093		False	False	False		True	X	154326058	rs766420	ENSG00000160211	ENSG00000160211	Bilirubin	REGULATORY	expert curated	High	30205.0
ENSG00000126821_sphingomyelin_14∶0_m_7157785	NearestGene	SYNE2	0.5903536218194699		False	False	False		True	14	63768838	rs7157785	ENSG00000126821	ENSG00000126821	sphingomyelin 14∶0 molar percentage	CODING	expert curated	High	6939.0
ENSG00000152254_D-Glucose_560887	NearestGene	G6PC2	0.6515931452401121		False	False	False		True	2	168906638	rs560887	ENSG00000152254	ENSG00000152254	D-Glucose	REGULATORY	expert curated	High	5347.0
ENSG00000145321_25-Hydroxyvitamin_D2_2282679	NearestGene	GC	0.14010507880910683		False	False	False		True	4	71742666	rs2282679	ENSG00000145321	ENSG00000145321	25-Hydroxyvitamin D2	REGULATORY	expert curated	High	61375.0
ENSG00000186104_25-Hydroxyvitamin_D2_10741657	NearestGene	CYP2R1	0.9008197459688315		False	False	False		True	11	14893332	rs10741657	ENSG00000186104	ENSG00000186104	25-Hydroxyvitamin D2	REGULATORY	expert curated	High	1101.0
ENSG00000172893_25-Hydroxyvitamin_D2_12785878	NearestGene	NADSYN1	0.7522190461862494		False	False	False		True	11	71456403	rs12785878	ENSG00000172893	ENSG00000172893	25-Hydroxyvitamin D2	REGULATORY	expert curated	High	3294.0
ENSG00000162551_Phosphorus_1697421	NearestGene	ALPL	0.4425170369059208		False	False	False		True	1	21496799	rs1697421	ENSG00000162551	ENSG00000162551	Phosphorus	REGULATORY	expert curated	High	12598.0
ENSG00000118972_Phosphorus_2970818	NearestGene	C12orf4	0.19415213761503514		False	False	False		True	12	4497002	rs2970818	ENSG00000118972	ENSG00000118972	Phosphorus	REGULATORY	expert curated	High	41506.0
ENSG00000185499_Magneseium_4072037	NearestGene	MUC1	0.9398496240601504		False	False	False		True	1	155192276	rs4072037	ENSG00000185499	ENSG00000185499	Magneseium	CODING	expert curated	High	640.0
ENSG00000119121_Magnesium_11144134	NearestGene	TRPM6	0.7567731194187982		False	False	False		True	9	74884880	rs11144134	ENSG00000119121	ENSG00000119121	Magnesium	REGULATORY	expert curated	High	3214.0
ENSG00000033170_N-glycan_measurement_7159888	NearestGene	FUT8	0.0777194018714832		False	False	False		True	14	65291924	rs7159888	ENSG00000033170	ENSG00000033170	N-glycan measurement	REGULATORY	expert curated	High	118668.0
ENSG00000117525_D_dimer_measurement_12029080	NearestGene	F3	0.17845033727113746		False	False	False		True	1	94587797	rs12029080	ENSG00000117525	ENSG00000117525	D dimer measurement	CODING	expert curated	High	46038.0
ENSG00000198734_D_dimer_measurement_6687813	NearestGene	SLC19A2	0.3087182020251914		False	False	False		True	1	169508336	rs6687813	ENSG00000198734	ENSG00000198734	D dimer measurement	CODING	expert curated	High	22392.0
ENSG00000186115_Alpha-Tocopherol_2108622	NearestGene	CYP4F2	0.35141973573235874		False	False	False		True	19	15879621	rs2108622	ENSG00000186115	ENSG00000186115	Alpha-Tocopherol	CODING	expert curated	High	18456.0
ENSG00000197977_Docosapentaenoic_aci_3734398	NearestGene	ELOVL2	0.13973310976035772		False	False	False		True	6	10982740	rs3734398	ENSG00000197977	ENSG00000197977	Docosapentaenoic acid	CODING	expert curated	High	61565.0
ENSG00000138207_Vitamin_A_10882272	NearestGene	RBP4	0.428834855697071		False	False	False		True	10	93588425	rs10882272	ENSG00000138207	ENSG00000138207	Vitamin A	REGULATORY	expert curated	High	13319.0
ENSG00000118271_Vitamin_A_1667255	NearestGene	TTR	0.16581823005621238		False	False	False		True	18	31607316	rs1667255	ENSG00000118271	ENSG00000118271	Vitamin A	REGULATORY	expert curated	High	50307.0
ENSG00000106546_Caffeine___Quinic_ac_12670403	NearestGene	RP11-507K12.1	0.2522704339051463		False	False	False		True	7	17269655	rs12670403	ENSG00000106546	ENSG00000106546	Caffeine / Quinic acid	CODING	expert curated|expert curated	High	29640.0
ENSG00000135318_Inosine_494562	NearestGene	NT5E	0.19167002089203228		False	False	False		True	6	85407411	rs494562	ENSG00000135318	ENSG00000135318	Inosine	CODING	expert curated	High	42173.0
ENSG00000129214_Testosterone_12150660	NearestGene	FXR2	0.7299270072992701		False	False	False		True	17	7618597	rs12150660	ENSG00000129214	ENSG00000129214	Testosterone	REGULATORY	expert curated	High	3700.0
ENSG00000115902_L-Alanine___L-Valine_2160387	NearestGene	SLC1A4	0.6536374926465782		False	False	False		True	2	64993776	rs2160387	ENSG00000115902	ENSG00000115902	L-Alanine / L-Valine	CODING	expert curated	High	5299.0
ENSG00000198650_L-Phenylalanine___L-_4788815	NearestGene	TAT	0.2957180033120416		False	False	False		True	16	71600908	rs4788815	ENSG00000198650	ENSG00000198650	L-Phenylalanine / L-Tyrosine	CODING	expert curated	High	23816.0
ENSG00000110090_Linoleic_acid_2229738	NearestGene	TESMIN	0.18747656542932134		False	False	False		True	11	68794860	rs2229738	ENSG00000110090	ENSG00000110090	Linoleic acid	CODING	expert curated	High	43340.0
ENSG00000204310_similar_to_Phosphati_1061808	NearestGene	EGFL8	0.7054673721340388		False	False	False		True	6	32168770	rs1061808	ENSG00000204310	ENSG00000204310	similar to Phosphatidylcholine(18:0/14:0)|Phosphatidylcholine(16:1/18:0)	CODING	expert curated	High	4175.0
ENSG00000145246_sphingolipid_measure_13106975	NearestGene	ATP10D	0.13410038755012002		False	False	False		True	4	47549846	rs13106975	ENSG00000145246	ENSG00000145246	sphingolipid measurement	REGULATORY	expert curated	High	64571.0
ENSG00000214435_Dimethylarsinate_9527	NearestGene	AS3MT	0.6390184676337146		False	False	False		True	10	102863821	rs9527	ENSG00000214435	ENSG00000214435	Dimethylarsinate	CODING	expert curated	High	5649.0
ENSG00000197891_Urea_504915	NearestGene	NRXN2	0.27334353815875795		False	False	False		True	11	64696613	rs504915	ENSG00000197891	ENSG00000197891	Urea	CODING	expert curated|expert curated	High	26584.0
ENSG00000132874_Urea_7227483	NearestGene	SLC14A1	0.11128421989761851		False	False	False		True	18	45607165	rs7227483	ENSG00000132874	ENSG00000132874	Urea	CODING	expert curated	High	79860.0
ENSG00000163581_D-Glucose_1280	NearestGene	SLC2A2	0.24247126715484216		False	False	False		True	3	170995501	rs1280	ENSG00000163581	ENSG00000163581	D-Glucose	REGULATORY	expert curated	High	31242.0
ENSG00000073792_D-Glucose_7651090	NearestGene	IGF2BP2	0.2535625538820427		False	False	False		True	3	185795604	rs7651090	ENSG00000073792	ENSG00000073792	D-Glucose	REGULATORY	expert curated	High	29438.0
ENSG00000175426_D-Glucose_4869272	NearestGene	PCSK1	0.041597510804953435		False	False	False		True	5	96203744	rs4869272	ENSG00000175426	ENSG00000175426	D-Glucose	REGULATORY	expert curated	High	230399.0
GCK_D-Glucose_6975024	NearestGene	GCK	0.6296039790971478	1.0	True	True	True	0.6296039790971478	True	7	44192287	rs6975024	ENSG00000106633	GCK	D-Glucose	REGULATORY	expert curated	High	5883.0
MTNR1B_D-Glucose_10830963	NearestGene	MTNR1B	0.6292078273453721	1.0	True	True	True	0.6292078273453721	True	11	92975544	rs10830963	ENSG00000134640	MTNR1B	D-Glucose	REGULATORY	expert curated	High	5893.0
ENSG00000139515_D-Glucose_11619319	NearestGene	PDX1	0.6046680372475511		False	False	False		True	13	27913462	rs11619319	ENSG00000139515	ENSG00000139515	D-Glucose	REGULATORY	expert curated|expert curated	High	6538.0
ENSG00000174827_Uric_acid_1471633	NearestGene	PDZK1	0.758782912208817		False	False	False		True	1	145711327	rs1471633	ENSG00000174827	ENSG00000174827	Uric acid	REGULATORY	expert curated	High	3179.0
SLC2A9_Uric_acid_12498742	NearestGene	SLC2A9	0.08162732229731937	1.0	True	True	True	0.08162732229731937	True	4	9942428	rs12498742	ENSG00000109667	SLC2A9	Uric acid	REGULATORY	expert curated	High	112508.0
ENSG00000118777_Uric_acid_2231142	NearestGene	ABCG2	0.09053296758014431		False	False	False		True	4	88131171	rs2231142	ENSG00000118777	ENSG00000118777	Uric acid	REGULATORY	expert curated	High	100457.0
ENSG00000123684_Stearic_acid_11119805	NearestGene	NEK2	0.12614794631143406		False	False	False		True	1	211744902	rs11119805	ENSG00000123684	ENSG00000123684	Stearic acid	CODING	expert curated	High	69272.0
ENSG00000211452_Thyroxine_2235544	NearestGene	DIO1	0.34894270360806756		False	False	False		True	1	53909897	rs2235544	ENSG00000211452	ENSG00000211452	Thyroxine	REGULATORY	expert curated	High	18658.0
ENSG00000178919_Thyroxine_7045138	NearestGene	FOXE1	0.293728888236158		False	False	False		True	9	97829181	rs7045138	ENSG00000178919	ENSG00000178919	Thyroxine	REGULATORY	expert curated	High	24045.0
ENSG00000107187_Thyroxine_7860634	NearestGene	LHX3	0.5782017924255565		False	False	False		True	9	136197833	rs7860634	ENSG00000107187	ENSG00000107187	Thyroxine	REGULATORY	expert curated	High	7295.0
ENSG00000180543_Estradiol_1864729	NearestGene	TSPYL5	0.5565759447876663		False	False	False		True	8	97269961	rs1864729	ENSG00000180543	ENSG00000180543	Estradiol	REGULATORY	expert curated	High	7967.0
ENSG00000143416_Copper_2769264	NearestGene	SELENBP1	0.957670944263551		False	False	False		True	1	151372265	rs2769264	ENSG00000143416	ENSG00000143416	Copper	CODING	expert curated	High	442.0
ENSG00000135218_high_density_lipopro_2366858	NearestGene	GNAT3	0.04779155236520393		False	False	False		True	7	80711306	rs2366858	ENSG00000135218	ENSG00000135218	high density lipoprotein cholesterol measurement	REGULATORY	expert curated	High	199242.0
ENSG00000132837_Dimethlyglycine_248386	NearestGene	BHMT2	0.2204439741639662		False	False	False		True	5	79034404	rs248386	ENSG00000132837	ENSG00000132837	Dimethlyglycine	CODING	expert curated	High	35363.0
ENSG00000038002_L-Asparagine_4690522	NearestGene	AGA	0.7974481658692185		False	False	False		True	4	177439897	rs4690522	ENSG00000038002	ENSG00000038002	L-Asparagine	CODING	expert curated	High	2540.0
ENSG00000114491_Orotic_acid_9844948	NearestGene	UMPS	0.8486082824168365		False	False	False		True	3	124732217	rs9844948	ENSG00000114491	ENSG00000114491	Orotic acid	CODING	expert curated	High	1784.0
ENSG00000123561_Thyroxine_7883218	NearestGene	SERPINA7	0.6207709975789931		False	False	False		True	X	106032618	rs7883218	ENSG00000123561	ENSG00000123561	Thyroxine	REGULATORY	expert curated	High	6109.0
ENSG00000177000_Homocysteine_1801133	NearestGene	CLCN6	0.5056890012642224		False	False	False		True	1	11796321	rs1801133	ENSG00000177000	ENSG00000177000	Homocysteine	REGULATORY	expert curated	High	9775.0
ENSG00000132763_Homocysteine_4660306	NearestGene	MMACHC	0.44047042241113515		False	False	False		True	1	45513003	rs4660306	ENSG00000132763	ENSG00000132763	Homocysteine	REGULATORY	expert curated	High	12703.0
ENSG00000116984_Homocysteine_2275565	NearestGene	MTR	0.09988413440409126		False	False	False		True	1	236885376	rs2275565	ENSG00000116984	ENSG00000116984	Homocysteine	REGULATORY	expert curated	High	90116.0
ENSG00000146085_Homocysteine_9369898	NearestGene	MMUT	0.1701461555476154		False	False	False		True	6	49414480	rs9369898	ENSG00000146085	ENSG00000146085	Homocysteine	REGULATORY	expert curated	High	48773.0
ENSG00000134612_Homocysteine_7130284	NearestGene	NOX4	0.10754654076551629		False	False	False		True	11	89415204	rs7130284	ENSG00000134612	ENSG00000134612	Homocysteine	REGULATORY	expert curated	High	82983.0
ENSG00000015413_Homocysteine_154657	NearestGene	CHMP1A	0.3838771593090211		False	False	False		True	16	89641688	rs154657	ENSG00000015413	ENSG00000015413	Homocysteine	REGULATORY	expert curated	High	16050.0
ENSG00000171766_Homo-L-arginine_1153858	NearestGene	GATM	0.19296823742811933		False	False	False		True	15	45360505	rs1153858	ENSG00000171766	ENSG00000171766	Homo-L-arginine	CODING	expert curated	High	41822.0
ENSG00000137869_Estradiol_2414095	NearestGene	CYP19A1	0.08583248931385508		False	False	False		True	15	51232095	rs2414095	ENSG00000137869	ENSG00000137869	Estradiol	REGULATORY	expert curated	High	106506.0
ENSG00000144481_Calcium_1550532	NearestGene	DGKD	0.8541168431841476		False	False	False		True	2	233356202	rs1550532	ENSG00000144481	ENSG00000144481	Calcium	REGULATORY	expert curated	High	1708.0
ENSG00000036828_Calcium_1801725	NearestGene	CSTA	0.19865707815169453		False	False	False		True	3	122284910	rs1801725	ENSG00000036828	ENSG00000036828	Calcium	REGULATORY	expert curated	High	40338.0
ENSG00000169919_Calcium_17711722	NearestGene	VKORC1L1	0.13009991673605328		False	False	False		True	7	65806210	rs17711722	ENSG00000169919	ENSG00000169919	Calcium	REGULATORY	expert curated	High	66864.0
ENSG00000019186_Calcium_1570669	NearestGene	CYP24A1	0.3831711242240785		False	False	False		True	20	54157888	rs1570669	ENSG00000019186	ENSG00000019186	Calcium	REGULATORY	expert curated	High	16098.0
ENSG00000168264_Cholesterol_558971	NearestGene	IRF2BP2	0.08512014708761416		False	False	False		True	1	234717659	rs558971	ENSG00000168264	ENSG00000168264	Cholesterol	REGULATORY	expert curated	High	107481.0
ENSG00000073734_Cholesterol_2287623	NearestGene	ABCB11	0.14775632027659982		False	False	False		True	2	168973645	rs2287623	ENSG00000073734	ENSG00000073734	Cholesterol	REGULATORY	expert curated	High	57679.0
PPARG_Cholesterol_7616006	NearestGene	PPARG	0.14040999719180006	1.0	True	True	True	0.14040999719180006	True	3	12226148	rs7616006	ENSG00000132170	PPARG	Cholesterol	REGULATORY	expert curated	High	61220.0
LPA_Cholesterol_10455872	NearestGene	LPA	0.11738604749439481	1.0	True	True	True	0.11738604749439481	True	6	160589086	rs10455872	ENSG00000198670	LPA	Cholesterol	REGULATORY	expert curated	High	75189.0
ENSG00000167910_Cholesterol_4738684	NearestGene	CYP7A1	0.339570104248022		False	False	False		True	8	58480714	rs4738684	ENSG00000167910	ENSG00000167910	Cholesterol	REGULATORY	expert curated|expert curated	High	19449.0
ENSG00000147852_Cholesterol_3780181	NearestGene	VLDLR	0.3381005511038983		False	False	False		True	9	2640759	rs3780181	ENSG00000147852	ENSG00000147852	Cholesterol	REGULATORY	expert curated	High	19577.0
ENSG00000186951_Cholesterol_4253772	NearestGene	CDPF1	0.34958923265163433		False	False	False		True	22	46231706	rs4253772	ENSG00000186951	ENSG00000186951	Cholesterol	REGULATORY	expert curated	High	18605.0
ENSG00000163382_high_density_lipopro_12145743	NearestGene	ISG20L2	0.8269246671628214		False	False	False		True	1	156730859	rs12145743	ENSG00000163382	ENSG00000163382	high density lipoprotein cholesterol measurement	REGULATORY	expert curated	High	2093.0
ENSG00000143641_high_density_lipopro_4846914	NearestGene	GALNT2	0.0893224002715401		False	False	False		True	1	230159944	rs4846914	ENSG00000143641	ENSG00000143641	high density lipoprotein cholesterol measurement	REGULATORY	expert curated	High	101954.0
ENSG00000182851_high_density_lipopro_10087900	NearestGene	GPIHBP1	0.5546311702717693		False	False	False		True	8	143221248	rs10087900	ENSG00000182851	ENSG00000182851	high density lipoprotein cholesterol measurement	REGULATORY	expert curated	High	8030.0
ENSG00000165029_high_density_lipopro_1883025	NearestGene	ABCA1	0.2767400027674		False	False	False		True	9	104902020	rs1883025	ENSG00000165029	ENSG00000165029	high density lipoprotein cholesterol measurement	REGULATORY	expert curated	High	26135.0
ENSG00000025434_high_density_lipopro_3847502	NearestGene	MYBPC3	0.19775352001265623		False	False	False		True	11	47312134	rs3847502	ENSG00000025434	ENSG00000025434	high density lipoprotein cholesterol measurement	REGULATORY	expert curated	High	40568.0
ENSG00000062282_high_density_lipopro_499974	NearestGene	DGAT2	0.3916040100250626		False	False	False		True	11	75743976	rs499974	ENSG00000062282	ENSG00000062282	high density lipoprotein cholesterol measurement	REGULATORY	expert curated	High	15536.0
ENSG00000110921_high_density_lipopro_2241210	NearestGene	UBE3B	0.22253376949952153		False	False	False		True	12	109512339	rs2241210	ENSG00000110921	ENSG00000110921	high density lipoprotein cholesterol measurement	REGULATORY	expert curated	High	34937.0
ENSG00000073060_high_density_lipopro_838876	NearestGene	SCARB1	0.08523259976475803		False	False	False		True	12	124775342	rs838876	ENSG00000073060	ENSG00000073060	high density lipoprotein cholesterol measurement	REGULATORY	expert curated	High	107326.0
ENSG00000142208_high_density_lipopro_4983559	NearestGene	ZBTB42	0.49319392385085814		False	False	False		True	14	104810872	rs4983559	ENSG00000142208	ENSG00000142208	high density lipoprotein cholesterol measurement	REGULATORY	expert curated	High	10276.0
ENSG00000166035_high_density_lipopro_1532085	NearestGene	LIPC	0.3401129174886062		False	False	False		True	15	58391167	rs1532085	ENSG00000166035	ENSG00000166035	high density lipoprotein cholesterol measurement	REGULATORY	expert curated	High	19402.0
CETP_high_density_lipopro_247616	NearestGene	CETP	0.6155740227762388	1.0	True	True	True	0.6155740227762388	True	16	56955678	rs247616	ENSG00000087237	CETP	high density lipoprotein cholesterol measurement	REGULATORY	expert curated	High	6245.0
ENSG00000213398_high_density_lipopro_16942887	NearestGene	PSKH1	0.9186954524575103		False	False	False		True	16	67894139	rs16942887	ENSG00000213398	ENSG00000213398	high density lipoprotein cholesterol measurement	REGULATORY	expert curated	High	885.0
ENSG00000131748_high_density_lipopro_113612868	NearestGene	TCAP	0.983574309039048		False	False	False		True	17	39665182	rs113612868	ENSG00000131748	ENSG00000131748	high density lipoprotein cholesterol measurement	REGULATORY	expert curated	High	167.0
ENSG00000101670_high_density_lipopro_4939883	NearestGene	LIPG	0.11093238671030008		False	False	False		True	18	49640844	rs4939883	ENSG00000101670	ENSG00000101670	high density lipoprotein cholesterol measurement	REGULATORY	expert curated	High	80145.0
ENSG00000101076_high_density_lipopro_1800961	NearestGene	HNF4A	0.14700693872750795		False	False	False		True	20	44413724	rs1800961	ENSG00000101076	ENSG00000101076	high density lipoprotein cholesterol measurement	REGULATORY	expert curated	High	58024.0
ENSG00000157978_low_density_lipoprot_10903129	NearestGene	MACO1	0.4632203075782842		False	False	False		True	1	25442446	rs10903129	ENSG00000157978	ENSG00000157978	low density lipoprotein cholesterol measurement	REGULATORY	expert curated	High	11588.0
PCSK9_low_density_lipoprot_11591147	NearestGene	PCSK9	0.9499382540134892	1.0	True	True	True	0.9499382540134892	True	1	55039974	rs11591147	ENSG00000169174	PCSK9	low density lipoprotein cholesterol measurement	REGULATORY	expert curated	High	527.0
ENSG00000134243_low_density_lipoprot_646776	NearestGene	PSRC1	0.5787706910522051		False	False	False		True	1	109275908	rs646776	ENSG00000134243	ENSG00000134243	low density lipoprotein cholesterol measurement	REGULATORY	expert curated	High	7278.0
APOB_low_density_lipoprot_1367117	NearestGene	APOB	0.7665772326561902	1.0	True	True	True	0.7665772326561902	True	2	21041028	rs1367117	ENSG00000084674	APOB	low density lipoprotein cholesterol measurement	REGULATORY	expert curated	High	3045.0
ENSG00000125629_low_density_lipoprot_10490626	NearestGene	INSIG2	0.4953683063357607		False	False	False		True	2	118078265	rs10490626	ENSG00000125629	ENSG00000125629	low density lipoprotein cholesterol measurement	REGULATORY	expert curated	High	10187.0
ENSG00000113161_low_density_lipoprot_12916	NearestGene	HMGCR	0.2908244874218409		False	False	False		True	5	75360714	rs12916	ENSG00000113161	ENSG00000113161	low density lipoprotein cholesterol measurement	REGULATORY	expert curated	High	24385.0
ENSG00000007944_low_density_lipoprot_3757354	NearestGene	MYLIP	0.8396305625524769		False	False	False		True	6	16127176	rs3757354	ENSG00000007944	ENSG00000007944	low density lipoprotein cholesterol measurement	REGULATORY	expert curated	High	1910.0
ENSG00000015520_low_density_lipoprot_2073547	NearestGene	NPC1L1	0.8770391159445711		False	False	False		True	7	44542732	rs2073547	ENSG00000015520	ENSG00000015520	low density lipoprotein cholesterol measurement	REGULATORY	expert curated	High	1402.0
ENSG00000257017_low_density_lipoprot_2000999	NearestGene	HPR	0.4751496721467262		False	False	False		True	16	72074194	rs2000999	ENSG00000257017	ENSG00000257017	low density lipoprotein cholesterol measurement	REGULATORY	expert curated	High	11046.0
ENSG00000091583_low_density_lipoprot_1801689	NearestGene	CEP112	0.309319805747162		False	False	False		True	17	66214462	rs1801689	ENSG00000091583	ENSG00000091583	low density lipoprotein cholesterol measurement	REGULATORY	expert curated	High	22329.0
LDLR_low_density_lipoprot_6511720	NearestGene	LDLR	0.8218277449046679	1.0	True	True	True	0.8218277449046679	True	19	11091630	rs6511720	ENSG00000130164	LDLR	low density lipoprotein cholesterol measurement	REGULATORY	expert curated	High	2168.0
ANGPTL3_triglyceride_measure_4587594	NearestGene	DOCK7	0.331928170743851		False	False	False		True	1	62668259	rs4587594	ENSG00000132855	ANGPTL3	triglyceride measurement	REGULATORY	expert curated	High	20127.0
ENSG00000163956_triglyceride_measure_6831256	NearestGene	DOK7	0.5523031039434442		False	False	False		True	4	3471412	rs6831256	ENSG00000163956	ENSG00000163956	triglyceride measurement	REGULATORY	expert curated	High	8106.0
ENSG00000105974_triglyceride_measure_38855	NearestGene	MET	0.179230741656809		False	False	False		True	7	116717990	rs38855	ENSG00000105974	ENSG00000105974	triglyceride measurement	REGULATORY	expert curated	High	45794.0
ENSG00000175445_triglyceride_measure_12678919	NearestGene	LPL	0.10526980651409563		False	False	False		True	8	19986711	rs12678919	ENSG00000175445	ENSG00000175445	triglyceride measurement	REGULATORY	expert curated	High	84994.0
ENSG00000173334_triglyceride_measure_2954022	NearestGene	TRIB1	0.1999160352651886		False	False	False		True	8	125470379	rs2954022	ENSG00000173334	ENSG00000173334	triglyceride measurement	REGULATORY	expert curated	High	40021.0
ENSG00000153904_Asymmetric_dimethyla_28489187	NearestGene	BCL10	0.1543328960567945		False	False	False		True	1	85331427	rs28489187	ENSG00000153904	ENSG00000153904	Asymmetric dimethylarginine	CODING	expert curated	High	54795.0
ENSG00000167772_triglyceride_measure_116843064	NearestGene	ANGPTL4	0.8968609865470852		False	False	False		True	19	8364439	rs116843064	ENSG00000167772	ENSG00000167772	triglyceride measurement	REGULATORY	expert curated	High	1150.0
ENSG00000165841_Desmethylcitalopram__1074145	NearestGene	CYP2C9	0.37637848620572845		False	False	False		True	10	94922089	rs1074145	ENSG00000165841	ENSG00000165841	Desmethylcitalopram / Citalopram	CODING	expert curated	High	16569.0
ENSG00000100197_Didemethylcitalopram_1065852	NearestGene	CYP2D6	0.9829942003342179		False	False	False		True	22	42130692	rs1065852	ENSG00000100197	ENSG00000100197	Didemethylcitalopram	CODING	expert curated	High	173.0
ENSG00000176920_L-Fucose_2287921	NearestGene	MAMSTR	0.6540222367560498		False	False	False		True	19	48725015	rs2287921	ENSG00000176920	ENSG00000176920	L-Fucose	CODING	expert curated	High	5290.0
ENSG00000021488_L-Lysine_8101881	NearestGene	SLC7A9	0.7165890361877464		False	False	False		True	19	32873722	rs8101881	ENSG00000021488	ENSG00000021488	L-Lysine	CODING	expert curated	High	3955.0
ENSG00000132744_N-Acetyl-L-phenylala_12288023	NearestGene	ACY3	0.76103500761035		False	False	False		True	11	67653870	rs12288023	ENSG00000132744	ENSG00000132744	N-Acetyl-L-phenylalanine	CODING	expert curated	High	3140.0
ENSG00000118094_Trehalose_507080	NearestGene	TREH	0.924470740501063		False	False	False		True	11	118678873	rs507080	ENSG00000118094	ENSG00000118094	Trehalose	CODING	expert curated	High	817.0
ENSG00000144908_Homocysteine_10934753	NearestGene	ALDH1L1	0.48407396650208145		False	False	False		True	3	126187336	rs10934753	ENSG00000144908	ENSG00000144908	Homocysteine	REGULATORY	expert curated	High	10658.0
ENSG00000124713_Homocysteine_9296404	NearestGene	GNMT	0.7880841673890772		False	False	False		True	6	42958065	rs9296404	ENSG00000124713	ENSG00000124713	Homocysteine	REGULATORY	expert curated	High	2689.0
ENSG00000160200_Homocysteine_234714	NearestGene	CBS	0.5257623554153522		False	False	False		True	21	43067923	rs234714	ENSG00000160200	ENSG00000160200	Homocysteine	REGULATORY	expert curated	High	9020.0
ENSG00000147576_(S)-3,4-Dihydroxybut_1030420	NearestGene	ADHFE1	0.3846449726902069		False	False	False		True	8	66448490	rs1030420	ENSG00000147576	ENSG00000147576	(S)-3,4-Dihydroxybutyric acid	CODING	expert curated	High	15998.0
ENSG00000131187___Bradykinin_2731672	NearestGene	F12	0.6285750204286882		False	False	False		True	5	177415473	rs2731672	ENSG00000131187	ENSG00000131187	/ Bradykinin	CODING	expert curated	High	5909.0
ENSG00000156006_1-methylxanthine_4921914	NearestGene	NAT2	0.29721215003269336		False	False	False		True	8	18414928	rs4921914	ENSG00000156006	ENSG00000156006	1-methylxanthine	CODING	expert curated	High	23646.0
ENSG00000108839_12-HETE_2271316	NearestGene	RNASEK	0.9675858732462506		False	False	False		True	17	7012082	rs2271316	ENSG00000108839	ENSG00000108839	12-HETE	CODING	expert curated|expert curated	High	335.0
ENSG00000133027_2-Arachidonoylglycer_748196	NearestGene	RASD1	0.30248948849027496		False	False	False		True	17	17519454	rs748196	ENSG00000133027	ENSG00000133027	2-Arachidonoylglycerophosphocholine	CODING	expert curated	High	23059.0
ENSG00000116882_2-Hydroxy-3-methylbu_12141041	NearestGene	HSD3B2	0.6766815536608473		False	False	False		True	1	119410153	rs12141041	ENSG00000116882	ENSG00000116882	2-Hydroxy-3-methylbutyric acid	CODING	expert curated	High	4778.0
ENSG00000134333_2-Hydroxy-3-methylbu_2403254	NearestGene	HPS5	0.34966257561453196		False	False	False		True	11	18303599	rs2403254	ENSG00000134333	ENSG00000134333	2-Hydroxy-3-methylbutyric acid	CODING	expert curated	High	18599.0
ENSG00000131203_5-Hydroxy-L-tryptoph_2160860	NearestGene	IDO2	0.24383107383204913		False	False	False		True	8	39965626	rs2160860	ENSG00000131203	ENSG00000131203	5-Hydroxy-L-tryptophan	CODING	expert curated	High	31012.0
ENSG00000145626_5alpha-pregnan-3beta_10491431	NearestGene	CAPSL	0.25563025639714715		False	False	False		True	5	35967898	rs10491431	ENSG00000145626	ENSG00000145626	5alpha-pregnan-3beta,20alpha-diol disulfate	CODING	expert curated	High	29119.0
ENSG00000198721_9-Decenoylcarnitine_9392556	NearestGene	ECI2	0.4909903274905485		False	False	False		True	6	4145964	rs9392556	ENSG00000198721	ENSG00000198721	9-Decenoylcarnitine	CODING	expert curated	High	10367.0
ENSG00000144644_Acetylcarnosine_6804368	NearestGene	TGFBR2	0.08659508139937651		False	False	False		True	3	30712081	rs6804368	ENSG00000144644	ENSG00000144644	Acetylcarnosine	CODING	expert curated	High	105480.0
ENSG00000198610_Androsterone_sulfate_17134585	NearestGene	AKR1C4	0.3466564980760564		False	False	False		True	10	5214309	rs17134585	ENSG00000198610	ENSG00000198610	Androsterone sulfate / Epiandrosterone Sulfate	CODING	expert curated	High	18847.0
ENSG00000149485_Arachidonate___8,11,_174548	NearestGene	FADS2	0.4785604900459418		False	False	False		True	11	61803876	rs174548	ENSG00000149485	ENSG00000149485	Arachidonate / 8,11,14-Eicosatrienoic acid	CODING	expert curated	High	10896.0
ENSG00000125505_Arachidonate|1-Arach_2576452	NearestGene	TMC4	0.9512937595129377		False	False	False		True	19	54172738	rs2576452	ENSG00000125505	ENSG00000125505	Arachidonate|1-Arachidonoylglycerophosphoinositol	CODING	expert curated	High	512.0
ENSG00000159640_Aspartylphenylalanin_4343	NearestGene	CTD-2501B8.1	0.7221780891167762		False	False	False		True	17	63488670	rs4343	ENSG00000159640	ENSG00000159640	Aspartylphenylalanine / 	CODING	expert curated	High	3847.0
ENSG00000145692_Betaine_16876394	NearestGene	BHMT2	0.34696922382984624		False	False	False		True	5	79050946	rs16876394	ENSG00000145692	ENSG00000145692	Betaine	CODING	expert curated|expert curated	High	18821.0
ENSG00000111181_Betaine_499368	NearestGene	SLC6A12	0.780274656679151		False	False	False		True	12	211754	rs499368	ENSG00000111181	ENSG00000111181	Betaine	CODING	expert curated	High	2816.0
ENSG00000113889_Bradykinin_5030062	NearestGene	KNG1	0.34431704713700373		False	False	False		True	3	186736391	rs5030062	ENSG00000113889	ENSG00000113889	Bradykinin	CODING	expert curated	High	19043.0
ENSG00000164344_Bradykinin_4253311	NearestGene	F11	0.44130626654898497		False	False	False		True	4	186253529	rs4253311	ENSG00000164344	ENSG00000164344	Bradykinin	CODING	expert curated	High	12660.0
ENSG00000122971_Butyrylcarnitine_2066938	NearestGene	ACADS	0.7714858818083629		False	False	False		True	12	120722812	rs2066938	ENSG00000122971	ENSG00000122971	Butyrylcarnitine	CODING	expert curated	High	2962.0
CFH_C3f,_complement_C3_d_7535263	NearestGene	CFH	0.14050271872760736	1.0	True	True	True	0.14050271872760736	True	1	196713216	rs7535263	ENSG00000000971	CFH	C3f, complement C3 derived peptide	CODING	expert curated	High	61173.0
ENSG00000166825_C3f,_complement_C3_d_2007084	NearestGene	ANPEP	0.4292398162853587		False	False	False		True	15	89802104	rs2007084	ENSG00000166825	ENSG00000166825	C3f, complement C3 derived peptide	CODING	expert curated|expert curated	High	13297.0
ENSG00000059573_Citrulline_56322409	NearestGene	ALDH18A1	0.3278043663541598		False	False	False		True	10	95636205	rs56322409	ENSG00000059573	ENSG00000059573	Citrulline	CODING	expert curated	High	20506.0
ENSG00000049319_cortolone_glucuronid_559555	NearestGene	SRD5A2	0.6681365671143182		False	False	False		True	2	31585905	rs559555	ENSG00000049319	ENSG00000049319	cortolone glucuronide	CODING	expert curated	High	4967.0
ENSG00000100031_Cysteineglutathione__2330809	NearestGene	GGT1	0.4694174529409003		False	False	False		True	22	24606114	rs2330809	ENSG00000100031	ENSG00000100031	Cysteineglutathione disulfide	CODING	expert curated	High	11303.0
ENSG00000171503_Decanoylcarnitine_8396	NearestGene	PPID	0.42138974337364626		False	False	False		True	4	158709665	rs8396	ENSG00000171503	ENSG00000171503	Decanoylcarnitine	CODING	expert curated	High	13731.0
ENSG00000117448_erythritol_7542172	NearestGene	TMEM275	0.3453038674033149		False	False	False		True	1	46525009	rs7542172	ENSG00000117448	ENSG00000117448	erythritol	CODING	expert curated	High	18960.0
ENSG00000140284_Ethyl_10-undecenoate_1365505	NearestGene	ATP8B4	0.8248102936324646		False	False	False		True	15	50184941	rs1365505	ENSG00000140284	ENSG00000140284	Ethyl 10-undecenoate / 	CODING	expert curated	High	2124.0
ENSG00000175164_Fibrinopeptide_A_649129	NearestGene	ABO	0.779058896852602		False	False	False		True	9	133278860	rs649129	ENSG00000175164	ENSG00000175164	Fibrinopeptide A	CODING	expert curated	High	2836.0
ENSG00000157184_Glutarylcarnitine_13375749	NearestGene	MAGOH	0.5462093074065982		False	False	False		True	1	53230210	rs13375749	ENSG00000157184	ENSG00000157184	Glutarylcarnitine	CODING	expert curated	High	8308.0
ENSG00000105607_Glutarylcarnitine_8012	NearestGene	GCDH	0.5391998274560552		False	False	False		True	19	12899706	rs8012	ENSG00000105607	ENSG00000105607	Glutarylcarnitine	CODING	expert curated	High	8546.0
ENSG00000078070_hydroxyisovaleroyl_c_2270968	NearestGene	DCUN1D1	0.16268627578577471		False	False	False		True	3	183037421	rs2270968	ENSG00000078070	ENSG00000078070	hydroxyisovaleroyl carnitine	CODING	expert curated	High	51468.0
ENSG00000137198_Hypoxanthine_6459467	NearestGene	RP3-467D16.4	0.19813750743015654		False	False	False		True	6	16287961	rs6459467	ENSG00000137198	ENSG00000137198	Hypoxanthine	CODING	expert curated	High	40470.0
ENSG00000132437_Indoleacetic_acid_7809234	NearestGene	FIGNL1	0.9856100926473488		False	False	False		True	7	50542681	rs7809234	ENSG00000132437	ENSG00000132437	Indoleacetic acid	CODING	expert curated	High	146.0
ENSG00000171097_Indolelactic_acid_15676	NearestGene	ENDOG	0.5332764505119454		False	False	False		True	9	128809748	rs15676	ENSG00000171097	ENSG00000171097	Indolelactic acid	CODING	expert curated	High	8752.0
ENSG00000175003_isobutyrylcarnitine_662138	NearestGene	SLC22A1	0.31616554427898447		False	False	False		True	6	160143444	rs662138	ENSG00000175003	ENSG00000175003	isobutyrylcarnitine	CODING	expert curated	High	21629.0
ENSG00000140374_isobutyrylcarnitine_2404602	NearestGene	SCAPER	0.05649940958116988		False	False	False		True	15	76738451	rs2404602	ENSG00000140374	ENSG00000140374	isobutyrylcarnitine	CODING	expert curated	High	166993.0
ENSG00000136143_Ketoleucine_4941615	NearestGene	NUDT15	0.06174364040503829		False	False	False		True	13	47885766	rs4941615	ENSG00000136143	ENSG00000136143	Ketoleucine	CODING	expert curated	High	151960.0
ENSG00000117054_L-Acetylcarnitine|He_4949874	NearestGene	ACADM	0.2615952075757972		False	False	False		True	1	75696204	rs4949874	ENSG00000117054	ENSG00000117054	L-Acetylcarnitine|Hexanoylcarnitine	CODING	expert curated	High	28227.0
ENSG00000162174_L-Asparagine_3017098	NearestGene	SCGB1A1	0.6959910913140311		False	False	False		True	11	62409471	rs3017098	ENSG00000162174	ENSG00000162174	L-Asparagine	CODING	expert curated	High	4368.0
ENSG00000166183_L-Asparagine_2011069	NearestGene	KIF26A	0.7608034083992696		False	False	False		True	14	104141731	rs2011069	ENSG00000166183	ENSG00000166183	L-Asparagine	CODING	expert curated	High	3144.0
ENSG00000103257_L-Kynurenine_8051149	NearestGene	SLC7A5	0.2916217083199673		False	False	False		True	16	87845216	rs8051149	ENSG00000103257	ENSG00000103257	L-Kynurenine	CODING	expert curated	High	24291.0
ENSG00000092621_L-Serine_1163251	NearestGene	PHGDH	0.3481772918770238		False	False	False		True	1	119667132	rs1163251	ENSG00000092621	ENSG00000092621	L-Serine	CODING	expert curated	High	18721.0
ENSG00000151790_L-Tryptophan_13122250	NearestGene	ASIC5	0.324054570789721		False	False	False		True	4	155887136	rs13122250	ENSG00000151790	ENSG00000151790	L-Tryptophan	CODING	expert curated	High	20859.0
ENSG00000197375_L-Valine___Isovalery_272889	NearestGene	P4HA2	0.22537750732476902		False	False	False		True	5	132329685	rs272889	ENSG00000197375	ENSG00000197375	L-Valine / Isovalerylcarnitine	CODING	expert curated	High	34370.0
ENSG00000159445_Linoleic_acid___5,8-_6693388	NearestGene	S100A10	0.2188662727073758		False	False	False		True	1	151958169	rs6693388	ENSG00000159445	ENSG00000159445	Linoleic acid / 5,8-Tetradecadienoic acid	CODING	expert curated	High	35690.0
ENSG00000007933_Methylcysteine_7061710	NearestGene	FMO3	0.32708599090700946		False	False	False		True	1	171111474	rs7061710	ENSG00000007933	ENSG00000007933	Methylcysteine	CODING	expert curated	High	20573.0
ENSG00000105655_myo-Inositol_4808136	NearestGene	ELL	0.4156448730204913		False	False	False		True	19	18508057	rs4808136	ENSG00000105655	ENSG00000105655	myo-Inositol	CODING	expert curated	High	14059.0
ENSG00000099194_Myristic_acid___Myri_603424	NearestGene	PKD2L1	0.4074647542987531		False	False	False		True	10	100315722	rs603424	ENSG00000099194	ENSG00000099194	Myristic acid / Myristoleic acid	CODING	expert curated	High	14542.0
ENSG00000002726_N-(3-acetamidopropyl_1005390	NearestGene	AOC1	0.31244141723426855		False	False	False		True	7	150846633	rs1005390	ENSG00000002726	ENSG00000002726	N-(3-acetamidopropyl)pyrrolidin-2-one	CODING	expert curated	High	22006.0
ENSG00000148832_N-(3-acetamidopropyl_11101730	NearestGene	RP11-108K14.8	0.7238508867173362		False	False	False		True	10	133383832	rs11101730	ENSG00000148832	ENSG00000148832	N-(3-acetamidopropyl)pyrrolidin-2-one	CODING	expert curated|expert curated	High	3815.0
ENSG00000144035_N-Acetylornithine____13538	NearestGene	NAT8	0.8911861687906603		False	False	False		True	2	73641201	rs13538	ENSG00000144035	ENSG00000144035	N-Acetylornithine / myo-Inositol	CODING	expert curated	High	1221.0
ENSG00000153086_N1-Methyl-4-pyridone_6430553	NearestGene	ACMSD	0.22117043393639138		False	False	False		True	2	134873830	rs6430553	ENSG00000153086	ENSG00000153086	N1-Methyl-4-pyridone-3-carboxamide	CODING	expert curated|expert curated	High	35214.0
ENSG00000115361_Nonanoylcarnitine_3738934	NearestGene	RPE	0.5897269564191779		False	False	False		True	2	210009522	rs3738934	ENSG00000115361	ENSG00000115361	Nonanoylcarnitine	CODING	expert curated	High	6957.0
ENSG00000093010_O-methylascorbate_4680	NearestGene	TXNRD2	0.3132047105988474		False	False	False		True	22	19963748	rs4680	ENSG00000093010	ENSG00000093010	O-methylascorbate	CODING	expert curated	High	21928.0
ENSG00000100299_O-Sulfotyrosine_6151429	NearestGene	ARSA	0.7619628162145687		False	False	False		True	22	50625049	rs6151429	ENSG00000100299	ENSG00000100299	O-Sulfotyrosine	CODING	expert curated	High	3124.0
ENSG00000138074_Pantothenic_acid_1395	NearestGene	ATRAID	0.4936077792586011		False	False	False		True	2	27201768	rs1395	ENSG00000138074	ENSG00000138074	Pantothenic acid	CODING	expert curated	High	10259.0
ENSG00000125166_Phenyllactic_acid____12709013	NearestGene	GOT2	0.1397741250139774		False	False	False		True	16	58795886	rs12709013	ENSG00000125166	ENSG00000125166	Phenyllactic acid / L-Phenylalanine	CODING	expert curated	High	61544.0
ENSG00000163931_Phosphate___Erythron_4687717	NearestGene	TKT	0.5592841163310962		False	False	False		True	3	53248172	rs4687717	ENSG00000163931	ENSG00000163931	Phosphate / Erythronic acid	CODING	expert curated	High	7880.0
ENSG00000128928_Propionylcarnitine___9635324	NearestGene	IVD	0.644039415212211		False	False	False		True	15	40411012	rs9635324	ENSG00000128928	ENSG00000128928	Propionylcarnitine / Isovalerylcarnitine	CODING	expert curated	High	5527.0
ENSG00000178814_Pyroglutamic_acid_12550729	NearestGene	MAF1	0.7165376898824879		False	False	False		True	8	144100505	rs12550729	ENSG00000178814	ENSG00000178814	Pyroglutamic acid	CODING	expert curated	High	3956.0
ENSG00000105398_similar_to_5-Androst_2547231	NearestGene	SULT2A1	0.6889424733034791		False	False	False		True	19	47881800	rs2547231	ENSG00000105398	ENSG00000105398	similar to 5-Androstenediol	CODING	expert curated	High	4515.0
ENSG00000172340_Succinylcarnitine_17806888	NearestGene	SUCLG2	0.03347683737621939		False	False	False		True	3	67365898	rs17806888	ENSG00000172340	ENSG00000172340	Succinylcarnitine	CODING	expert curated	High	288714.0
ENSG00000187048_Undecylenic_acid___1_6678639	NearestGene	CYP4A11	0.11738466956215518		False	False	False		True	1	46866294	rs6678639	ENSG00000187048	ENSG00000187048	Undecylenic acid / 11-Hydroxy-9-tridecenoic acid	CODING	expert curated	High	75190.0
ENSG00000158825_Uridine_532545	NearestGene	CDA	0.9608917075045643		False	False	False		True	1	20588679	rs532545	ENSG00000158825	ENSG00000158825	Uridine	CODING	expert curated	High	407.0
ENSG00000183696_Uridine_2686796	NearestGene	UPP1	0.2831738120858583		False	False	False		True	7	48063314	rs2686796	ENSG00000183696	ENSG00000183696	Uridine	CODING	expert curated	High	25314.0
ENSG00000025708_Uridine_131794	NearestGene	ODF3B	0.924470740501063		False	False	False		True	22	50533323	rs131794	ENSG00000025708	ENSG00000025708	Uridine	CODING	expert curated	High	817.0
ENSG00000107611_Cobalamin_1801222	NearestGene	CUBN	0.38972680151213995		False	False	False		True	10	17114152	rs1801222	ENSG00000107611	ENSG00000107611	Cobalamin	CODING	expert curated	High	15659.0
ENSG00000125798_D-Glucose_6048216	NearestGene	FOXA2	0.3972194637537239		False	False	False		True	20	22600630	rs6048216	ENSG00000125798	ENSG00000125798	D-Glucose	REGULATORY	expert curated	High	15175.0
ENSG00000118520_L-Arginine_2248551	NearestGene	MED23	0.2882425849595019		False	False	False		True	6	131603549	rs2248551	ENSG00000118520	ENSG00000118520	L-Arginine	CODING	expert curated	High	24693.0
ENSG00000109181_Cotinine_glucuronide_34100980	NearestGene	UGT2B10	0.550691117352277		False	False	False		True	4	68807835	rs34100980	ENSG00000109181	ENSG00000109181	Cotinine glucuronide	CODING	expert curated	High	8159.0
ENSG00000091513_Iron_8177240	NearestGene	TF	0.43826971118026037		False	False	False		True	3	133758857	rs8177240	ENSG00000091513	ENSG00000091513	Iron	CODING	expert curated	High	12817.0
HFE_Iron_1800562	NearestGene	HFE	0.6397134083930398	1.0	True	True	True	0.6397134083930398	True	6	26092913	rs1800562	ENSG00000010704	HFE	Iron	CODING	expert curated	High	5632.0
ENSG00000106327_Iron_7385804	NearestGene	TFR2	0.6929046563192904		False	False	False		True	7	100638347	rs7385804	ENSG00000106327	ENSG00000106327	Iron	CODING	expert curated	High	4432.0
ENSG00000187045_Iron_855791	NearestGene	KCTD17	0.397456279809221		False	False	False		True	22	37066896	rs855791	ENSG00000187045	ENSG00000187045	Iron	CODING	expert curated	High	15160.0
ENSG00000090661_Arachidic_acid_2100944	NearestGene	CERS4	0.49962528103922055		False	False	False		True	19	8216751	rs2100944	ENSG00000090661	ENSG00000090661	Arachidic acid	CODING	expert curated	High	10015.0
ENSG00000111684_Oleic_Acid_2110073	NearestGene	PHB2	0.7111869710546903		False	False	False		True	12	6966719	rs2110073	ENSG00000111684	ENSG00000111684	Oleic Acid	CODING	expert curated	High	4061.0
ENSG00000148218_Lead_1805313	NearestGene	HDHD3	0.45610034207525657		False	False	False		True	9	113388911	rs1805313	ENSG00000148218	ENSG00000148218	Lead	CODING	expert curated	High	11925.0
ENSG00000196660_Manganese_1776029	NearestGene	SLC30A10	0.1613918432562418		False	False	False		True	1	219906686	rs1776029	ENSG00000196660	ENSG00000196660	Manganese	CODING	expert curated	High	51961.0
ENSG00000172296_Hydroxysphingomyelin_4814176	NearestGene	SPTLC3	0.24862015812242058		False	False	False		True	20	12978750	rs4814176	ENSG00000172296	ENSG00000172296	Hydroxysphingomyeline C24:1	CODING	expert curated	High	30222.0
ENSG00000165449_L-Carnitine_1171614	NearestGene	SLC16A9	0.27607531334548063		False	False	False		True	10	59709780	rs1171614	ENSG00000165449	ENSG00000165449	L-Carnitine	CODING	expert curated	High	26222.0
ENSG00000100033_L-Proline_2540641	NearestGene	PRODH	0.2192117146740322		False	False	False		True	22	18972171	rs2540641	ENSG00000100033	ENSG00000100033	L-Proline	CODING	expert curated	High	35618.0
ENSG00000146733_L-Serine_4947534	NearestGene	PSPH	0.1991912833894389		False	False	False		True	7	56011401	rs4947534	ENSG00000146733	ENSG00000146733	L-Serine	CODING	expert curated	High	40203.0
ENSG00000168389_LysoPC(16:0)_7529794	NearestGene	MFSD2A	0.36477712117895966		False	False	False		True	1	39937698	rs7529794	ENSG00000168389	ENSG00000168389	LysoPC(16:0)	CODING	expert curated	High	17414.0
ENSG00000018510_PC(o-22:2(13Z,16Z)_2_7582179	NearestGene	TTC30B	0.17576854797602517		False	False	False		True	2	177505903	rs7582179	ENSG00000018510	ENSG00000018510	PC(o-22:2(13Z,16Z)/22:3(10Z,13Z,16Z))	CODING	expert curated	High	46893.0
ENSG00000151726_PC(o-22:2(13Z,16Z)_2_7700133	NearestGene	ACSL1	0.27902564245654177		False	False	False		True	4	184852657	rs7700133	ENSG00000151726	ENSG00000151726	PC(o-22:2(13Z,16Z)/22:3(10Z,13Z,16Z))	CODING	expert curated	High	25839.0
ENSG00000158201_Phosphatidyl_choline_7343008	NearestGene	ABHD3	0.3163255622686869		False	False	False		True	18	21683167	rs7343008	ENSG00000158201	ENSG00000158201	Phosphatidyl choline PC(14:0/18:2(9Z,12Z)) is a specific example  	CODING	expert curated	High	21613.0
ENSG00000113492_3-Aminoisobutanoic_a_37369	NearestGene	AGXT2	0.4733727810650888		False	False	False		True	5	35037010	rs37369	ENSG00000113492	ENSG00000113492	3-Aminoisobutanoic acid	CODING	expert curated|expert curated	High	11125.0
ENSG00000172482_alpha-Ketoisovaleric_6748734	NearestGene	MAB21L4	0.897182845863987		False	False	False		True	2	240898035	rs6748734	ENSG00000172482	ENSG00000172482	alpha-Ketoisovaleric acid	CODING	expert curated	High	1146.0
ENSG00000163817_Dimethylglycine___L-_17279437	NearestGene	SLC6A20	0.29468969175458243		False	False	False		True	3	45772602	rs17279437	ENSG00000163817	ENSG00000163817	Dimethylglycine / L-Alanine	CODING	expert curated	High	23934.0
ENSG00000164089_Ethanolamine_56043887	NearestGene	ETNPPL	0.3148912050886419		False	False	False		True	4	108784811	rs56043887	ENSG00000164089	ENSG00000164089	Ethanolamine	CODING	expert curated	High	21757.0
ENSG00000186335_Glycine___Citric_aci_3846710	NearestGene	SLC36A3	0.39248008163585696		False	False	False		True	5	151319245	rs3846710	ENSG00000186335	ENSG00000186335	Glycine / Citric acid	CODING	expert curated	High	15479.0
ENSG00000093217_Glycolic_acid_3132440	NearestGene	XYLB	0.5776673791231008		False	False	False		True	3	38354071	rs3132440	ENSG00000093217	ENSG00000093217	Glycolic acid	CODING	expert curated	High	7311.0
ENSG00000174358_L-Tyrosine_11750211	NearestGene	SLC6A19	0.3552397868561279		False	False	False		True	5	1183445	rs11750211	ENSG00000174358	ENSG00000174358	L-Tyrosine	CODING	expert curated|expert curated	High	18150.0
ENSG00000158865_myo-Inositol_17702912	NearestGene	ARHGAP17	0.29080757262919127		False	False	False		True	16	24991279	rs17702912	ENSG00000158865	ENSG00000158865	myo-Inositol	CODING	expert curated	High	24387.0
ENSG00000158296_Succinic_acid___Citr_941206	NearestGene	SLC13A3	0.1611214049786514		False	False	False		True	20	46632402	rs941206	ENSG00000158296	ENSG00000158296	Succinic acid / Citric acid	CODING	expert curated	High	52065.0
ENSG00000004809_acylcarnitine_measur_12210538	NearestGene	DDO	0.30093289196509176		False	False	False		True	6	110438805	rs12210538	ENSG00000004809	ENSG00000004809	acylcarnitine measurement	CODING	expert curated	High	23230.0
ENSG00000167701_L-Alanine___L-Aspara_750472	NearestGene	FOXH1	0.9783778495254868		False	False	False		True	8	144476070	rs750472	ENSG00000167701	ENSG00000167701	L-Alanine / L-Asparagine	CODING	expert curated	High	221.0
ENSG00000095321_Methylmalonylcarniti_746872	NearestGene	PTPA	0.5493901769036369		False	False	False		True	9	129102748	rs746872	ENSG00000095321	ENSG00000095321	Methylmalonylcarnitine	CODING	expert curated	High	8202.0
ENSG00000159267_Similar_to_3-Hydroxy_1571700	NearestGene	HLCS	0.28009635314548204		False	False	False		True	21	36964534	rs1571700	ENSG00000159267	ENSG00000159267	Similar to 3-Hydroxyisovalerylcarnitine	CODING	expert curated	High	25702.0
ENSG00000255974_ratio_of_Hydroxycoti_56113850	NearestGene	CYP2A6	0.7550018875047187		False	False	False		True	19	40847202	rs56113850	ENSG00000255974	ENSG00000255974	ratio of Hydroxycotinine to Cotinine	CODING	expert curated	High	3245.0
ENSG00000141485_Citric_acid_172642	NearestGene	SLC13A5	0.3195092338168573		False	False	False		True	17	6692079	rs172642	ENSG00000141485	ENSG00000141485	Citric acid	CODING	expert curated	High	21298.0
ENSG00000100075_Citric_acid_2040771	NearestGene	SLC25A1	0.6984703499336453		False	False	False		True	22	19174422	rs2040771	ENSG00000100075	ENSG00000100075	Citric acid	CODING	expert curated	High	4317.0
ENSG00000021826_Glycine_1047891	NearestGene	CPS1	0.04805358936285746		False	False	False		True	2	210675783	rs1047891	ENSG00000021826	ENSG00000021826	Glycine	CODING	expert curated	High	198101.0
ENSG00000178445_Glycine_140348140	NearestGene	MLANA	0.4238365686191405		False	False	False		True	9	5877295	rs140348140	ENSG00000178445	ENSG00000178445	Glycine	CODING	expert curated	High	13594.0
ENSG00000140905_Glycine_10083777	NearestGene	ATMIN	0.7059654076950229		False	False	False		True	16	81031677	rs10083777	ENSG00000140905	ENSG00000140905	Glycine	CODING	expert curated	High	4165.0
ENSG00000158874_high_density_lipopro_4503368	NearestGene	APOA2	0.7592437931819908		False	False	False		True	1	161220460	rs4503368	ENSG00000158874	ENSG00000158874	high density lipoprotein cholesterol measurement	REGULATORY	expert curated	High	3171.0
ENSG00000100979_high_density_lipopro_6073958	NearestGene	PLTP	0.47481126252314704		False	False	False		True	20	45923216	rs6073958	ENSG00000100979	ENSG00000100979	high density lipoprotein cholesterol measurement	REGULATORY	expert curated	High	11061.0
ENSG00000139209_L-Alanine_4554975	NearestGene	SLC38A4	0.29089216627396225		False	False	False		True	12	46808031	rs4554975	ENSG00000139209	ENSG00000139209	L-Alanine	CODING	expert curated|expert curated	High	24377.0
ENSG00000135423_L-Glutamine_2657879	NearestGene	MIP	0.8072328059412335		False	False	False		True	12	56471554	rs2657879	ENSG00000135423	ENSG00000135423	L-Glutamine	CODING	expert curated	High	2388.0
ENSG00000084110_L-Histidine_7954638	NearestGene	CCDC38	0.3162755392497944		False	False	False		True	12	95921017	rs7954638	ENSG00000084110	ENSG00000084110	L-Histidine	CODING	expert curated	High	21618.0
ENSG00000171759_L-Phenylalanine_1718309	NearestGene	ASCL1	0.08399408681628813		False	False	False		True	12	102848618	rs1718309	ENSG00000171759	ENSG00000171759	L-Phenylalanine	CODING	expert curated	High	109056.0
ENSG00000112394_L-Tyrosine_14399	NearestGene	MFSD4B	0.21465676383462842		False	False	False		True	6	111222741	rs14399	ENSG00000112394	ENSG00000112394	L-Tyrosine	CODING	expert curated	High	36586.0
ENSG00000163644_L-Valine_9637599	NearestGene	PPM1K	0.9700261907071491		False	False	False		True	4	88285078	rs9637599	ENSG00000163644	ENSG00000163644	L-Valine	CODING	expert curated	High	309.0
ENSG00000090857_Pyruvic_acid_74249229	NearestGene	CLEC18A	0.6520179956966812		False	False	False		True	16	69945368	rs74249229	ENSG00000090857	ENSG00000090857	Pyruvic acid	CODING	expert curated	High	5337.0
ENSG00000009950_triglyceride_measure_17145738	NearestGene	FZD9	0.39775665248001274		False	False	False		True	7	73448919	rs17145738	ENSG00000009950	ENSG00000009950	triglyceride measurement	REGULATORY	expert curated	High	15141.0
PCSK9_Hypercholesterolemia_nan	NearestGene	PCSK9	0.3600489666594657	1.0	True	True	True	0.3600489666594657	True	1	55021673		ENSG00000169174	PCSK9	Hypercholesterolemia	REGULATORY	drug	High	17774.0
PCSK9_Disorder_of_lipid_me_nan	NearestGene	PCSK9	0.390960982093987	1.0	True	True	True	0.390960982093987	True	1	55023869		ENSG00000169174	PCSK9	Disorder of lipid metabolism	REGULATORY	drug	High	15578.0
PCSK9_coronary_artery_dise_nan	NearestGene	PCSK9	0.524081547088727	1.0	True	True	True	0.524081547088727	True	1	55030366		ENSG00000169174	PCSK9	coronary artery disease	CODING	drug	High	9081.0
PCSK9_cardiovascular_syste_nan	NearestGene	PCSK9	0.9499382540134892	1.0	True	True	True	0.9499382540134892	True	1	55039974		ENSG00000169174	PCSK9	cardiovascular system disease	CODING	drug	High	527.0
ENSG00000116824_psoriasis_nan	NearestGene	CD2	0.5076657528683115		False	False	False		True	1	116744732		ENSG00000116824	ENSG00000116824	psoriasis	CODING	drug	High	9698.0
ENSG00000169418_cardiovascular_syste_nan	NearestGene	NPR1	0.4703890117126865		False	False	False		True	1	153689947		ENSG00000169418	ENSG00000169418	cardiovascular system disease	CODING	drug	High	11259.0
ENSG00000169418_hypertension_nan	NearestGene	NPR1	0.4703890117126865		False	False	False		True	1	153689947		ENSG00000169418	ENSG00000169418	hypertension	CODING	drug	High	11259.0
ENSG00000160712_rheumatoid_arthritis_nan	NearestGene	TDRD10	0.17323516673884798		False	False	False		True	1	154454494		ENSG00000160712	ENSG00000160712	rheumatoid arthritis	CODING	drug	High	47725.0
ENSG00000082482_hypertension_nan	NearestGene	KCNK2	0.07376426416458283		False	False	False		True	1	215131342		ENSG00000082482	ENSG00000082482	hypertension	CODING	drug	High	125567.0
ENSG00000133019_chronic_obstructive__nan	NearestGene	FMN2	0.034886722811032576		False	False	False		True	1	239737706		ENSG00000133019	ENSG00000133019	chronic obstructive pulmonary disease	CODING	drug	High	276642.0
ENSG00000043591_hypertension_nan	NearestGene	ADRB1	0.11117658176481705		False	False	False		True	10	113963919		ENSG00000043591	ENSG00000043591	hypertension	CODING	drug	High	79947.0
ENSG00000043591_cardiovascular_syste_nan	NearestGene	ADRB1	0.8748141020033243		False	False	False		True	10	114045297		ENSG00000043591	ENSG00000043591	cardiovascular system disease	CODING	drug	High	1431.0
ENSG00000180210_pulmonary_embolism_nan	NearestGene	ARHGAP1	0.37835792659856227		False	False	False		True	11	46684189		ENSG00000180210	ENSG00000180210	pulmonary embolism	CODING	drug	High	16430.0
ENSG00000180210_venous_thromboemboli_nan	NearestGene	F2	0.33322225924691773		False	False	False		True	11	46739206		ENSG00000180210	ENSG00000180210	venous thromboembolism	CODING	drug	High	20010.0
ENSG00000180210_cardiovascular_syste_nan	NearestGene	F2	0.32993500280444754		False	False	False		True	11	46739505		ENSG00000180210	ENSG00000180210	cardiovascular system disease	CODING	drug	High	20309.0
ENSG00000180210_cerebrovascular_acci_nan	NearestGene	F2	0.32993500280444754		False	False	False		True	11	46739505		ENSG00000180210	ENSG00000180210	cerebrovascular accident	CODING	drug	High	20309.0
ENSG00000180210_deep_vein_thrombosis_nan	NearestGene	F2	0.32993500280444754		False	False	False		True	11	46739505		ENSG00000180210	ENSG00000180210	deep vein thrombosis	CODING	drug	High	20309.0
ENSG00000197891_gout_nan	NearestGene	SLC22A11	0.4772814051164566		False	False	False		True	11	64566642		ENSG00000197891	ENSG00000197891	gout	CODING	drug	High	10952.0
ENSG00000168065_gout_nan	NearestGene	SLC22A11	0.4772814051164566		False	False	False		True	11	64566642		ENSG00000168065	ENSG00000168065	gout	CODING	drug	High	10952.0
ENSG00000196611_chronic_obstructive__nan	NearestGene	MMP3	0.6022282445046673		False	False	False		True	11	102850214		ENSG00000196611	ENSG00000196611	chronic obstructive pulmonary disease	CODING	drug	High	6605.0
ENSG00000137745_chronic_obstructive__nan	NearestGene	MMP3	0.6022282445046673		False	False	False		True	11	102850214		ENSG00000137745	ENSG00000137745	chronic obstructive pulmonary disease	CODING	drug	High	6605.0
ENSG00000149295_schizophrenia_nan	NearestGene	TTC12	0.24617202501107777		False	False	False		True	11	113345201		ENSG00000149295	ENSG00000149295	schizophrenia	CODING	drug	High	30622.0
ENSG00000149295_anxiety_nan	NearestGene	DRD2	0.35418290004958564		False	False	False		True	11	113493925		ENSG00000149295	ENSG00000149295	anxiety	CODING	drug	High	18234.0
ENSG00000149295_unipolar_depression_nan	NearestGene	DRD2	0.29116319697190274		False	False	False		True	11	113500036		ENSG00000149295	ENSG00000149295	unipolar depression	CODING	drug	High	24345.0
ENSG00000149295_mood_disorder_nan	NearestGene	DRD2	0.2002643489406016		False	False	False		True	11	113515625		ENSG00000149295	ENSG00000149295	mood disorder	CODING	drug	High	39934.0
ENSG00000149295_autism_spectrum_diso_nan	NearestGene	DRD2	0.1315270288044193		False	False	False		True	11	113541721		ENSG00000149295	ENSG00000149295	autism spectrum disorder	CODING	drug	High	66030.0
ENSG00000166736_prostate_carcinoma_nan	NearestGene	HTR3B	0.239337513761907		False	False	False		True	11	113936459		ENSG00000166736	ENSG00000166736	prostate carcinoma	CODING	drug	High	31782.0
ENSG00000172572_Ischemic_stroke_nan	NearestGene	PDE3A	0.1512355948095944		False	False	False		True	12	20424659		ENSG00000172572	ENSG00000172572	Ischemic stroke	CODING	drug	High	56122.0
ENSG00000111424_hypertension_nan	NearestGene	RAPGEF3	0.315059861373661		False	False	False		True	12	47792780		ENSG00000111424	ENSG00000111424	hypertension	CODING	drug	High	21740.0
ENSG00000111424_chronic_obstructive__nan	NearestGene	HDAC7	0.30848963474827246		False	False	False		True	12	47810716		ENSG00000111424	ENSG00000111424	chronic obstructive pulmonary disease	CODING	drug	High	22416.0
ENSG00000111424_psoriasis_nan	NearestGene	HDAC7	0.3502995060776964		False	False	False		True	12	47814585		ENSG00000111424	ENSG00000111424	psoriasis	CODING	drug	High	18547.0
ENSG00000111424_Crohn's_disease_nan	NearestGene	HDAC7	0.3502995060776964		False	False	False		True	12	47814585		ENSG00000111424	ENSG00000111424	Crohn's disease	CODING	drug	High	18547.0
ENSG00000111424_rheumatoid_arthritis_nan	NearestGene	COL2A1	0.36469730123997085		False	False	False		True	12	48021974		ENSG00000111424	ENSG00000111424	rheumatoid arthritis	CODING	drug	High	17420.0
ENSG00000110944_psoriasis_nan	NearestGene	IL23A	0.49962528103922055		False	False	False		True	12	56344189		ENSG00000110944	ENSG00000110944	psoriasis	CODING	drug	High	10015.0
ENSG00000110944_psoriasis_vulgaris_nan	NearestGene	STAT2	0.7274314395868189		False	False	False		True	12	56356420		ENSG00000110944	ENSG00000110944	psoriasis vulgaris	CODING	drug	High	3747.0
ENSG00000111275_alcohol_dependence_nan	NearestGene	ALDH2	0.21242697822623474		False	False	False		True	12	111803962		ENSG00000111275	ENSG00000111275	alcohol dependence	CODING	drug	High	37075.0
ENSG00000133105_cardiovascular_syste_nan	NearestGene	RXFP2	0.12845215157353884		False	False	False		True	13	31671676		ENSG00000133105	ENSG00000133105	cardiovascular system disease	CODING	drug	High	67850.0
ENSG00000126218_osteoarthritis_nan	NearestGene	F7	0.13228738110671623		False	False	False		True	13	113040195		ENSG00000126218	ENSG00000126218	osteoarthritis	CODING	drug	High	65593.0
ENSG00000126218_atrial_fibrillation_nan	NearestGene	PCID2	0.5080526342529086		False	False	False		True	13	113218398		ENSG00000126218	ENSG00000126218	atrial fibrillation	CODING	drug	High	9683.0
ENSG00000140009_unipolar_depression_nan	NearestGene	ESR2	0.0777465927555725		False	False	False		True	14	64219489		ENSG00000140009	ENSG00000140009	unipolar depression	CODING	drug	High	118623.0
ENSG00000074410_heart_failure_nan	NearestGene	USP3	0.1453805335465581		False	False	False		True	15	63445726		ENSG00000074410	ENSG00000074410	heart failure	CODING	drug	High	58785.0
ENSG00000138622_atrial_fibrillation_nan	NearestGene	HCN4	0.5228758169934641		False	False	False		True	15	73359833		ENSG00000138622	ENSG00000138622	atrial fibrillation	CODING	drug	High	9125.0
ENSG00000077238_Eczema_nan	NearestGene	IL21R	0.19247055200554317		False	False	False		True	16	27360218		ENSG00000077238	ENSG00000077238	Eczema	CODING	drug	High	41956.0
ENSG00000070915_metabolic_syndrome_nan	NearestGene	CETP	0.5620819515485357		False	False	False		True	16	56954132		ENSG00000070915	ENSG00000070915	metabolic syndrome	REGULATORY	drug	High	7791.0
ENSG00000070915_diabetes_mellitus_nan	NearestGene	CETP	0.6614194060453734		False	False	False		True	16	56956804		ENSG00000070915	ENSG00000070915	diabetes mellitus	CODING	drug	High	5119.0
ENSG00000070915_heart_failure_nan	NearestGene	CETP	0.6614194060453734		False	False	False		True	16	56956804		ENSG00000070915	ENSG00000070915	heart failure	CODING	drug	High	5119.0
ENSG00000258947_cancer_nan	NearestGene	DEF8	0.5235327993298781		False	False	False		True	16	89957798		ENSG00000258947	ENSG00000258947	cancer	CODING	drug	High	9101.0
ENSG00000258947_squamous_cell_carcin_nan	NearestGene	DEF8	0.46713691783061617		False	False	False		True	16	89960104		ENSG00000258947	ENSG00000258947	squamous cell carcinoma	CODING	drug	High	11407.0
ENSG00000159640_cardiovascular_syste_nan	NearestGene	ACE	0.6449948400412797		False	False	False		True	17	63471557		ENSG00000159640	ENSG00000159640	cardiovascular system disease	CODING	drug	High	5504.0
ENSG00000159640_hypertension_nan	NearestGene	ACE	0.6462453147214682		False	False	False		True	17	63471587		ENSG00000159640	ENSG00000159640	hypertension	CODING	drug	High	5474.0
ENSG00000171791_chronic_lymphocytic__nan	NearestGene	BCL2	0.04793496184377037		False	False	False		True	18	63121512		ENSG00000171791	ENSG00000171791	chronic lymphocytic leukemia	CODING	drug	High	198616.0
ENSG00000171303_hypertension_nan	NearestGene	KCNK3	0.8933357155619082		False	False	False		True	2	26691496		ENSG00000171303	ENSG00000171303	hypertension	CODING	drug	High	1194.0
ENSG00000277893_androgenetic_alopeci_nan	NearestGene	SRD5A2	0.9821253191907288		False	False	False		True	2	31580756		ENSG00000277893	ENSG00000277893	androgenetic alopecia	CODING	drug	High	182.0
ENSG00000138039_polycystic_ovary_syn_nan	NearestGene	RP11-310N16.1	0.6800870511425463		False	False	False		True	2	48751020		ENSG00000138039	ENSG00000138039	polycystic ovary syndrome	CODING	drug	High	4704.0
ENSG00000170820_polycystic_ovary_syn_nan	NearestGene	FSHR	0.052616624748755614		False	False	False		True	2	48974473		ENSG00000170820	ENSG00000170820	polycystic ovary syndrome	CODING	drug	High	180054.0
ENSG00000197635_schizophrenia_nan	NearestGene	DPP4	0.10520889225557345		False	False	False		True	2	161989345		ENSG00000197635	ENSG00000197635	schizophrenia	CODING	drug	High	85049.0
ENSG00000115232_Crohn's_disease_nan	NearestGene	ITGA4	0.42414217245620733		False	False	False		True	2	181443625		ENSG00000115232	ENSG00000115232	Crohn's disease	CODING	drug	High	13577.0
ENSG00000101162_breast_carcinoma_nan	NearestGene	ZNF831	0.20279039584685268		False	False	False		True	20	59084069		ENSG00000101162	ENSG00000101162	breast carcinoma	CODING	drug	High	39312.0
PPARG_diabetes_mellitus_nan	NearestGene	PPARG	0.9160864785635765	1.0	True	True	True	0.9160864785635765	True	3	12288284		ENSG00000132170	PPARG	diabetes mellitus	CODING	drug	High	916.0
PPARG_type_II_diabetes_mel_nan	NearestGene	PPARG	0.9160864785635765	1.0	True	True	True	0.9160864785635765	True	3	12288284		ENSG00000132170	PPARG	type II diabetes mellitus	CODING	drug	High	916.0
ENSG00000183873_atrial_fibrillation_nan	NearestGene	SCN5A	0.1491735783757981		False	False	False		True	3	38592651		ENSG00000183873	ENSG00000183873	atrial fibrillation	CODING	drug	High	57036.0
ENSG00000160791_HIV-1_infection_nan	NearestGene	CCRL2	0.7678722260615833		False	False	False		True	3	46410189		ENSG00000160791	ENSG00000160791	HIV-1 infection	CODING	drug	High	3023.0
ENSG00000121594_primary_biliary_cirr_nan	NearestGene	TMEM39A	0.21013700933008322		False	False	False		True	3	119431242		ENSG00000121594	ENSG00000121594	primary biliary cirrhosis	CODING	drug	High	37588.0
ENSG00000151834_ulcerative_colitis_nan	NearestGene	GABRA2	0.1314768797906888		False	False	False		True	4	46541289		ENSG00000151834	ENSG00000151834	ulcerative colitis	CODING	drug	High	66059.0
ENSG00000151623_atrial_fibrillation_nan	NearestGene	ARHGAP10	0.033976277762865964		False	False	False		True	4	148016386		ENSG00000151623	ENSG00000151623	atrial fibrillation	CODING	drug	High	284323.0
ENSG00000061918_coronary_artery_dise_nan	NearestGene	GUCY1A1	0.27543656695862945		False	False	False		True	4	155693032		ENSG00000061918	ENSG00000061918	coronary artery disease	CODING	drug	High	26306.0
ENSG00000061918_myocardial_infarctio_nan	NearestGene	GUCY1B1	0.19898121617319325		False	False	False		True	4	155718736		ENSG00000061918	ENSG00000061918	myocardial infarction	CODING	drug	High	40256.0
ENSG00000061918_hypertension_nan	NearestGene	GUCY1B1	0.21159542953872196		False	False	False		True	4	155721732		ENSG00000061918	ENSG00000061918	hypertension	CODING	drug	High	37260.0
ENSG00000061918_cardiovascular_syste_nan	NearestGene	GUCY1B1	0.22828965391288467		False	False	False		True	4	155725188		ENSG00000061918	ENSG00000061918	cardiovascular system disease	CODING	drug	High	33804.0
ENSG00000142319_insomnia_nan	NearestGene	SLC6A3	0.7951653944020356		False	False	False		True	5	1442864		ENSG00000142319	ENSG00000142319	insomnia	CODING	drug	High	2576.0
ENSG00000113161_hyperlipidemia_nan	NearestGene	HMGCR	0.27075323550116426		False	False	False		True	5	75309395		ENSG00000113161	ENSG00000113161	hyperlipidemia	REGULATORY	drug	High	26934.0
ENSG00000113161_Hypercholesterolemia_nan	NearestGene	HMGCR	0.27075323550116426		False	False	False		True	5	75309395		ENSG00000113161	ENSG00000113161	Hypercholesterolemia	REGULATORY	drug	High	26934.0
ENSG00000113161_Disorder_of_lipid_me_nan	NearestGene	HMGCR	0.27075323550116426		False	False	False		True	5	75309395		ENSG00000113161	ENSG00000113161	Disorder of lipid metabolism	REGULATORY	drug	High	26934.0
ENSG00000113161_cerebrovascular_acci_nan	NearestGene	HMGCR	0.5999880002399952		False	False	False		True	5	75329662		ENSG00000113161	ENSG00000113161	cerebrovascular accident	CODING	drug	High	6667.0
ENSG00000113161_atrial_fibrillation_nan	NearestGene	HMGCR	0.5999880002399952		False	False	False		True	5	75329662		ENSG00000113161	ENSG00000113161	atrial fibrillation	CODING	drug	High	6667.0
ENSG00000113161_heart_failure_nan	NearestGene	HMGCR	0.5999880002399952		False	False	False		True	5	75329662		ENSG00000113161	ENSG00000113161	heart failure	CODING	drug	High	6667.0
ENSG00000113161_diabetes_mellitus_nan	NearestGene	HMGCR	0.5999880002399952		False	False	False		True	5	75329662		ENSG00000113161	ENSG00000113161	diabetes mellitus	CODING	drug	High	6667.0
ENSG00000113161_coronary_heart_disea_nan	NearestGene	HMGCR	0.5999880002399952		False	False	False		True	5	75329662		ENSG00000113161	ENSG00000113161	coronary heart disease	CODING	drug	High	6667.0
ENSG00000113161_cardiovascular_syste_nan	NearestGene	HMGCR	0.2908244874218409		False	False	False		True	5	75360714		ENSG00000113161	ENSG00000113161	cardiovascular system disease	CODING	drug	High	24385.0
ENSG00000113525_asthma_nan	NearestGene	IRF1	0.1758581879572313		False	False	False		True	5	132461855		ENSG00000113525	ENSG00000113525	asthma	CODING	drug	High	46864.0
ENSG00000113580_atrial_fibrillation_nan	NearestGene	NR3C1	0.0572498325442398		False	False	False		True	5	143270839		ENSG00000113580	ENSG00000113580	atrial fibrillation	CODING	drug	High	164673.0
ENSG00000113302_psoriasis_nan	NearestGene	UBLCP1	0.3291097581043278		False	False	False		True	5	159242905		ENSG00000113302	ENSG00000113302	psoriasis	CODING	drug	High	20385.0
ENSG00000113302_psoriatic_arthritis_nan	NearestGene	IL12B	0.8583690987124464		False	False	False		True	5	159328837		ENSG00000113302	ENSG00000113302	psoriatic arthritis	CODING	drug	High	1650.0
ENSG00000022355_anxiety_nan	NearestGene	GABRG2	0.387987894777683		False	False	False		True	5	161984283		ENSG00000022355	ENSG00000022355	anxiety	CODING	drug	High	15774.0
ENSG00000113327_anxiety_nan	NearestGene	GABRG2	0.387987894777683		False	False	False		True	5	161984283		ENSG00000113327	ENSG00000113327	anxiety	CODING	drug	High	15774.0
ENSG00000196230_prostate_carcinoma_nan	NearestGene	ATAT1	0.6019382411364594		False	False	False		True	6	30633455		ENSG00000196230	ENSG00000196230	prostate carcinoma	CODING	drug	High	6613.0
ENSG00000232810_ulcerative_colitis_nan	NearestGene	MICB	0.42023869557908894		False	False	False		True	6	31481085		ENSG00000232810	ENSG00000232810	ulcerative colitis	CODING	drug	High	13796.0
ENSG00000232810_Crohn's_disease_nan	NearestGene	TNF	0.9062896501721951		False	False	False		True	6	31574531		ENSG00000232810	ENSG00000232810	Crohn's disease	CODING	drug	High	1034.0
ENSG00000232810_hypertension_nan	NearestGene	APOM	0.723222680263253		False	False	False		True	6	31648589		ENSG00000232810	ENSG00000232810	hypertension	CODING	drug	High	3827.0
ENSG00000232810_rheumatoid_arthritis_nan	NearestGene	BAG6	0.8248102936324646		False	False	False		True	6	31654829		ENSG00000232810	ENSG00000232810	rheumatoid arthritis	CODING	drug	High	2124.0
ENSG00000112164_type_II_diabetes_mel_nan	NearestGene	GLP1R	0.30690851057299817		False	False	False		True	6	39071364		ENSG00000112164	ENSG00000112164	type II diabetes mellitus	CODING	drug	High	22583.0
ENSG00000112164_myocardial_infarctio_nan	NearestGene	SAYSD1	0.19422755700578798		False	False	False		True	6	39156672		ENSG00000112164	ENSG00000112164	myocardial infarction	CODING	drug	High	41486.0
ENSG00000112715_wet_macular_degenera_nan	NearestGene	VEGFA	0.10131096387251029		False	False	False		True	6	43858890		ENSG00000112715	ENSG00000112715	wet macular degeneration	CODING	drug	High	88706.0
ENSG00000112715_age-related_macular__nan	NearestGene	VEGFA	0.10131096387251029		False	False	False		True	6	43858890		ENSG00000112715	ENSG00000112715	age-related macular degeneration	CODING	drug	High	88706.0
ENSG00000091831_breast_carcinoma_nan	NearestGene	ESR1	0.13566128091381438		False	False	False		True	6	151592978		ENSG00000091831	ENSG00000091831	breast carcinoma	CODING	drug	High	63713.0
ENSG00000091831_unipolar_depression_nan	NearestGene	ESR1	0.16046470578796193		False	False	False		True	6	151604372		ENSG00000091831	ENSG00000091831	unipolar depression	CODING	drug	High	52319.0
ENSG00000122194_coronary_artery_dise_nan	NearestGene	LPA	0.7964319847085058		False	False	False		True	6	160666831		ENSG00000122194	ENSG00000122194	coronary artery disease	CODING	drug	High	2556.0
ENSG00000122194_myocardial_infarctio_nan	NearestGene	PLG	0.39799410968717663		False	False	False		True	6	160687112		ENSG00000122194	ENSG00000122194	myocardial infarction	CODING	drug	High	15126.0
ENSG00000015520_cardiovascular_syste_nan	NearestGene	NPC1L1	0.9044044496698924		False	False	False		True	7	44542387		ENSG00000015520	ENSG00000015520	cardiovascular system disease	CODING	drug	High	1057.0
ENSG00000015520_Hypercholesterolemia_nan	NearestGene	NPC1L1	0.7341065922771987		False	False	False		True	7	44544952		ENSG00000015520	ENSG00000015520	Hypercholesterolemia	REGULATORY	drug	High	3622.0
ENSG00000055118_atrial_fibrillation_nan	NearestGene	KCNH2	0.4166666666666667		False	False	False		True	7	150964321		ENSG00000055118	ENSG00000055118	atrial fibrillation	CODING	drug	High	14000.0
ENSG00000055118_cardiovascular_syste_nan	NearestGene	NOS3	0.8284317786430287		False	False	False		True	7	150993088		ENSG00000055118	ENSG00000055118	cardiovascular system disease	CODING	drug	High	2071.0
JAK2_polycythemia_vera_nan	NearestGene	JAK2	0.13386522449198146	1.0	True	True	True	0.13386522449198146	True	9	5049092		ENSG00000096968	JAK2	polycythemia vera	CODING	drug	High	64702.0
ENSG00000147955_ulcerative_colitis_nan	NearestGene	CCL21	0.9874592673052237		False	False	False		True	9	34710263		ENSG00000147955	ENSG00000147955	ulcerative colitis	CODING	drug	High	127.0
ENSG00000147955_Crohn's_disease_nan	NearestGene	CCL21	0.9874592673052237		False	False	False		True	9	34710263		ENSG00000147955	ENSG00000147955	Crohn's disease	CODING	drug	High	127.0
ENSG00000165029_Hypercholesterolemia_nan	NearestGene	ABCA1	0.2767400027674		False	False	False		True	9	104902020		ENSG00000165029	ENSG00000165029	Hypercholesterolemia	REGULATORY	drug	High	26135.0
ENSG00000165029_hyperlipidemia_nan	NearestGene	ABCA1	0.2902083696093795		False	False	False		True	9	104903697		ENSG00000165029	ENSG00000165029	hyperlipidemia	REGULATORY	drug	High	24458.0
ENSG00000106804_immune_system_diseas_nan	NearestGene	PHF19	0.3748969033515783		False	False	False		True	9	120878222		ENSG00000106804	ENSG00000106804	immune system disease	CODING	drug	High	16674.0
ENSG00000169083_prostate_carcinoma_nan	NearestGene	AR	0.0373570625394584		False	False	False		True	X	67801708		ENSG00000169083	ENSG00000169083	prostate carcinoma	CODING	drug	High	257687.0
ENSG00000122859_type_II_diabetes_mel_nan	NearestGene	NEUROG3	0.1432233855143868		False	False	False		True	10	69513601		ENSG00000122859	ENSG00000122859	type II diabetes mellitus	REGULATORY	functional observational	High	59821.0
ENSG00000167244_type_II_diabetes_mel_nan	NearestGene	IGF2	0.9142439202779302		False	False	False		True	11	2140300		ENSG00000167244	ENSG00000167244	type II diabetes mellitus	REGULATORY	functional observational	High	938.0
KCNJ11_type_II_diabetes_mel_nan	NearestGene	KCNJ11	0.8016674683341349	1.0	True	True	True	0.8016674683341349	True	11	17386857		ENSG00000187486	KCNJ11	type II diabetes mellitus	REGULATORY	functional observational	High	2474.0
MTNR1B_type_II_diabetes_mel_nan	NearestGene	MTNR1B	0.2280917841339355	1.0	True	True	True	0.2280917841339355	True	11	92935809		ENSG00000134640	MTNR1B	type II diabetes mellitus	REGULATORY	functional observational	High	33842.0
ENSG00000075035_type_II_diabetes_mel_nan	NearestGene	WSCD2	0.09991407389644906		False	False	False		True	12	108219374		ENSG00000075035	ENSG00000075035	type II diabetes mellitus	REGULATORY	functional observational	High	90086.0
HNF1A_type_II_diabetes_mel_nan	NearestGene	SPPL3	0.41064388961892245		False	False	False		True	12	120890006		ENSG00000135100	HNF1A	type II diabetes mellitus	REGULATORY	functional observational	High	14352.0
ENSG00000174326_type_II_diabetes_mel_nan	NearestGene	SLC16A13	0.9042408897730354		False	False	False		True	17	7037074		ENSG00000174326	ENSG00000174326	type II diabetes mellitus	REGULATORY	functional observational	High	1059.0
MC4R_type_II_diabetes_mel_nan	NearestGene	MC4R	0.0472574158699854	1.0	True	True	True	0.0472574158699854	True	18	60171168		ENSG00000166603	MC4R	type II diabetes mellitus	REGULATORY	functional observational	High	201607.0
ENSG00000213996_type_II_diabetes_mel_nan	NearestGene	TM6SF2	0.6825472663981981		False	False	False		True	19	19268740		ENSG00000213996	ENSG00000213996	type II diabetes mellitus	REGULATORY	functional observational	High	4651.0
APOE_type_II_diabetes_mel_nan	NearestGene	TOMM40	0.8641548565502938		False	False	False		True	19	44888997		ENSG00000130203	APOE	type II diabetes mellitus	REGULATORY	functional observational	High	1572.0
ENSG00000010310_type_II_diabetes_mel_nan	NearestGene	EML2	0.8823788934968676		False	False	False		True	19	45644269		ENSG00000010310	ENSG00000010310	type II diabetes mellitus	REGULATORY	functional observational	High	1333.0
ENSG00000084734_type_II_diabetes_mel_nan	NearestGene	GCKR	0.4709428275407365		False	False	False		True	2	27508073		ENSG00000084734	ENSG00000084734	type II diabetes mellitus	REGULATORY	functional observational	High	11234.0
ENSG00000101076_type_II_diabetes_mel_nan	NearestGene	FITM2	0.5839757066106049		False	False	False		True	20	44318326		ENSG00000101076	ENSG00000101076	type II diabetes mellitus	REGULATORY	functional observational	High	7124.0
PNPLA3_type_II_diabetes_mel_nan	NearestGene	PNPLA3	0.6642311524410495	1.0	True	True	True	0.6642311524410495	True	22	43928847		ENSG00000100344	PNPLA3	type II diabetes mellitus	REGULATORY	functional observational	High	5055.0
ENSG00000109501_type_II_diabetes_mel_nan	NearestGene	WFS1	0.8680555555555556		False	False	False		True	4	6268329		ENSG00000109501	ENSG00000109501	type II diabetes mellitus	REGULATORY	functional observational	High	1520.0
ENSG00000154122_type_II_diabetes_mel_nan	NearestGene	OTULIN	0.10359259105788754		False	False	False		True	5	14751196		ENSG00000154122	ENSG00000154122	type II diabetes mellitus	REGULATORY	functional observational	High	86532.0
ENSG00000152359_type_II_diabetes_mel_nan	NearestGene	POC5	0.5103342689461597		False	False	False		True	5	75707853		ENSG00000152359	ENSG00000152359	type II diabetes mellitus	REGULATORY	functional observational	High	9595.0
ENSG00000145730_type_II_diabetes_mel_nan	NearestGene	PAM	0.478675027523814		False	False	False		True	5	102764872		ENSG00000145730	ENSG00000145730	type II diabetes mellitus	REGULATORY	functional observational	High	10891.0
ENSG00000124782_type_II_diabetes_mel_nan	NearestGene	RREB1	0.07744193790705418		False	False	False		True	6	7226726		ENSG00000124782	ENSG00000124782	type II diabetes mellitus	REGULATORY	functional observational	High	119129.0
GCK_type_II_diabetes_mel_nan	NearestGene	MYL7	0.6221226825930073		False	False	False		True	7	44135258		ENSG00000106633	GCK	type II diabetes mellitus	REGULATORY	functional observational	High	6074.0
ENSG00000106331_type_II_diabetes_mel_nan	NearestGene	ARF5	0.13608774938080073		False	False	False		True	7	127524904		ENSG00000106331	ENSG00000106331	type II diabetes mellitus	REGULATORY	functional observational	High	63482.0
ENSG00000130675_type_II_diabetes_mel_nan	NearestGene	UBE3C	0.16067612513456625		False	False	False		True	7	157191153		ENSG00000130675	ENSG00000130675	type II diabetes mellitus	REGULATORY	functional observational	High	52237.0
ENSG00000175445_type_II_diabetes_mel_nan	NearestGene	LPL	0.14185201997276442		False	False	False		True	8	19962213		ENSG00000175445	ENSG00000175445	type II diabetes mellitus	REGULATORY	functional observational	High	60496.0
ENSG00000164756_type_II_diabetes_mel_nan	NearestGene	SLC30A8	0.13926994693815023		False	False	False		True	8	117012076		ENSG00000164756	ENSG00000164756	type II diabetes mellitus	REGULATORY	functional observational	High	61803.0
ENSG00000107249_type_II_diabetes_mel_nan	NearestGene	GLIS3	0.1409920198516764		False	False	False		True	9	4287466		ENSG00000107249	ENSG00000107249	type II diabetes mellitus	REGULATORY	functional observational	High	60926.0
ENSG00000134243_myocardial_infarctio_nan	NearestGene	PSRC1	0.5713632727688265		False	False	False		True	1	109275684		ENSG00000134243	ENSG00000134243	myocardial infarction	REGULATORY	functional observational|functional experimental	High	7502.0
ENSG00000249859_prostate_carcinoma_nan	NearestGene	POU5F1B	0.47065468066079924		False	False	False		True	8	127310936		ENSG00000249859	ENSG00000249859	prostate carcinoma	REGULATORY	functional observational	High	11247.0
ENSG00000110092_breast_carcinoma_nan	NearestGene	CCND1	0.07447014491890201		False	False	False		True	11	69516874		ENSG00000110092	ENSG00000110092	breast carcinoma	REGULATORY	functional observational|functional experimental	High	124282.0
ENSG00000119866_fetal_hemoglobin_mea_nan	NearestGene	BCL11A	0.14014238466281742		False	False	False		True	2	60493111		ENSG00000119866	ENSG00000119866	fetal hemoglobin measurement	REGULATORY	functional observational|functional experimental	High	61356.0
IRX3_obesity_nan	NearestGene	RPGRIP1L	0.13679142044210987		False	False	False		True	16	53767042		ENSG00000177508	IRX3	obesity	REGULATORY	functional observational|functional experimental	High	63104.0
ENSG00000115461_breast_carcinoma_nan	NearestGene	TNP1	0.04854793137264422		False	False	False		True	2	217056046		ENSG00000115461	ENSG00000115461	breast carcinoma	REGULATORY	functional observational|functional experimental	High	195982.0
ENSG00000176842_obesity_nan	NearestGene	RPGRIP1L	0.13679142044210987		False	False	False		True	16	53767042		ENSG00000176842	ENSG00000176842	obesity	REGULATORY	functional observational|functional experimental	High	63104.0
SNCA_Parkinson's_disease_nan	NearestGene	SNCA	0.07583513441777576	1.0	True	True	True	0.07583513441777576	True	4	89716450		ENSG00000145335	SNCA	Parkinson's disease	REGULATORY	functional observational	High	121865.0
ENSG00000253438_prostate_carcinoma_nan	NearestGene	POU5F1B	0.04158159764814484		False	False	False		True	8	127091692		ENSG00000253438	ENSG00000253438	prostate carcinoma	REGULATORY	functional observational|functional experimental	High	230491.0
ENSG00000127220_breast_carcinoma_nan	NearestGene	USHBP1	0.9680542110358181		False	False	False		True	19	17283116		ENSG00000127220	ENSG00000127220	breast carcinoma	REGULATORY	functional observational|functional experimental	High	330.0
ENSG00000160117_breast_carcinoma_nan	NearestGene	USHBP1	0.9680542110358181		False	False	False		True	19	17283116		ENSG00000160117	ENSG00000160117	breast carcinoma	REGULATORY	functional observational|functional experimental	High	330.0
ENSG00000070193_breast_carcinoma_nan	NearestGene	MRPS30	0.08884861085196932		False	False	False		True	5	44706396		ENSG00000070193	ENSG00000070193	breast carcinoma	REGULATORY	functional observational|functional experimental	High	102551.0
ENSG00000112996_breast_carcinoma_nan	NearestGene	MRPS30	0.08884861085196932		False	False	False		True	5	44706396		ENSG00000112996	ENSG00000112996	breast carcinoma	REGULATORY	functional observational|functional experimental	High	102551.0
ENSG00000214078_lipid_measurement_nan	NearestGene	ERGIC3	0.30461800901669306		False	False	False		True	20	35564866		ENSG00000214078	ENSG00000214078	lipid measurement	REGULATORY	functional observational|functional experimental	High	22828.0
ENSG00000116641_lipid_measurement_nan	NearestGene	DOCK7	0.5371146202599635		False	False	False		True	1	62679768		ENSG00000116641	ENSG00000116641	lipid measurement	REGULATORY	functional observational|functional experimental	High	8618.0
ANGPTL3_lipid_measurement_nan	NearestGene	DOCK7	0.5371146202599635		False	False	False		True	1	62679768		ENSG00000132855	ANGPTL3	lipid measurement	REGULATORY	functional observational|functional experimental	High	8618.0
ENSG00000111816_lipid_measurement_nan	NearestGene	FRK	0.18331469633920552		False	False	False		True	6	116016340		ENSG00000111816	ENSG00000111816	lipid measurement	REGULATORY	functional observational|functional experimental	High	44551.0
ENSG00000091106_interleukin_18_measu_nan	NearestGene	NLRC4	0.9132420091324202		False	False	False		True	2	32264782		ENSG00000091106	ENSG00000091106	interleukin 18 measurement	REGULATORY	functional observational	High	950.0
ENSG00000171094_breast_carcinoma_nan	NearestGene	WDR43	0.829737802854298		False	False	False		True	2	28896719		ENSG00000171094	ENSG00000171094	breast carcinoma	REGULATORY	functional observational	High	2052.0
ENSG00000171681_breast_carcinoma_nan	NearestGene	ATF7IP	0.08719992326406753		False	False	False		True	12	14260997		ENSG00000171681	ENSG00000171681	breast carcinoma	REGULATORY	functional observational	High	104679.0
ENSG00000149311_breast_carcinoma_nan	NearestGene	C11orf65	0.5794749956539376		False	False	False		True	11	108474788		ENSG00000149311	ENSG00000149311	breast carcinoma	REGULATORY	functional observational	High	7257.0
ENSG00000139618_breast_carcinoma_nan	NearestGene	N4BP2L1	0.2511174727537542		False	False	False		True	13	32398489		ENSG00000139618	ENSG00000139618	breast carcinoma	REGULATORY	functional observational	High	29822.0
ENSG00000064012_breast_carcinoma_nan	NearestGene	CASP8	0.2835753176043557		False	False	False		True	2	201258707		ENSG00000064012	ENSG00000064012	breast carcinoma	REGULATORY	functional observational	High	25264.0
ENSG00000105173_breast_carcinoma_nan	NearestGene	CCNE1	0.2843413233245187		False	False	False		True	19	29786822		ENSG00000105173	ENSG00000105173	breast carcinoma	REGULATORY	functional observational	High	25169.0
ENSG00000183765_breast_carcinoma_nan	NearestGene	ZNRF3	0.590911776871713		False	False	False		True	22	28876649		ENSG00000183765	ENSG00000183765	breast carcinoma	REGULATORY	functional observational	High	6923.0
ENSG00000005339_breast_carcinoma_nan	NearestGene	ADCY9	0.1435647117938411		False	False	False		True	16	4056787		ENSG00000005339	ENSG00000005339	breast carcinoma	REGULATORY	functional observational	High	59655.0
ENSG00000257923_breast_carcinoma_nan	NearestGene	CUX1	0.09684667234833812		False	False	False		True	7	101909160		ENSG00000257923	ENSG00000257923	breast carcinoma	REGULATORY	functional observational	High	93256.0
ENSG00000119772_breast_carcinoma_nan	NearestGene	ADCY3	0.42313713874666786		False	False	False		True	2	24906604		ENSG00000119772	ENSG00000119772	breast carcinoma	REGULATORY	functional observational	High	13633.0
ENSG00000066468_breast_carcinoma_nan	NearestGene	FGFR2	0.3630950219672488		False	False	False		True	10	121580917		ENSG00000066468	ENSG00000066468	breast carcinoma	REGULATORY	functional observational	High	17541.0
ENSG00000107485_breast_carcinoma_nan	NearestGene				False	False	False		False	10	9046150		ENSG00000107485	ENSG00000107485	breast carcinoma	REGULATORY	functional observational	High	
ENSG00000102554_breast_carcinoma_nan	NearestGene	KLF5	0.029536164079298693		False	False	False		True	13	73383544		ENSG00000102554	ENSG00000102554	breast carcinoma	REGULATORY	functional observational	High	328568.0
ENSG00000095015_breast_carcinoma_nan	NearestGene	MAP3K1	0.10622928528936856		False	False	False		True	5	56731413		ENSG00000095015	ENSG00000095015	breast carcinoma	REGULATORY	functional observational	High	84136.0
ENSG00000136997_breast_carcinoma_nan	NearestGene	POU5F1B	0.20945478918375468		False	False	False		True	8	127359926		ENSG00000136997	ENSG00000136997	breast carcinoma	REGULATORY	functional observational	High	37743.0
ENSG00000196712_breast_carcinoma_nan	NearestGene	ATAD5	0.3123828564288392		False	False	False		True	17	30853978		ENSG00000196712	ENSG00000196712	breast carcinoma	REGULATORY	functional observational	High	22012.0
ENSG00000152217_breast_carcinoma_nan	NearestGene	SETBP1	0.0618563077969876		False	False	False		True	18	44831838		ENSG00000152217	ENSG00000152217	breast carcinoma	REGULATORY	functional observational	High	151665.0
ENSG00000135111_breast_carcinoma_nan	NearestGene	TBX3	0.39538193895302864		False	False	False		True	12	114668883		ENSG00000135111	ENSG00000135111	breast carcinoma	REGULATORY	functional observational	High	15292.0
ENSG00000168769_breast_carcinoma_nan	NearestGene	TET2	0.6069065970747102		False	False	False		True	4	105152352		ENSG00000168769	ENSG00000168769	breast carcinoma	REGULATORY	functional observational	High	6477.0
ENSG00000163513_breast_carcinoma_nan	NearestGene	TGFBR2	0.2136113128551288		False	False	False		True	3	30643415		ENSG00000163513	ENSG00000163513	breast carcinoma	REGULATORY	functional observational	High	36814.0
ENSG00000185650_breast_carcinoma_nan	NearestGene	ZFP36L1	0.03411397478977263		False	False	False		True	14	68513118		ENSG00000185650	ENSG00000185650	breast carcinoma	REGULATORY	functional observational	High	283135.0
ENSG00000183779_breast_carcinoma_nan	NearestGene	KCNU1	0.0458496863881451		False	False	False		True	8	36992428		ENSG00000183779	ENSG00000183779	breast carcinoma	REGULATORY	functional observational	High	208104.0
ENSG00000177000_folic_acid_measureme_nan	NearestGene	CLCN6	0.5056890012642224		False	False	False		True	1	11796321		ENSG00000177000	ENSG00000177000	folic acid measurement	CODING	expert curated	High	9775.0
ENSG00000162551_nephrolithiasis_nan	NearestGene	ALPL	0.1274145048672341		False	False	False		True	1	21577881		ENSG00000162551	ENSG00000162551	nephrolithiasis	CODING	expert curated	High	68484.0
PCSK9_low_density_lipoprot_nan	NearestGene	PCSK9	0.9499382540134892	1.0	True	True	True	0.9499382540134892	True	1	55039974		ENSG00000169174	PCSK9	low density lipoprotein cholesterol measurement	REGULATORY	expert curated	High	527.0
ENSG00000116678_wrist_fracture_nan	NearestGene	PDE4B	0.06332600862500237		False	False	False		True	1	65644601		ENSG00000116678	ENSG00000116678	wrist fracture	CODING	expert curated	High	147913.0
ENSG00000060718_osteoarthritis,_hip_nan	NearestGene	COL11A1	0.8694896095991652		False	False	False		True	1	103107371		ENSG00000060718	ENSG00000060718	osteoarthritis, hip	CODING	expert curated	High	1501.0
PTPN22_rheumatoid_arthritis_nan	NearestGene	RSBN1	0.3079765937788728		False	False	False		True	1	113834946		ENSG00000134242	PTPN22	rheumatoid arthritis	CODING	expert curated	High	22470.0
ENSG00000092621_glycine_measurement_nan	NearestGene	HMGCS2	0.14920473874250245		False	False	False		True	1	119711883		ENSG00000092621	ENSG00000092621	glycine measurement	CODING	expert curated	High	57022.0
ENSG00000163554_nan_nan	NearestGene	OR10Z1	0.3186743148502231		False	False	False		True	1	158626648		ENSG00000163554	ENSG00000163554		CODING	expert curated	High	21380.0
ENSG00000132693_C-reactive_protein_m_nan	NearestGene	CRP	0.6425496369594551		False	False	False		True	1	159709026		ENSG00000132693	ENSG00000132693	C-reactive protein measurement	CODING	expert curated	High	5563.0
ENSG00000198734_deep_vein_thrombosis_nan	NearestGene	F5	0.21378027663167798		False	False	False		True	1	169549811		ENSG00000198734	ENSG00000198734	deep vein thrombosis	CODING	expert curated	High	36777.0
ENSG00000198756_osteoarthritis,_hip_nan	NearestGene	COLGALT2	0.09040120052794301		False	False	False		True	1	183937111		ENSG00000198756	ENSG00000198756	osteoarthritis, hip	CODING	expert curated	High	100618.0
ENSG00000215182_bringing_up_phlegm,__nan	NearestGene	MUC5AC	0.20522081759973732		False	False	False		True	11	1119225		ENSG00000215182	ENSG00000215182	bringing up phlegm, sputum or mucus on most days, self-reported	CODING	expert curated	High	38728.0
ENSG00000134827_pernicious_anemia_nan	NearestGene	CBLIF	0.49005194550622366		False	False	False		True	11	59855905		ENSG00000134827	ENSG00000134827	pernicious anemia	CODING	expert curated	High	10406.0
ENSG00000168959_worry_measurement_nan	NearestGene	GRM5	0.13124392996823897		False	False	False		True	11	88999788		ENSG00000168959	ENSG00000168959	worry measurement	CODING	expert curated	High	66194.0
ENSG00000077498_skin_pigmentation_nan	NearestGene	TYR	0.08553002959339023		False	False	False		True	11	89284793		ENSG00000077498	ENSG00000077498	skin pigmentation	CODING	expert curated	High	106918.0
ENSG00000165323_retinal_detachment_nan	NearestGene	MTNR1B	0.09528256043296394		False	False	False		True	11	92874700		ENSG00000165323	ENSG00000165323	retinal detachment	CODING	expert curated	High	94951.0
ENSG00000087494_osteoarthritis,_hip_nan	NearestGene	MANSC4	0.10893127525843946		False	False	False		True	12	27862037		ENSG00000087494	ENSG00000087494	osteoarthritis, hip	CODING	expert curated	High	81801.0
ENSG00000120659_bladder_calculus_nan	NearestGene	DGKH	0.10249367101581477		False	False	False		True	13	42127603		ENSG00000120659	ENSG00000120659	bladder calculus	CODING	expert curated	High	87567.0
ENSG00000169208_diet_measurement_nan	NearestGene	OR10G3	0.49795837068021115		False	False	False		True	14	21569994		ENSG00000169208	ENSG00000169208	diet measurement	CODING	expert curated	High	10082.0
ENSG00000133937_balding_measurement_nan	NearestGene	GSC	0.9289363678588016		False	False	False		True	14	94770878		ENSG00000133937	ENSG00000133937	balding measurement	CODING	expert curated	High	765.0
ENSG00000104044_skin_carcinoma_nan	NearestGene	OCA2	0.08050622313104804		False	False	False		True	15	27985101		ENSG00000104044	ENSG00000104044	skin carcinoma	CODING	expert curated	High	114214.0
ENSG00000104044_skin_pigmentation_nan	NearestGene	HERC2	0.2350286734981668		False	False	False		True	15	28289631		ENSG00000104044	ENSG00000104044	skin pigmentation	CODING	expert curated	High	32548.0
ENSG00000140285_multinodular_goiter_nan	NearestGene	FGF7	0.5258452963138245		False	False	False		True	15	49414220		ENSG00000140285	ENSG00000140285	multinodular goiter	CODING	expert curated	High	9017.0
ENSG00000137834_peripheral_nervous_s_nan	NearestGene	SMAD6	0.19905251005215177		False	False	False		True	15	66742474		ENSG00000137834	ENSG00000137834	peripheral nervous system disease	CODING	expert curated	High	40238.0
ENSG00000140465_coffee_consumption_nan	NearestGene	CYP1A1	0.4999250112483127		False	False	False		True	15	74735539		ENSG00000140465	ENSG00000140465	coffee consumption	CODING	expert curated	High	10003.0
ENSG00000140505_coffee_consumption_nan	NearestGene	CYP1A1	0.4999250112483127		False	False	False		True	15	74735539		ENSG00000140505	ENSG00000140505	coffee consumption	CODING	expert curated	High	10003.0
ENSG00000140470_peripheral_nervous_s_nan	NearestGene	ADAMTS17	0.05018644263438675		False	False	False		True	15	100152748		ENSG00000140470	ENSG00000140470	peripheral nervous system disease	CODING	expert curated	High	189257.0
ENSG00000078328_Myopia_nan	NearestGene				False	False	False		False	16	7409346		ENSG00000078328	ENSG00000078328	Myopia	CODING	expert curated	High	
UMOD_nephrolithiasis_nan	NearestGene	UMOD	0.8996041741633681	1.0	True	True	True	0.8996041741633681	True	16	20355185		ENSG00000169344	UMOD	nephrolithiasis	CODING	expert curated	High	1116.0
ENSG00000140905_glycine_measurement_nan	NearestGene	C16orf46	0.9969095803010666		False	False	False		True	16	81077298		ENSG00000140905	ENSG00000140905	glycine measurement	CODING	expert curated	High	31.0
ENSG00000179588_plateletcrit_nan	NearestGene	ZFPM1	0.19995600967787086		False	False	False		True	16	88493291		ENSG00000179588	ENSG00000179588	plateletcrit	CODING	expert curated	High	40011.0
ENSG00000258839_hair_color_nan	NearestGene	RP11-566K11.2	0.9666505558240697		False	False	False		True	16	89919510		ENSG00000258839	ENSG00000258839	hair color	CODING	expert curated	High	345.0
ENSG00000258839_nan_nan	NearestGene	RP11-566K11.2	0.9113278046113188		False	False	False		True	16	89920138		ENSG00000258839	ENSG00000258839		CODING	expert curated	High	973.0
ENSG00000007168_plateletcrit_nan	NearestGene	HIC1	0.9018759018759018		False	False	False		True	17	2055242		ENSG00000007168	ENSG00000007168	plateletcrit	CODING	expert curated	High	1088.0
TP53_skin_carcinoma_nan	NearestGene	WRAP53	0.3618337735644245		False	False	False		True	17	7668434		ENSG00000141510	TP53	skin carcinoma	CODING	expert curated	High	17637.0
ENSG00000167941_bone_fracture_nan	NearestGene	SOST	0.21139861322509726		False	False	False		True	17	43721487		ENSG00000167941	ENSG00000167941	bone fracture	CODING	expert curated	High	37304.0
ENSG00000121075_heel_bone_mineral_de_nan	NearestGene	BCAS3	0.03581867155710929		False	False	False		True	17	60946637		ENSG00000121075	ENSG00000121075	heel bone mineral density	CODING	expert curated	High	269184.0
ENSG00000177150_heel_bone_mineral_de_nan	NearestGene	RNMT	0.5831243804303458		False	False	False		True	18	13719511		ENSG00000177150	ENSG00000177150	heel bone mineral density	CODING	expert curated	High	7149.0
MC4R_lean_body_mass_nan	NearestGene	MC4R	0.05023081057459024	1.0	True	True	True	0.05023081057459024	True	18	60183694		ENSG00000166603	MC4R	lean body mass	CODING	expert curated	High	189081.0
ENSG00000141655_heel_bone_mineral_de_nan	NearestGene	TNFRSF11A	0.13824184027537775		False	False	False		True	18	62387624		ENSG00000141655	ENSG00000141655	heel bone mineral density	CODING	expert curated	High	62337.0
ENSG00000142303_peripheral_nervous_s_nan	NearestGene	ADAMTS10	0.6462870807212564		False	False	False		True	19	8605262		ENSG00000142303	ENSG00000142303	peripheral nervous system disease	CODING	expert curated	High	5473.0
LDLR_low_density_lipoprot_nan	NearestGene	LDLR	0.4383273428596476	1.0	True	True	True	0.4383273428596476	True	19	11076648		ENSG00000130164	LDLR	low density lipoprotein cholesterol measurement	REGULATORY	expert curated	High	12814.0
APOE_diet_measurement_nan	NearestGene	APOE	0.7756146746296441	1.0	True	True	True	0.7756146746296441	True	19	44908684		ENSG00000130203	APOE	diet measurement	CODING	expert curated	High	2893.0
APOE_simvastatin_nan	NearestGene	APOE	0.7049700387733522	1.0	True	True	True	0.7049700387733522	True	19	44909976		ENSG00000130203	APOE	simvastatin	CODING	expert curated	High	4185.0
ENSG00000176920_bringing_up_phlegm,__nan	NearestGene	FUT2	0.5817674093897259		False	False	False		True	19	48703160		ENSG00000176920	ENSG00000176920	bringing up phlegm, sputum or mucus on most days, self-reported	CODING	expert curated	High	7189.0
ENSG00000105550_Abnormal_urine_sodiu_nan	NearestGene	FGF21	0.9304056568663938		False	False	False		True	19	48756272		ENSG00000105550	ENSG00000105550	Abnormal urine sodium concentration	CODING	expert curated	High	748.0
ENSG00000105550_diet_measurement_nan	NearestGene	FGF21	0.9304056568663938		False	False	False		True	19	48756272		ENSG00000105550	ENSG00000105550	diet measurement	CODING	expert curated	High	748.0
ENSG00000115380_peripheral_nervous_s_nan	NearestGene	PNPT1	0.10164254350300862		False	False	False		True	2	55782247		ENSG00000115380	ENSG00000115380	peripheral nervous system disease	CODING	expert curated	High	88384.0
ENSG00000115850_diet_measurement_nan	NearestGene	DARS1	0.21887585361582912		False	False	False		True	2	135950412		ENSG00000115850	ENSG00000115850	diet measurement	CODING	expert curated	High	35688.0
ENSG00000021826_glycine_measurement_nan	NearestGene	CPS1	0.047472335496489416		False	False	False		True	2	210678331		ENSG00000021826	ENSG00000021826	glycine measurement	CODING	expert curated	High	200649.0
ENSG00000241635_bilirubin_measuremen_nan	NearestGene	UGT1A1	0.7970667941973538		False	False	False		True	2	233762816		ENSG00000241635	ENSG00000241635	bilirubin measurement	REGULATORY	expert curated	High	2546.0
ENSG00000125845_lean_body_mass_nan	NearestGene	BMP2	0.20620682544592225		False	False	False		True	20	6729191		ENSG00000125845	ENSG00000125845	lean body mass	CODING	expert curated	High	38495.0
ENSG00000125798_multinodular_goiter_nan	NearestGene	FOXA2	0.14418779017792774		False	False	False		True	20	22644809		ENSG00000125798	ENSG00000125798	multinodular goiter	CODING	expert curated	High	59354.0
ENSG00000101440_suntan_nan	NearestGene	EIF2S2	0.225728538859168		False	False	False		True	20	34077942		ENSG00000101440	ENSG00000101440	suntan	CODING	expert curated	High	34301.0
ENSG00000101000_deep_vein_thrombosis_nan	NearestGene	EDEM2	0.4858614323195024		False	False	False		True	20	35136754		ENSG00000101000	ENSG00000101000	deep vein thrombosis	CODING	expert curated	High	10582.0
ENSG00000125965_lean_body_mass_nan	NearestGene	GDF5	0.3735524841240194		False	False	False		True	20	35437976		ENSG00000125965	ENSG00000125965	lean body mass	CODING	expert curated	High	16770.0
ENSG00000101162_plateletcrit_nan	NearestGene	TUBB1	0.7414547341884777		False	False	False		True	20	59022916		ENSG00000101162	ENSG00000101162	plateletcrit	CODING	expert curated	High	3487.0
ENSG00000159216_plateletcrit_nan	NearestGene	CLIC6	0.02758955569779504		False	False	False		True	21	35021450		ENSG00000159216	ENSG00000159216	plateletcrit	CODING	expert curated	High	352456.0
ENSG00000159261_nephrolithiasis_nan	NearestGene	CHAF1B	0.14048692769137833		False	False	False		True	21	36446573		ENSG00000159261	ENSG00000159261	nephrolithiasis	CODING	expert curated	High	61181.0
ENSG00000093010_blood_metabolite_mea_nan	NearestGene	TXNRD2	0.3132047105988474		False	False	False		True	22	19963748		ENSG00000093010	ENSG00000093010	blood metabolite measurement	REGULATORY	expert curated	High	21928.0
ENSG00000128271_coffee_consumption_nan	NearestGene	ADORA2A	0.19270793185847532		False	False	False		True	22	24375987		ENSG00000128271	ENSG00000128271	coffee consumption	CODING	expert curated	High	41892.0
PNPLA3_liver_disease_nan	NearestGene	PNPLA3	0.6640988179041041	1.0	True	True	True	0.6640988179041041	True	22	43928850		ENSG00000100344	PNPLA3	liver disease	CODING	expert curated	High	5058.0
ENSG00000100299_blood_metabolite_mea_nan	NearestGene	ARSA	0.7619628162145687		False	False	False		True	22	50625049		ENSG00000100299	ENSG00000100299	blood metabolite measurement	REGULATORY	expert curated	High	3124.0
ENSG00000144908_glycine_measurement_nan	NearestGene	ALDH1L1	0.6076810889645115		False	False	False		True	3	126191538		ENSG00000144908	ENSG00000144908	glycine measurement	CODING	expert curated	High	6456.0
ENSG00000179348_plateletcrit_nan	NearestGene	GATA2	0.4961548002976928		False	False	False		True	3	128483046		ENSG00000179348	ENSG00000179348	plateletcrit	CODING	expert curated	High	10155.0
ENSG00000090534_plateletcrit_nan	NearestGene	CHRD	0.5675691015381122		False	False	False		True	3	184372454		ENSG00000090534	ENSG00000090534	plateletcrit	CODING	expert curated	High	7619.0
ENSG00000145321_vitamin_D_measuremen_nan	NearestGene	GC	0.15269273640652914		False	False	False		True	4	71748550		ENSG00000145321	ENSG00000145321	vitamin D measurement	REGULATORY	expert curated	High	55491.0
ENSG00000196616_alcohol_consumption__nan	NearestGene	ADH1A	0.26911380822950026		False	False	False		True	4	99318162		ENSG00000196616	ENSG00000196616	alcohol consumption measurement	CODING	expert curated	High	27159.0
ENSG00000088926_deep_vein_thrombosis_nan	NearestGene	F11	0.9301460329271696		False	False	False		True	4	186266940		ENSG00000088926	ENSG00000088926	deep vein thrombosis	CODING	expert curated	High	751.0
ENSG00000164175_skin_pigmentation_nan	NearestGene	RXFP3	0.3967939052456154		False	False	False		True	5	33951588		ENSG00000164175	ENSG00000164175	skin pigmentation	CODING	expert curated	High	15202.0
ENSG00000113161_total_cholesterol_me_nan	NearestGene	HMGCR	0.2908244874218409		False	False	False		True	5	75360714		ENSG00000113161	ENSG00000113161	total cholesterol measurement	REGULATORY	expert curated	High	24385.0
ENSG00000155511_schizophrenia_nan	NearestGene	GRIA1	0.036960924910184954		False	False	False		True	5	153229059		ENSG00000155511	ENSG00000155511	schizophrenia	CODING	expert curated	High	260556.0
ENSG00000164330_balding_measurement_nan	NearestGene	EBF1	0.05182555518125988		False	False	False		True	5	158916961		ENSG00000164330	ENSG00000164330	balding measurement	CODING	expert curated	High	182955.0
ENSG00000131183_nephrolithiasis_nan	NearestGene	SLC34A1	0.6156119182467372		False	False	False		True	5	177372991		ENSG00000131183	ENSG00000131183	nephrolithiasis	CODING	expert curated	High	6244.0
ENSG00000137265_suntan_nan	NearestGene	IRF4	0.6863889079552474		False	False	False		True	6	396321		ENSG00000137265	ENSG00000137265	suntan	CODING	expert curated	High	4569.0
ENSG00000153162_lean_body_mass_nan	NearestGene	BMP6	0.3297283038776049		False	False	False		True	6	7705771		ENSG00000153162	ENSG00000153162	lean body mass	CODING	expert curated	High	20328.0
HFE_iron_biomarker_measu_nan	NearestGene	HFE	0.6397134083930398	1.0	True	True	True	0.6397134083930398	True	6	26092913		ENSG00000010704	HFE	iron biomarker measurement	CODING	expert curated	High	5632.0
ENSG00000112175_osteoarthritis,_hip_nan	NearestGene	BMP5	0.08814611099358297		False	False	False		True	6	55772142		ENSG00000112175	ENSG00000112175	osteoarthritis, hip	CODING	expert curated	High	103448.0
ENSG00000056972_psoriasis_nan	NearestGene	TRAF3IP2	0.8508465923593976		False	False	False		True	6	111608659		ENSG00000056972	ENSG00000056972	psoriasis	CODING	expert curated	High	1753.0
ENSG00000146374_bone_fracture_nan	NearestGene	RSPO3	0.26002392220084247		False	False	False		True	6	127147129		ENSG00000146374	ENSG00000146374	bone fracture	CODING	expert curated	High	28458.0
ENSG00000106546_coffee_consumption_nan	NearestGene	RP11-507K12.1	0.1554194771688788		False	False	False		True	7	17244953		ENSG00000106546	ENSG00000106546	coffee consumption	CODING	expert curated	High	54342.0
ENSG00000122691_Ischemic_stroke_nan	NearestGene	TWIST1	0.08483850989641217		False	False	False		True	7	19009765		ENSG00000122691	ENSG00000122691	Ischemic stroke	CODING	expert curated	High	107871.0
ENSG00000146733_glycine_measurement_nan	NearestGene	PSPH	0.1991912833894389		False	False	False		True	7	56011401		ENSG00000146733	ENSG00000146733	glycine measurement	CODING	expert curated	High	40203.0
ENSG00000170615_hearing_loss_nan	NearestGene	SLC26A5	0.2871170576243935		False	False	False		True	7	103421378		ENSG00000170615	ENSG00000170615	hearing loss	CODING	expert curated	High	24829.0
ENSG00000002745_heel_bone_mineral_de_nan	NearestGene	WNT16	0.7543184732594101		False	False	False		True	7	121322110		ENSG00000002745	ENSG00000002745	heel bone mineral density	CODING	expert curated	High	3257.0
ENSG00000179603_worry_measurement_nan	NearestGene	GRM8	0.019072867891780546		False	False	False		True	7	126738788		ENSG00000179603	ENSG00000179603	worry measurement	CODING	expert curated	High	514305.0
ENSG00000257138_alcohol_consumption__nan	NearestGene	TAS2R38	0.9777082518576458		False	False	False		True	7	141973545		ENSG00000257138	ENSG00000257138	alcohol consumption measurement	CODING	expert curated	High	228.0
ENSG00000243896_diet_measurement_nan	NearestGene	OR2A5	0.3039144176999757		False	False	False		True	7	144026044		ENSG00000243896	ENSG00000243896	diet measurement	CODING	expert curated	High	22904.0
ENSG00000169946_plateletcrit_nan	NearestGene	OXR1	0.014067784211444423		False	False	False		True	8	105569300		ENSG00000169946	ENSG00000169946	plateletcrit	CODING	expert curated	High	700844.0
ENSG00000178445_glycine_measurement_nan	NearestGene	GLDC	0.0946029043091623		False	False	False		True	9	6550024		ENSG00000178445	ENSG00000178445	glycine measurement	CODING	expert curated	High	95705.0
ENSG00000173068_skin_pigmentation_nan	NearestGene	BNC2	0.41363335539377893		False	False	False		True	9	16885019		ENSG00000173068	ENSG00000173068	skin pigmentation	CODING	expert curated	High	14176.0
ENSG00000147889_coronary_artery_dise_nan	NearestGene	CDKN2B	0.10073536818777074		False	False	False		True	9	22098575		ENSG00000147889	ENSG00000147889	coronary artery disease	CODING	expert curated	High	89270.0
ENSG00000147883_coronary_artery_dise_nan	NearestGene	CDKN2B	0.10073536818777074		False	False	False		True	9	22098575		ENSG00000147883	ENSG00000147883	coronary artery disease	CODING	expert curated	High	89270.0
ENSG00000178919_multinodular_goiter_nan	NearestGene	FOXE1	0.114892345871918		False	False	False		True	9	97776188		ENSG00000178919	ENSG00000178919	multinodular goiter	CODING	expert curated	High	77038.0
ENSG00000136944_osteoarthritis,_hip_nan	NearestGene	LMX1B	0.4841911586694428		False	False	False		True	9	126624581		ENSG00000136944	ENSG00000136944	osteoarthritis, hip	CODING	expert curated	High	10653.0
ENSG00000175164_deep_vein_thrombosis_nan	NearestGene	ABO	0.5535872453498671		False	False	False		True	9	133267960		ENSG00000175164	ENSG00000175164	deep vein thrombosis	CODING	expert curated	High	8064.0
ENSG00000169083_balding_measurement_nan	NearestGene	AR	0.09680823257209792		False	False	False		True	X	67450724		ENSG00000169083	ENSG00000169083	balding measurement	CODING	expert curated	High	93297.0
ENSG00000106633_D-Glucose_6975024	NearestGene	GCK	0.6296039790971478		False	False	False		True	7	44192287	rs6975024	ENSG00000106633	ENSG00000106633	D-Glucose	REGULATORY	expert curated	High	5883.0
ENSG00000134640_D-Glucose_10830963	NearestGene	MTNR1B	0.6292078273453721		False	False	False		True	11	92975544	rs10830963	ENSG00000134640	ENSG00000134640	D-Glucose	REGULATORY	expert curated	High	5893.0
ENSG00000109667_Uric_acid_12498742	NearestGene	SLC2A9	0.08162732229731937		False	False	False		True	4	9942428	rs12498742	ENSG00000109667	ENSG00000109667	Uric acid	REGULATORY	expert curated	High	112508.0
ENSG00000132170_Cholesterol_7616006	NearestGene	PPARG	0.14040999719180006		False	False	False		True	3	12226148	rs7616006	ENSG00000132170	ENSG00000132170	Cholesterol	REGULATORY	expert curated	High	61220.0
ENSG00000198670_Cholesterol_10455872	NearestGene	LPA	0.11738604749439481		False	False	False		True	6	160589086	rs10455872	ENSG00000198670	ENSG00000198670	Cholesterol	REGULATORY	expert curated	High	75189.0
ENSG00000087237_high_density_lipopro_247616	NearestGene	CETP	0.6155740227762388		False	False	False		True	16	56955678	rs247616	ENSG00000087237	ENSG00000087237	high density lipoprotein cholesterol measurement	REGULATORY	expert curated	High	6245.0
ENSG00000169174_low_density_lipoprot_11591147	NearestGene	PCSK9	0.9499382540134892		False	False	False		True	1	55039974	rs11591147	ENSG00000169174	ENSG00000169174	low density lipoprotein cholesterol measurement	REGULATORY	expert curated	High	527.0
ENSG00000084674_low_density_lipoprot_1367117	NearestGene	APOB	0.7665772326561902		False	False	False		True	2	21041028	rs1367117	ENSG00000084674	ENSG00000084674	low density lipoprotein cholesterol measurement	REGULATORY	expert curated	High	3045.0
ENSG00000130164_low_density_lipoprot_6511720	NearestGene	LDLR	0.8218277449046679		False	False	False		True	19	11091630	rs6511720	ENSG00000130164	ENSG00000130164	low density lipoprotein cholesterol measurement	REGULATORY	expert curated	High	2168.0
ENSG00000132855_triglyceride_measure_4587594	NearestGene	DOCK7	0.331928170743851		False	False	False		True	1	62668259	rs4587594	ENSG00000132855	ENSG00000132855	triglyceride measurement	REGULATORY	expert curated	High	20127.0
ENSG00000000971_C3f,_complement_C3_d_7535263	NearestGene	CFH	0.14050271872760736		False	False	False		True	1	196713216	rs7535263	ENSG00000000971	ENSG00000000971	C3f, complement C3 derived peptide	REGULATORY	expert curated	High	61173.0
ENSG00000010704_Iron_1800562	NearestGene	HFE	0.6397134083930398		False	False	False		True	6	26092913	rs1800562	ENSG00000010704	ENSG00000010704	Iron	REGULATORY	expert curated	High	5632.0
ENSG00000169174_Hypercholesterolemia_nan	NearestGene	PCSK9	0.3600489666594657		False	False	False		True	1	55021673		ENSG00000169174	ENSG00000169174	Hypercholesterolemia	REGULATORY	drug	High	17774.0
ENSG00000169174_Disorder_of_lipid_me_nan	NearestGene	PCSK9	0.390960982093987		False	False	False		True	1	55023869		ENSG00000169174	ENSG00000169174	Disorder of lipid metabolism	REGULATORY	drug	High	15578.0
ENSG00000169174_coronary_artery_dise_nan	NearestGene	PCSK9	0.524081547088727		False	False	False		True	1	55030366		ENSG00000169174	ENSG00000169174	coronary artery disease	CODING	drug	High	9081.0
ENSG00000169174_cardiovascular_syste_nan	NearestGene	PCSK9	0.9499382540134892		False	False	False		True	1	55039974		ENSG00000169174	ENSG00000169174	cardiovascular system disease	CODING	drug	High	527.0
ENSG00000132170_diabetes_mellitus_nan	NearestGene	PPARG	0.9160864785635765		False	False	False		True	3	12288284		ENSG00000132170	ENSG00000132170	diabetes mellitus	REGULATORY	drug	High	916.0
ENSG00000132170_type_II_diabetes_mel_nan	NearestGene	PPARG	0.9160864785635765		False	False	False		True	3	12288284		ENSG00000132170	ENSG00000132170	type II diabetes mellitus	REGULATORY	drug	High	916.0
ENSG00000096968_polycythemia_vera_nan	NearestGene	JAK2	0.13386522449198146		False	False	False		True	9	5049092		ENSG00000096968	ENSG00000096968	polycythemia vera	REGULATORY	drug	High	64702.0
ENSG00000187486_type_II_diabetes_mel_nan	NearestGene	KCNJ11	0.8016674683341349		False	False	False		True	11	17386857		ENSG00000187486	ENSG00000187486	type II diabetes mellitus	REGULATORY	functional observational	High	2474.0
ENSG00000134640_type_II_diabetes_mel_nan	NearestGene	MTNR1B	0.2280917841339355		False	False	False		True	11	92935809		ENSG00000134640	ENSG00000134640	type II diabetes mellitus	REGULATORY	functional observational	High	33842.0
ENSG00000135100_type_II_diabetes_mel_nan	NearestGene	SPPL3	0.41064388961892245		False	False	False		True	12	120890006		ENSG00000135100	ENSG00000135100	type II diabetes mellitus	REGULATORY	functional observational	High	14352.0
ENSG00000166603_type_II_diabetes_mel_nan	NearestGene	MC4R	0.0472574158699854		False	False	False		True	18	60171168		ENSG00000166603	ENSG00000166603	type II diabetes mellitus	REGULATORY	functional observational	High	201607.0
ENSG00000130203_type_II_diabetes_mel_nan	NearestGene	TOMM40	0.8641548565502938		False	False	False		True	19	44888997		ENSG00000130203	ENSG00000130203	type II diabetes mellitus	REGULATORY	functional observational	High	1572.0
ENSG00000100344_type_II_diabetes_mel_nan	NearestGene	PNPLA3	0.6642311524410495		False	False	False		True	22	43928847		ENSG00000100344	ENSG00000100344	type II diabetes mellitus	REGULATORY	functional observational	High	5055.0
ENSG00000106633_type_II_diabetes_mel_nan	NearestGene	MYL7	0.6221226825930073		False	False	False		True	7	44135258		ENSG00000106633	ENSG00000106633	type II diabetes mellitus	REGULATORY	functional observational	High	6074.0
ENSG00000177508_obesity_nan	NearestGene	RPGRIP1L	0.13679142044210987		False	False	False		True	16	53767042		ENSG00000177508	ENSG00000177508	obesity	REGULATORY	functional observational|functional experimental	High	63104.0
ENSG00000145335_Parkinson's_disease_nan	NearestGene	SNCA	0.07583513441777576		False	False	False		True	4	89716450		ENSG00000145335	ENSG00000145335	Parkinson's disease	REGULATORY	functional observational	High	121865.0
ENSG00000132855_lipid_measurement_nan	NearestGene	DOCK7	0.5371146202599635		False	False	False		True	1	62679768		ENSG00000132855	ENSG00000132855	lipid measurement	REGULATORY	functional observational|functional experimental	High	8618.0
ENSG00000169174_low_density_lipoprot_nan	NearestGene	PCSK9	0.9499382540134892		False	False	False		True	1	55039974		ENSG00000169174	ENSG00000169174	low density lipoprotein cholesterol measurement	REGULATORY	expert curated	High	527.0
ENSG00000134242_rheumatoid_arthritis_nan	NearestGene	RSBN1	0.3079765937788728		False	False	False		True	1	113834946		ENSG00000134242	ENSG00000134242	rheumatoid arthritis	REGULATORY	expert curated	High	22470.0
ENSG00000169344_nephrolithiasis_nan	NearestGene	UMOD	0.8996041741633681		False	False	False		True	16	20355185		ENSG00000169344	ENSG00000169344	nephrolithiasis	CODING	expert curated	High	1116.0
ENSG00000141510_skin_carcinoma_nan	NearestGene	WRAP53	0.3618337735644245		False	False	False		True	17	7668434		ENSG00000141510	ENSG00000141510	skin carcinoma	CODING	expert curated	High	17637.0
ENSG00000166603_lean_body_mass_nan	NearestGene	MC4R	0.05023081057459024		False	False	False		True	18	60183694		ENSG00000166603	ENSG00000166603	lean body mass	CODING	expert curated	High	189081.0
ENSG00000130164_low_density_lipoprot_nan	NearestGene	LDLR	0.4383273428596476		False	False	False		True	19	11076648		ENSG00000130164	ENSG00000130164	low density lipoprotein cholesterol measurement	REGULATORY	expert curated	High	12814.0
ENSG00000130203_diet_measurement_nan	NearestGene	APOE	0.7756146746296441		False	False	False		True	19	44908684		ENSG00000130203	ENSG00000130203	diet measurement	CODING	expert curated	High	2893.0
ENSG00000130203_simvastatin_nan	NearestGene	APOE	0.7049700387733522		False	False	False		True	19	44909976		ENSG00000130203	ENSG00000130203	simvastatin	CODING	expert curated	High	4185.0
ENSG00000100344_liver_disease_nan	NearestGene	PNPLA3	0.6640988179041041		False	False	False		True	22	43928850		ENSG00000100344	ENSG00000100344	liver disease	REGULATORY	expert curated	High	5058.0
ENSG00000010704_iron_biomarker_measu_nan	NearestGene	HFE	0.6397134083930398		False	False	False		True	6	26092913		ENSG00000010704	ENSG00000010704	iron biomarker measurement	REGULATORY	expert curated	High	5632.0
nan_Urate_levels_2231142	NearestGene				False	False	False		False	4	88131171	rs2231142			Urate levels	REGULATORY			
nan_Total_Cholesterol_558971	NearestGene				False	False	False		False	1	234717659	rs558971			Total Cholesterol	REGULATORY			
nan_Cholesterol,_total_2287623	NearestGene				False	False	False		False	2	168973645	rs2287623			Cholesterol, total	REGULATORY			
nan_Total_Cholesterol_7616006	NearestGene				False	False	False		False	3	12226148	rs7616006			Total Cholesterol	REGULATORY			
nan_HDL_Cholesterol_1883025	NearestGene				False	False	False		False	9	104902020	rs1883025			HDL Cholesterol	REGULATORY			
nan_HDL_Cholesterol_3847502	NearestGene				False	False	False		False	11	47312134	rs3847502			HDL Cholesterol	REGULATORY			
